{
"type": "FeatureCollection",
"name": "sql_statement",
"crs": { "type": "name", "properties": { "name": "urn:ogc:def:crs:OGC:1.3:CRS84" } },
"features": [
{ "type": "Feature", "properties": { "gid": 7, "administrative_level": 4, "admin_level_name": "Barangay level 4", "shape0": "philippines", "shape1": "Eastern Visayas", "shape2": "Southern Leyte", "shape3": "Silago", "shape4": "Catmon", "serial_id": 7, "style_info": null, "view_zoom_rotate": null, "travel_via": null, "bearing_angle": null, "bearing_distance": null, "created_at": "2026-09-25T07:28:23.480Z", "modified_at": "2026-09-25T07:28:23.481Z", "geocoded_address": null, "properties": null }, "geometry": { "type": "MultiPolygon", "coordinates": [ [ [ [ 125.086549633000118, 10.528131056000062 ], [ 125.088762616000054, 10.525144257000022 ], [ 125.092729596000027, 10.522510425000064 ], [ 125.09569758300006, 10.52124350100007 ], [ 125.099481563000055, 10.518424683000033 ], [ 125.101259169000073, 10.515032627000039 ], [ 125.101259543000097, 10.515031914000073 ], [ 125.101304535000054, 10.513322034000057 ], [ 125.102487527000122, 10.511885131000042 ], [ 125.107316492000109, 10.50660748100006 ], [ 125.109750471000112, 10.503004724000048 ], [ 125.111978448000073, 10.498961999000073 ], [ 125.114015426000037, 10.495136259000049 ], [ 125.118516387000113, 10.488545705000037 ], [ 125.122491342000117, 10.480417260000024 ], [ 125.124536318000082, 10.47597256400007 ], [ 125.127748270000083, 10.466779198000038 ], [ 125.128953245000048, 10.46195853200004 ], [ 125.131837200000064, 10.453197137000073 ], [ 125.135766155000056, 10.445032696000053 ], [ 125.128374181000041, 10.447215575000026 ], [ 125.119676212000073, 10.450187403000028 ], [ 125.114175231000104, 10.451754316000065 ], [ 125.106561255000102, 10.453339238000067 ], [ 125.099779270000113, 10.453645246000065 ], [ 125.091684280000109, 10.451771414000063 ], [ 125.083940276000021, 10.447144775000027 ], [ 125.07505225500006, 10.438244441000052 ], [ 125.07543329300006, 10.446749839000065 ], [ 125.071382405, 10.470135209000034 ], [ 125.061708564000014, 10.500926082000037 ], [ 125.058282625000075, 10.512775262000048 ], [ 125.052597680000062, 10.52224262100003 ], [ 125.067408058000069, 10.52516722700005 ], [ 125.068503552000038, 10.524387102000047 ], [ 125.070279581000037, 10.52521702100006 ], [ 125.077661680000119, 10.525729142000044 ], [ 125.081215201000091, 10.530571814000039 ], [ 125.081215679000024, 10.530572466000022 ], [ 125.086549633000118, 10.528131056000062 ] ] ] ] } },
{ "type": "Feature", "properties": { "gid": 1, "administrative_level": 4, "admin_level_name": "Barangay level 4", "shape0": "philippines", "shape1": "Eastern Visayas", "shape2": "Southern Leyte", "shape3": "Silago", "shape4": "Balagawan", "serial_id": 1, "style_info": null, "view_zoom_rotate": null, "travel_via": null, "bearing_angle": null, "bearing_distance": null, "created_at": "2026-09-25T07:28:23.480Z", "modified_at": "2026-09-25T07:28:23.481Z", "geocoded_address": null, "properties": null }, "geometry": { "type": "MultiPolygon", "coordinates": [ [ [ [ 125.188926697000056, 10.475317001000063 ], [ 125.189180158000127, 10.474872353000022 ], [ 125.189796448000038, 10.474829674000034 ], [ 125.190513611000043, 10.474902153000071 ], [ 125.190970079000053, 10.475115253000071 ], [ 125.190939827000093, 10.475177399000074 ], [ 125.19104234200006, 10.475175413000043 ], [ 125.191027870000084, 10.475141608000056 ], [ 125.191018169000017, 10.47513083900003 ], [ 125.191000235000047, 10.475124179000034 ], [ 125.190989175000041, 10.475116126000044 ], [ 125.190978148000113, 10.475113485000067 ], [ 125.190962967000033, 10.475106809000065 ], [ 125.190956052000047, 10.475101437000035 ], [ 125.190957378, 10.475093309000044 ], [ 125.190961456000082, 10.475085164000062 ], [ 125.190961414000057, 10.475078398000054 ], [ 125.190955859000042, 10.475070311000026 ], [ 125.190947559000051, 10.475063593000073 ], [ 125.19091035800011, 10.475057050000029 ], [ 125.190893792000111, 10.475049029000045 ], [ 125.190877218000082, 10.475039655000044 ], [ 125.190867517000015, 10.475028886000073 ], [ 125.190848157000104, 10.47501411500002 ], [ 125.190841259000095, 10.475011450000064 ], [ 125.190837417000012, 10.475006295000068 ], [ 125.190839832000066, 10.475003338000022 ], [ 125.190852210000131, 10.475001910000062 ], [ 125.190872762000026, 10.474986900000033 ], [ 125.190885123000058, 10.474982765000052 ], [ 125.190898886, 10.474982683000066 ], [ 125.19091267400006, 10.47498666000007 ], [ 125.190941601000091, 10.474990547000059 ], [ 125.190955338000094, 10.474986404000049 ], [ 125.190973112000052, 10.474967350000043 ], [ 125.190994914000058, 10.474932031000035 ], [ 125.191001602000028, 10.474900864000064 ], [ 125.191005655000026, 10.474888659000042 ], [ 125.191015147000044, 10.47486559400005 ], [ 125.191017823000053, 10.474853398000047 ], [ 125.1910287070001, 10.474833032000049 ], [ 125.191032760000084, 10.474820827000029 ], [ 125.19103678000009, 10.474803209000074 ], [ 125.191035362000093, 10.474796451000033 ], [ 125.191036413, 10.474789217000021 ], [ 125.191090104000082, 10.474524641000071 ], [ 125.191091396000033, 10.474511099000038 ], [ 125.19113152400007, 10.474324092000073 ], [ 125.191134260000013, 10.474321369000053 ], [ 125.191136937000024, 10.474309172000062 ], [ 125.191141032000019, 10.474303734000046 ], [ 125.191147813000029, 10.474287453000043 ], [ 125.191147704000059, 10.474269859000062 ], [ 125.191144917000088, 10.474264463000054 ], [ 125.191144859000033, 10.474254989000029 ], [ 125.191161265000105, 10.474237297000057 ], [ 125.191168079000022, 10.474226429000051 ], [ 125.191172149000053, 10.474216931000058 ], [ 125.19117345800008, 10.474206096000046 ], [ 125.191182966000042, 10.47418573800007 ], [ 125.191184266000036, 10.474173550000048 ], [ 125.191182831000106, 10.474164085000037 ], [ 125.191175891000071, 10.474154653000024 ], [ 125.191174320000073, 10.474123330000054 ], [ 125.191184910000047, 10.474055597000072 ], [ 125.191188796, 10.474016326000024 ], [ 125.19119545, 10.473979745000063 ], [ 125.191203523, 10.473949922000033 ], [ 125.191206174000058, 10.473933665000061 ], [ 125.191204613000082, 10.473903900000035 ], [ 125.191197446000047, 10.473857928000029 ], [ 125.191208557000095, 10.473824206000069 ], [ 125.191213501000121, 10.473759575000031 ], [ 125.191213041000083, 10.473714502000066 ], [ 125.191214524000088, 10.473706596000055 ], [ 125.191217535000092, 10.473693936000076 ], [ 125.191228393000074, 10.473670122000044 ], [ 125.19124694900006, 10.473614455000076 ], [ 125.191261829000055, 10.473609574000021 ], [ 125.191269268000056, 10.473603475000058 ], [ 125.191271747000101, 10.473598597000034 ], [ 125.191271744000119, 10.473587622000025 ], [ 125.191268022000031, 10.473572989000044 ], [ 125.191264299000068, 10.473568113000056 ], [ 125.191255618000014, 10.473564456000076 ], [ 125.19124817600003, 10.473558361000073 ], [ 125.191246934000105, 10.473553483000044 ], [ 125.191249413000037, 10.473548605000078 ], [ 125.191259331000083, 10.473537628000029 ], [ 125.191259330000094, 10.473531531000045 ], [ 125.191251738000119, 10.473519975000045 ], [ 125.191248192000103, 10.473497952000058 ], [ 125.191244840000095, 10.473488541000053 ], [ 125.191238306000059, 10.473480754000034 ], [ 125.191225504000045, 10.473482522000042 ], [ 125.191217468000104, 10.473477942000045 ], [ 125.191228249000119, 10.473452521000072 ], [ 125.191226379000128, 10.473435204000054 ], [ 125.191229343000018, 10.47341939100005 ], [ 125.191228506000016, 10.473365043000058 ], [ 125.1912265630001, 10.473342997000033 ], [ 125.191229284000102, 10.473311419000025 ], [ 125.191227559000026, 10.473303561000021 ], [ 125.191219446000105, 10.473297373000035 ], [ 125.191217649000023, 10.473284786000022 ], [ 125.19121913100004, 10.47327688000007 ], [ 125.19122687900007, 10.473259420000032 ], [ 125.191226685000075, 10.473246808000056 ], [ 125.191213812000129, 10.47313977500005 ], [ 125.19119863100002, 10.473091118000067 ], [ 125.191196882000099, 10.473081684000018 ], [ 125.191196615000095, 10.473064343000031 ], [ 125.191191393000054, 10.473037615000067 ], [ 125.191191150000023, 10.473021850000066 ], [ 125.191192657000116, 10.473015520000047 ], [ 125.191185588000067, 10.472973051000054 ], [ 125.191193337000087, 10.472955590000026 ], [ 125.191194794000026, 10.472946108000029 ], [ 125.191194576000044, 10.472931919000075 ], [ 125.191189191000035, 10.472894557000073 ], [ 125.191190526000028, 10.472877192000054 ], [ 125.191189943000055, 10.472839357000055 ], [ 125.191182511000093, 10.472773240000036 ], [ 125.191166262000024, 10.472655219000046 ], [ 125.191162911000106, 10.472645807000047 ], [ 125.191156351000032, 10.472636445000035 ], [ 125.19115460400009, 10.472627010000052 ], [ 125.191154287000032, 10.47260651600004 ], [ 125.19116699100006, 10.472598442000049 ], [ 125.191178189000084, 10.472596699000064 ], [ 125.191187735000085, 10.472591826000039 ], [ 125.191195581000102, 10.472580670000069 ], [ 125.191198618000044, 10.472569588000056 ], [ 125.191198399000072, 10.472555400000033 ], [ 125.191193128, 10.472525519000044 ], [ 125.191183121000094, 10.472500438000052 ], [ 125.191176538000022, 10.472489499000062 ], [ 125.191166798000054, 10.472481760000051 ], [ 125.191158758000043, 10.472480302000065 ], [ 125.191150645000121, 10.472474116000058 ], [ 125.191148896000072, 10.472464681000076 ], [ 125.191142265000067, 10.47245058800007 ], [ 125.191130897000122, 10.472441296000056 ], [ 125.191121229000046, 10.472438287000047 ], [ 125.191113019000127, 10.472425794000056 ], [ 125.191109667000077, 10.472416383000052 ], [ 125.191079811, 10.472213583000039 ], [ 125.191083897000112, 10.47220074100005 ], [ 125.191073939000034, 10.472074742000073 ], [ 125.191070587000027, 10.472065331000067 ], [ 125.191073310000078, 10.472033886000077 ], [ 125.191072970000064, 10.472011815000029 ], [ 125.19106942400002, 10.471989792000045 ], [ 125.190989923000089, 10.471721337000076 ], [ 125.190992187, 10.471693437000054 ], [ 125.190985788000035, 10.471671435000076 ], [ 125.190938431000063, 10.471471707000031 ], [ 125.19092627100008, 10.47141764400004 ], [ 125.190924990000099, 10.471403185000042 ], [ 125.190916672000071, 10.471378669000046 ], [ 125.190898433000044, 10.471344275000035 ], [ 125.190874773000019, 10.471327306000035 ], [ 125.190874131000101, 10.471315990000049 ], [ 125.190870293000103, 10.471307190000058 ], [ 125.190863258000036, 10.471296504000064 ], [ 125.190856862000032, 10.471282046000054 ], [ 125.190845989000081, 10.471266332000027 ], [ 125.190842790000033, 10.471254388000034 ], [ 125.190838953000039, 10.471248102000061 ], [ 125.19083959000011, 10.471238043000026 ], [ 125.190827579000043, 10.471221375000029 ], [ 125.190819271, 10.471202577000041 ], [ 125.190802462000079, 10.47115236800005 ], [ 125.190795151000103, 10.471094134000055 ], [ 125.190789978000126, 10.471070559000054 ], [ 125.190752912000107, 10.470954425000061 ], [ 125.190747908000048, 10.470941884000069 ], [ 125.190724930000101, 10.470907536000027 ], [ 125.19069714200009, 10.470873260000076 ], [ 125.190680916000019, 10.470860887000072 ], [ 125.190677848000078, 10.47085520300004 ], [ 125.190664377000076, 10.47083975600003 ], [ 125.190659331, 10.47083072200007 ], [ 125.190643859000033, 10.470800310000072 ], [ 125.190641279000033, 10.47079017200002 ], [ 125.190636121000026, 10.470780035000075 ], [ 125.190630961000011, 10.47075975900003 ], [ 125.190625804000106, 10.470749622000026 ], [ 125.190615484000077, 10.470709071000044 ], [ 125.190610328000034, 10.470698933000049 ], [ 125.190607747000072, 10.470688796000047 ], [ 125.190592277000079, 10.470671057000059 ], [ 125.190576805000077, 10.47064064500006 ], [ 125.190574225000105, 10.470630507000065 ], [ 125.190563910000037, 10.47061023200007 ], [ 125.190561330000037, 10.470600095000064 ], [ 125.190553595000097, 10.47058995800006 ], [ 125.190548438000064, 10.47057982100006 ], [ 125.190535546000106, 10.47056208200007 ], [ 125.190527812000028, 10.470557014000063 ], [ 125.190517501000045, 10.470551947000043 ], [ 125.190486568000111, 10.470541816000036 ], [ 125.190478834000047, 10.470536748000029 ], [ 125.190463364000024, 10.470516475000068 ], [ 125.19045820700002, 10.470506338000062 ], [ 125.190458204000038, 10.470493665000051 ], [ 125.190460779000091, 10.470483526000065 ], [ 125.190476240000081, 10.47046831500006 ], [ 125.190481394, 10.470458175000033 ], [ 125.190489123, 10.470448035000061 ], [ 125.190491698000088, 10.470437896000021 ], [ 125.190491695000105, 10.470425223000065 ], [ 125.190489116000094, 10.47041508500007 ], [ 125.190476222000044, 10.470392276000041 ], [ 125.190463328000064, 10.470364399000061 ], [ 125.190401456000018, 10.470313720000036 ], [ 125.190370517000019, 10.470278243000049 ], [ 125.190357624000058, 10.470255434000022 ], [ 125.190331839, 10.470217421000028 ], [ 125.190326682000091, 10.470207284000027 ], [ 125.190324102000091, 10.470197146000032 ], [ 125.190313787000022, 10.470176871000037 ], [ 125.19031120700005, 10.470166734000031 ], [ 125.190303473000085, 10.470156597000026 ], [ 125.190295738000032, 10.470151529000074 ], [ 125.19026328200006, 10.470156468000027 ], [ 125.190248975000046, 10.470164565000061 ], [ 125.190236018000078, 10.47015581900007 ], [ 125.190234839000027, 10.470146561000034 ], [ 125.190241899000057, 10.470138457000074 ], [ 125.190248958000112, 10.470124567000026 ], [ 125.190251309000018, 10.470115308000061 ], [ 125.190252484000098, 10.470106048000048 ], [ 125.190248949000079, 10.470087531000045 ], [ 125.190241885000091, 10.470078274000057 ], [ 125.190225404000103, 10.470065546000059 ], [ 125.190215986000098, 10.470055132000025 ], [ 125.190207744000091, 10.470041245000061 ], [ 125.190208918000039, 10.470031986000039 ], [ 125.190213626000059, 10.470028513000045 ], [ 125.190219509000045, 10.470020410000075 ], [ 125.190220683, 10.470009993000078 ], [ 125.190219506000062, 10.470005364000031 ], [ 125.190205376000108, 10.469982219000029 ], [ 125.19019595500005, 10.46996254600003 ], [ 125.19015592400001, 10.469903529000019 ], [ 125.190146503000051, 10.469881541000063 ], [ 125.190144147000083, 10.46987228200004 ], [ 125.19014414500009, 10.469865338000035 ], [ 125.190150028000062, 10.469852605000025 ], [ 125.190154734000089, 10.469849132000032 ], [ 125.190170035000051, 10.469849129000066 ], [ 125.190178273000029, 10.469843340000068 ], [ 125.190181798000026, 10.469819034000068 ], [ 125.190179441000055, 10.469807461000073 ], [ 125.190181791000114, 10.469788942000035 ], [ 125.190178249000041, 10.469744963000039 ], [ 125.190173538000082, 10.469731075000029 ], [ 125.190164118000098, 10.469711401000035 ], [ 125.190159404000056, 10.469685940000032 ], [ 125.190157049000035, 10.469681311000045 ], [ 125.190153514000016, 10.46966510900006 ], [ 125.190146448000078, 10.469648907000018 ], [ 125.190129966000072, 10.469629235000072 ], [ 125.190128787000063, 10.469618819000061 ], [ 125.190121423000051, 10.469600614000056 ], [ 125.190109958000122, 10.469585016000053 ], [ 125.190106606000072, 10.469575605000045 ], [ 125.190100024000117, 10.469564664000073 ], [ 125.190091935000055, 10.469560055000043 ], [ 125.190083798000046, 10.469552292000062 ], [ 125.190082025000038, 10.469541280000042 ], [ 125.190086737000129, 10.469534903000065 ], [ 125.190094656000056, 10.469528478000029 ], [ 125.190099344000018, 10.469520524000075 ], [ 125.190095896000102, 10.469504806000032 ], [ 125.190090916000031, 10.469493843000066 ], [ 125.190071386000099, 10.469475211000031 ], [ 125.190074229000047, 10.46945151700004 ], [ 125.190073889000033, 10.469429446000046 ], [ 125.190063810000069, 10.469399636000047 ], [ 125.190057178000075, 10.469385543000046 ], [ 125.190056668000011, 10.469352437000056 ], [ 125.190046661000096, 10.469327357000054 ], [ 125.190040175000021, 10.469322723000062 ], [ 125.190024143000073, 10.469322962000035 ], [ 125.190017634, 10.469316751000065 ], [ 125.190014330000054, 10.469310493000023 ], [ 125.190006169000071, 10.469301153000059 ], [ 125.189990017000028, 10.469293510000053 ], [ 125.189975369000095, 10.469279536000043 ], [ 125.189963928000111, 10.469265515000076 ], [ 125.18995894900003, 10.469254551000059 ], [ 125.189921325000114, 10.469206230000051 ], [ 125.189913090000118, 10.469192161000022 ], [ 125.189916599000071, 10.469176877000052 ], [ 125.189914795000064, 10.469171554000068 ], [ 125.189918401000114, 10.469164899000075 ], [ 125.189934639000072, 10.469153805000076 ], [ 125.189947267000107, 10.469136500000047 ], [ 125.189950423000042, 10.469125853000033 ], [ 125.189947146000023, 10.469112812000049 ], [ 125.189940515000117, 10.469098719000044 ], [ 125.189925722000112, 10.469075287000067 ], [ 125.189914354000052, 10.469065995000051 ], [ 125.189898299000106, 10.469064657000047 ], [ 125.189877627000087, 10.469076003000053 ], [ 125.189863792000097, 10.469074412000056 ], [ 125.189851608000012, 10.469061106000025 ], [ 125.189863784000082, 10.469041583000033 ], [ 125.189870608000092, 10.469036687000029 ], [ 125.189881782000043, 10.469033366000076 ], [ 125.189891231000047, 10.469022188000052 ], [ 125.189897473000087, 10.469011057000046 ], [ 125.189900510000015, 10.468999974000043 ], [ 125.189901700000078, 10.468973150000068 ], [ 125.189884063000022, 10.468943870000034 ], [ 125.189882254000054, 10.46892878700004 ], [ 125.189874130000021, 10.468910157000037 ], [ 125.189863751000075, 10.468899068000042 ], [ 125.1898628470001, 10.468892858000059 ], [ 125.189849759000026, 10.468872454000062 ], [ 125.18983938100007, 10.468862253000054 ], [ 125.189819722000024, 10.468856108000068 ], [ 125.189797023000096, 10.468840220000061 ], [ 125.189794910000046, 10.468807138000043 ], [ 125.189789858000054, 10.468791444000031 ], [ 125.18978167200008, 10.468780529000069 ], [ 125.189770329000112, 10.468772813000042 ], [ 125.189744581000014, 10.468766889000053 ], [ 125.189736444000118, 10.468759126000064 ], [ 125.189727791000124, 10.468726088000038 ], [ 125.189710065000099, 10.468712214000048 ], [ 125.189703410000106, 10.468696544000069 ], [ 125.189690341000087, 10.468680970000038 ], [ 125.189686941000105, 10.468668406000063 ], [ 125.189690002000034, 10.468658900000037 ], [ 125.189688277000073, 10.468651041000044 ], [ 125.189683371000115, 10.468644807000032 ], [ 125.189675306000026, 10.468641773000058 ], [ 125.189667339000039, 10.468645046000061 ], [ 125.18965145300001, 10.468654743000059 ], [ 125.18964195600006, 10.468662769000044 ], [ 125.189627648000055, 10.468670866000023 ], [ 125.189591903000064, 10.468671971000049 ], [ 125.189585134000041, 10.468662213000076 ], [ 125.189569791000054, 10.468645803000072 ], [ 125.189562119000016, 10.468633383000054 ], [ 125.189544989000069, 10.468613753000056 ], [ 125.189505494000059, 10.468548114000045 ], [ 125.18947277600013, 10.468506026000057 ], [ 125.189457983000011, 10.468482594000021 ], [ 125.189453101000041, 10.468477936000056 ], [ 125.189426771000058, 10.468434177000059 ], [ 125.189410424, 10.468413921000035 ], [ 125.18932251800004, 10.468287863000057 ], [ 125.18931641000006, 10.468283575000044 ], [ 125.189309428000115, 10.468273281000052 ], [ 125.189284987000079, 10.46822009600004 ], [ 125.189265788000043, 10.468195221000029 ], [ 125.189243096000041, 10.468156620000061 ], [ 125.189243094000048, 10.468148899000028 ], [ 125.18924745400011, 10.468138603000057 ], [ 125.18924745400011, 10.468135171000025 ], [ 125.189239459000092, 10.468111843000029 ], [ 125.189250284000082, 10.468103855000038 ], [ 125.189274430000083, 10.468091561000048 ], [ 125.189267225000094, 10.468069443000047 ], [ 125.189228399000044, 10.468001340000058 ], [ 125.189220695000017, 10.467982422000034 ], [ 125.189183755000045, 10.467911577000054 ], [ 125.189157188000095, 10.467867479000061 ], [ 125.189100364000055, 10.467760540000025 ], [ 125.189096791000125, 10.467752042000031 ], [ 125.189094855000022, 10.46773498700003 ], [ 125.189085773000102, 10.467700937000076 ], [ 125.18907174200001, 10.467689142000038 ], [ 125.189053647000037, 10.467663212000049 ], [ 125.189042403000016, 10.467657687000042 ], [ 125.189031160000027, 10.467654926000025 ], [ 125.189003053000079, 10.467654932000075 ], [ 125.188991810000061, 10.467652171000056 ], [ 125.188991806000118, 10.467638351000062 ], [ 125.188994615000084, 10.467624531000071 ], [ 125.188994612000116, 10.467616239000055 ], [ 125.188988985000037, 10.46759412800003 ], [ 125.188983362000045, 10.467585839000035 ], [ 125.188974927000132, 10.467574785000068 ], [ 125.188963683000125, 10.46756926000006 ], [ 125.188952440000094, 10.467566498000053 ], [ 125.188941197000076, 10.467566501000022 ], [ 125.188929954000059, 10.46756373900007 ], [ 125.18892152, 10.467555450000079 ], [ 125.188918706000109, 10.467541631000072 ], [ 125.188918703000013, 10.467527811000023 ], [ 125.188921510000114, 10.467513991000033 ], [ 125.188921501000095, 10.467475296000032 ], [ 125.188918688000058, 10.467464241000073 ], [ 125.188910252000014, 10.467444896000078 ], [ 125.188899007000046, 10.467436607000023 ], [ 125.188890573000094, 10.467428317000044 ], [ 125.188884950000102, 10.46742002700006 ], [ 125.188884941000097, 10.467384096000048 ], [ 125.188879315000023, 10.467361986000071 ], [ 125.188862444000037, 10.467331587000045 ], [ 125.188845576000062, 10.467315007000023 ], [ 125.188834332000056, 10.467309482000077 ], [ 125.188800606000072, 10.467317781000078 ], [ 125.188789364000044, 10.46732331100003 ], [ 125.18877812300002, 10.467326078000038 ], [ 125.188766879, 10.467326080000021 ], [ 125.188744393000093, 10.46732055700005 ], [ 125.188735959000041, 10.467312267000066 ], [ 125.188707839000017, 10.467256996000057 ], [ 125.188702213000042, 10.467234886000028 ], [ 125.188702210000102, 10.467223830000023 ], [ 125.188699397000065, 10.467212775000066 ], [ 125.188676902000125, 10.467174085000069 ], [ 125.188671280000122, 10.467168559000072 ], [ 125.188657224000067, 10.46716027000002 ], [ 125.18864598200004, 10.467157509000062 ], [ 125.188637548000088, 10.467151983000065 ], [ 125.188623493000023, 10.467146458000059 ], [ 125.188612248000013, 10.46713540500002 ], [ 125.188584136000031, 10.467116064000036 ], [ 125.188578513000039, 10.467105009000022 ], [ 125.188570078000126, 10.467093955000054 ], [ 125.188550395000092, 10.467058029000045 ], [ 125.188527902000047, 10.467024867000021 ], [ 125.188502598000014, 10.466994469000042 ], [ 125.188491354, 10.466988944000034 ], [ 125.188480110000114, 10.466980655000041 ], [ 125.188432323000043, 10.466961318000074 ], [ 125.188390164000111, 10.466964091000023 ], [ 125.188353119000126, 10.466954429000053 ], [ 125.188234308000119, 10.466892592000022 ], [ 125.188190499000044, 10.466858935000062 ], [ 125.188171419000014, 10.466860859000063 ], [ 125.188157609000086, 10.466867847000058 ], [ 125.188143658000058, 10.46686288200004 ], [ 125.188131343, 10.466849360000026 ], [ 125.188124158000051, 10.466828950000036 ], [ 125.188129047000075, 10.466801571000074 ], [ 125.18813569200006, 10.466775881000045 ], [ 125.188137188000056, 10.466755372000023 ], [ 125.188133515000118, 10.466738337000036 ], [ 125.188119444000108, 10.466723128000069 ], [ 125.188110542000118, 10.466704444000069 ], [ 125.188105133000022, 10.466687429000046 ], [ 125.188080364000015, 10.466648433000046 ], [ 125.188064827000076, 10.466637411000024 ], [ 125.188035039000056, 10.466633578000026 ], [ 125.188015860000064, 10.466626965000046 ], [ 125.187993440000028, 10.466624154000044 ], [ 125.187990860000014, 10.466634314000034 ], [ 125.187990862000106, 10.466644473000029 ], [ 125.187970200000109, 10.466641938000066 ], [ 125.187939192000059, 10.466575912000053 ], [ 125.187944355000013, 10.466565752000065 ], [ 125.187957265000037, 10.466547971000068 ], [ 125.187967594000042, 10.466542889000038 ], [ 125.187988255000064, 10.466537805000032 ], [ 125.18799858400007, 10.466532723000059 ], [ 125.188003747000053, 10.466522563000067 ], [ 125.188006328000029, 10.466512404000069 ], [ 125.188006325000075, 10.466502245000074 ], [ 125.18800115800002, 10.466492087000063 ], [ 125.187977909000097, 10.466471774000068 ], [ 125.187972741000081, 10.46646161700005 ], [ 125.187964991000072, 10.466451459000041 ], [ 125.187954655000127, 10.466431144000065 ], [ 125.187957236000102, 10.466420984000024 ], [ 125.18795723300002, 10.466410825000024 ], [ 125.187946898000064, 10.466390510000053 ], [ 125.187952061000033, 10.466380349000076 ], [ 125.187967554000011, 10.466365108000046 ], [ 125.187970134000011, 10.466354949000049 ], [ 125.187970132000032, 10.466344790000045 ], [ 125.187967547000085, 10.466334631000052 ], [ 125.187957211000025, 10.466314316000023 ], [ 125.187946879000052, 10.466306699000027 ], [ 125.187936547000049, 10.466304161000036 ], [ 125.18792879800003, 10.46629908400007 ], [ 125.187915884000063, 10.466296547000068 ], [ 125.187908135000043, 10.466291469000055 ], [ 125.187902967000014, 10.466281311000047 ], [ 125.18790038200008, 10.466271153000035 ], [ 125.187888260000037, 10.466240828000027 ], [ 125.187879357000043, 10.466222145000071 ], [ 125.187867083000029, 10.466212038000037 ], [ 125.187856465000095, 10.466195081000023 ], [ 125.18784774300002, 10.466191765000072 ], [ 125.187839061000091, 10.466191863000065 ], [ 125.187833753000064, 10.466183384000031 ], [ 125.187840658000027, 10.466179892000069 ], [ 125.187852692000106, 10.466169509000052 ], [ 125.187873388000071, 10.466157321000026 ], [ 125.187983576000065, 10.466106822000027 ], [ 125.187990405000036, 10.466120236000053 ], [ 125.188139310000111, 10.466041912000035 ], [ 125.188123376000021, 10.466002788000026 ], [ 125.188075637000111, 10.466030758000043 ], [ 125.188050606000033, 10.465989402000044 ], [ 125.188009687000076, 10.466016251000042 ], [ 125.188032443000097, 10.466054255000072 ], [ 125.187916395000116, 10.466122680000066 ], [ 125.187859397000025, 10.466148941000027 ], [ 125.187823154000057, 10.466168136000022 ], [ 125.18782051300002, 10.466169093000078 ], [ 125.187811011, 10.466158583000038 ], [ 125.187805751000042, 10.466143640000041 ], [ 125.187802029000082, 10.466115345000048 ], [ 125.187791547000074, 10.466088793000038 ], [ 125.18774837300009, 10.46602093900003 ], [ 125.187724273000072, 10.465989541000054 ], [ 125.187708746000112, 10.465966380000054 ], [ 125.187694718000103, 10.46592653300007 ], [ 125.187659980000049, 10.465855249000075 ], [ 125.18763401, 10.465808870000044 ], [ 125.187616748000096, 10.465782395000074 ], [ 125.187582147000057, 10.465722778000041 ], [ 125.187573817000043, 10.465700359000039 ], [ 125.187528887000113, 10.465625268000053 ], [ 125.187526315000014, 10.465602555000032 ], [ 125.187508340000022, 10.465555869000072 ], [ 125.18750320200003, 10.46553568000007 ], [ 125.187495498000104, 10.465515492000065 ], [ 125.187474960000031, 10.465483950000019 ], [ 125.187463408000099, 10.465473857000061 ], [ 125.187444150000047, 10.465427173000023 ], [ 125.187431076000067, 10.465405751000048 ], [ 125.187428743000055, 10.465394367000044 ], [ 125.187422324000067, 10.465377964000025 ], [ 125.18740820700009, 10.465370396000026 ], [ 125.187388960000021, 10.465372924000064 ], [ 125.18737099100008, 10.465360310000049 ], [ 125.187362005000068, 10.465343907000033 ], [ 125.187364095000021, 10.465331500000044 ], [ 125.187372394000036, 10.465316403000028 ], [ 125.187372101000051, 10.465291403000037 ], [ 125.187357975000054, 10.465243222000028 ], [ 125.187347611000064, 10.46522666900006 ], [ 125.187332297, 10.46522184300005 ], [ 125.187310244000074, 10.465220426000027 ], [ 125.187293217000047, 10.465213952000052 ], [ 125.187284528000092, 10.465195714000062 ], [ 125.187290917000041, 10.465162303000056 ], [ 125.187287292000065, 10.465142341000046 ], [ 125.18727355700004, 10.465127494000056 ], [ 125.187253005000116, 10.465109391000054 ], [ 125.187244373000098, 10.465096154000037 ], [ 125.1872306570001, 10.465082974000039 ], [ 125.187218617000099, 10.465068108000027 ], [ 125.187204902000076, 10.465054928000027 ], [ 125.187187816000133, 10.465043453000019 ], [ 125.18717579600002, 10.465030254000057 ], [ 125.187171918000104, 10.464988625000046 ], [ 125.187159760000085, 10.464963759000058 ], [ 125.187118536000085, 10.464917553000021 ], [ 125.187058219000065, 10.464833224000076 ], [ 125.187037470000064, 10.464798454000059 ], [ 125.187014831000056, 10.464747036000064 ], [ 125.186997569000013, 10.464720561000032 ], [ 125.186981944000081, 10.46468906700005 ], [ 125.18696358800004, 10.46466692100006 ], [ 125.186946782000064, 10.464657836000068 ], [ 125.186940059000108, 10.464648749000043 ], [ 125.18694005600004, 10.464638834000024 ], [ 125.186932489000014, 10.464616528000018 ], [ 125.186919883000101, 10.464602484000068 ], [ 125.1869148400001, 10.464593397000042 ], [ 125.186903075000046, 10.46458513700003 ], [ 125.186883748000014, 10.464574401000052 ], [ 125.186870304000081, 10.46457027200006 ], [ 125.186850139000043, 10.464568624000036 ], [ 125.186847615000048, 10.464557058000025 ], [ 125.186857692000117, 10.464530616000047 ], [ 125.186859443000117, 10.464505714000042 ], [ 125.186855740000041, 10.46447908500005 ], [ 125.186848726000107, 10.464459161000034 ], [ 125.186838401000045, 10.46444594300004 ], [ 125.18682969200006, 10.464426039000044 ], [ 125.186814165000101, 10.464402878000044 ], [ 125.18680391700002, 10.464396326000042 ], [ 125.186796962000017, 10.464381403000061 ], [ 125.186810423000111, 10.464372916000059 ], [ 125.186830742000112, 10.464371019000051 ], [ 125.186852698000052, 10.464364102000049 ], [ 125.186866139, 10.464353948000051 ], [ 125.186876152000096, 10.464340499000055 ], [ 125.186875957000112, 10.464323832000046 ], [ 125.186867248000112, 10.464303928000049 ], [ 125.186849987000073, 10.464277453000022 ], [ 125.186834538000085, 10.464260959000057 ], [ 125.186819010000036, 10.464237798000056 ], [ 125.186789865000037, 10.46420979100003 ], [ 125.18678111700001, 10.464186553000046 ], [ 125.186779090000059, 10.464158239000028 ], [ 125.186782187000077, 10.464133200000049 ], [ 125.186790329000019, 10.464104770000064 ], [ 125.186790017000021, 10.464078103000077 ], [ 125.186784600000024, 10.464049827000052 ], [ 125.186777528000121, 10.464024903000048 ], [ 125.186766224000067, 10.464008105000062 ], [ 125.186768907000101, 10.463997540000033 ], [ 125.186768905, 10.463986976000056 ], [ 125.186779646000105, 10.463981692000061 ], [ 125.186790389000066, 10.463981690000024 ], [ 125.186798444000019, 10.463976406000029 ], [ 125.186814555000069, 10.46396055700006 ], [ 125.18683066200002, 10.463931503000024 ], [ 125.186852144000113, 10.463920934000043 ], [ 125.186905855000063, 10.463907717000041 ], [ 125.186927336000068, 10.463897149000045 ], [ 125.186956870000017, 10.463862810000025 ], [ 125.186962239000081, 10.463852245000053 ], [ 125.186994459000061, 10.463817906000028 ], [ 125.187013255000025, 10.463802056000075 ], [ 125.187026679000056, 10.463783566000073 ], [ 125.187037416000081, 10.463762436000026 ], [ 125.187040099000114, 10.463751872000046 ], [ 125.187045468000065, 10.463741307000019 ], [ 125.1870562040001, 10.463709613000049 ], [ 125.187066942000115, 10.463691124000036 ], [ 125.187069625000049, 10.463680560000059 ], [ 125.187085732000028, 10.463648865000039 ], [ 125.187096464000092, 10.463606606000043 ], [ 125.187101833000057, 10.463596042000061 ], [ 125.18710451700008, 10.463585478000025 ], [ 125.187115254000105, 10.463564348000034 ], [ 125.187117937000039, 10.463553783000066 ], [ 125.187123307000093, 10.463545859000021 ], [ 125.187123304000011, 10.463532655000051 ], [ 125.187136720000026, 10.463479833000065 ], [ 125.18716356400013, 10.463424367000071 ], [ 125.187210575000094, 10.463272741000024 ], [ 125.187211840000032, 10.463236055000037 ], [ 125.187220041000046, 10.463212625000041 ], [ 125.187231710000091, 10.463195824000023 ], [ 125.187251580000066, 10.463155593000064 ], [ 125.187259585000106, 10.463115496000057 ], [ 125.187272988000032, 10.463102009000069 ], [ 125.187297981000029, 10.463065053000037 ], [ 125.187318086000118, 10.463044822000027 ], [ 125.187324611, 10.46302307900004 ], [ 125.187322584000057, 10.462994764000028 ], [ 125.18731716700006, 10.462966488000063 ], [ 125.187304913000048, 10.462933288000043 ], [ 125.187307953000072, 10.462903483000046 ], [ 125.187311246000036, 10.462895111000023 ], [ 125.187310972000105, 10.462871777000032 ], [ 125.187320926000112, 10.462853328000049 ], [ 125.187335965000102, 10.46283482100006 ], [ 125.18734780300008, 10.462802123000074 ], [ 125.187345525000069, 10.462792061000071 ], [ 125.187345515000061, 10.46276970100007 ], [ 125.187352334000039, 10.462762990000046 ], [ 125.187364839000111, 10.46275963100004 ], [ 125.187369385000011, 10.462756275000061 ], [ 125.187379617000047, 10.462755153000046 ], [ 125.187384164000051, 10.462752915000065 ], [ 125.187394393000105, 10.46274620200006 ], [ 125.187396664000062, 10.462739493000068 ], [ 125.187396661000108, 10.462732785000071 ], [ 125.187390973000106, 10.462723843000049 ], [ 125.187383012000069, 10.462717138000073 ], [ 125.187364816000013, 10.462707083000055 ], [ 125.187351234000062, 10.462691293000034 ], [ 125.187344298000099, 10.462678036000057 ], [ 125.187340674000112, 10.462658075000036 ], [ 125.187335374000099, 10.462639798000055 ], [ 125.187321601000022, 10.46262161900006 ], [ 125.187301164000019, 10.462613516000031 ], [ 125.187282462000113, 10.462608727000031 ], [ 125.187277241000061, 10.462597117000032 ], [ 125.187283766000078, 10.462575374000037 ], [ 125.187297091000119, 10.46255522000007 ], [ 125.187324859000114, 10.462176515000065 ], [ 125.187324605000072, 10.462154848000068 ], [ 125.187327467000046, 10.462109809000028 ], [ 125.187323497000094, 10.461771098000042 ], [ 125.187324860000103, 10.461742745000036 ], [ 125.18731437800011, 10.461716193000029 ], [ 125.187308981000129, 10.461689584000052 ], [ 125.18731213600006, 10.461669545000063 ], [ 125.187303427000074, 10.461649641000065 ], [ 125.187301498000025, 10.461629659000039 ], [ 125.187296159000098, 10.461608050000052 ], [ 125.187293507000035, 10.461526401000071 ], [ 125.187284740000109, 10.461501497000031 ], [ 125.187286200000031, 10.461481477000065 ], [ 125.187296194000069, 10.461466362000065 ], [ 125.187299388000042, 10.461449656000072 ], [ 125.187294108000074, 10.461433047000069 ], [ 125.187297303000037, 10.461416342000065 ], [ 125.187302211000102, 10.461401284000029 ], [ 125.187294670000043, 10.461336360000077 ], [ 125.187275676000013, 10.461306571000021 ], [ 125.187271914000021, 10.461274942000044 ], [ 125.187263303, 10.46126337100003 ], [ 125.18726145200003, 10.461250057000028 ], [ 125.187257984000098, 10.461243428000046 ], [ 125.187242593000079, 10.461231934000068 ], [ 125.187222196000107, 10.461227165000029 ], [ 125.187206845000119, 10.461219004000039 ], [ 125.187198136, 10.461199100000043 ], [ 125.18718790800007, 10.461194215000035 ], [ 125.187176064000042, 10.461196016000031 ], [ 125.187167511000098, 10.46118944600005 ], [ 125.187162329000117, 10.461181170000028 ], [ 125.187159431000055, 10.461164935000056 ], [ 125.187158451000073, 10.461139549000048 ], [ 125.187146036000044, 10.461078257000054 ], [ 125.187148961000062, 10.461052976000076 ], [ 125.187150253000027, 10.46101736600002 ], [ 125.187149486000081, 10.460983987000075 ], [ 125.187145176000072, 10.460966641000025 ], [ 125.187146693000059, 10.460955928000031 ], [ 125.187155951000022, 10.46092621100007 ], [ 125.187157470000116, 10.460911192000026 ], [ 125.187157313000071, 10.460897858000068 ], [ 125.187153728000126, 10.460881230000041 ], [ 125.187156943000119, 10.460866191000033 ], [ 125.187157127000091, 10.460850380000068 ], [ 125.187152881000088, 10.460841437000054 ], [ 125.187152576000017, 10.460833090000049 ], [ 125.187153483000088, 10.460823252000068 ], [ 125.187159242000021, 10.460819375000026 ], [ 125.187172277000073, 10.460815198000033 ], [ 125.187179250000113, 10.46081579300005 ], [ 125.187184101000071, 10.460818773000028 ], [ 125.187186528000112, 10.460823543000062 ], [ 125.187318640000072, 10.46085112500003 ], [ 125.18732259, 10.460837119000075 ], [ 125.187195014000068, 10.46081370300004 ], [ 125.187191938000069, 10.460811973000034 ], [ 125.187201979000079, 10.460781504000067 ], [ 125.187216356000022, 10.460728902000026 ], [ 125.187222667, 10.460688825000036 ], [ 125.187234160000116, 10.460657023000067 ], [ 125.187248749000105, 10.460600183000054 ], [ 125.187278124000059, 10.460503169000047 ], [ 125.187295849000051, 10.460424623000048 ], [ 125.187306893000027, 10.460354487000075 ], [ 125.187306541000126, 10.460324487000035 ], [ 125.187309657000029, 10.46030111500005 ], [ 125.187320359000054, 10.460097168000061 ], [ 125.187342001000047, 10.460082814000032 ], [ 125.187367730000119, 10.460084677000054 ], [ 125.187406799000087, 10.460078101000022 ], [ 125.187389625000037, 10.460029378000057 ], [ 125.187381977000086, 10.459971280000047 ], [ 125.187371617000068, 10.459937703000035 ], [ 125.187354794000058, 10.459932729000061 ], [ 125.187349864000126, 10.459926610000025 ], [ 125.187349859000065, 10.459905226000044 ], [ 125.187353203000043, 10.459898645000065 ], [ 125.18735320200004, 10.459892066000064 ], [ 125.187359890000053, 10.459880549000047 ], [ 125.187359887000071, 10.459867390000056 ], [ 125.187356174000115, 10.459860090000063 ], [ 125.18735319300005, 10.459854232000055 ], [ 125.187343155, 10.459844364000048 ], [ 125.187337839000079, 10.459843058000045 ], [ 125.187336463000065, 10.45984272100003 ], [ 125.187323082000049, 10.459847658000056 ], [ 125.187316391000081, 10.459847660000037 ], [ 125.187303010000036, 10.459844373000067 ], [ 125.187289625000048, 10.459837796000043 ], [ 125.187279586000059, 10.459826283000041 ], [ 125.187259509000114, 10.45980819300007 ], [ 125.187251142000036, 10.459796680000066 ], [ 125.187247795000076, 10.459790101000063 ], [ 125.187244447000012, 10.459776942000076 ], [ 125.187242771000129, 10.459762138000031 ], [ 125.187237749000033, 10.459748980000029 ], [ 125.187226036000084, 10.459729243000025 ], [ 125.187224361000077, 10.459722663000038 ], [ 125.187222682000083, 10.459691409000072 ], [ 125.187209292000034, 10.459658513000026 ], [ 125.187210962000123, 10.459643708000041 ], [ 125.187217650000093, 10.459630547000074 ], [ 125.187220992000121, 10.459617387000039 ], [ 125.187209277000079, 10.459591070000045 ], [ 125.187204258000065, 10.45958613600004 ], [ 125.187192547000109, 10.459579559000078 ], [ 125.187184183000113, 10.459579561000057 ], [ 125.187170800000118, 10.459576274000026 ], [ 125.187165781000104, 10.459572985000024 ], [ 125.187160762000076, 10.459568051000076 ], [ 125.187150721000066, 10.459548314000072 ], [ 125.187147372000027, 10.459533509000039 ], [ 125.187147363, 10.459492386000022 ], [ 125.187145688000086, 10.45948580600003 ], [ 125.187146253000037, 10.459483585000042 ], [ 125.18706802600002, 10.459547351000026 ], [ 125.184883618000057, 10.461355163000061 ], [ 125.18444865900004, 10.461713282000062 ], [ 125.183905751000125, 10.462161945000048 ], [ 125.183890942000062, 10.462174184000048 ], [ 125.183876307000091, 10.462186273000041 ], [ 125.183852427000033, 10.462206024000068 ], [ 125.183798, 10.462250999000048 ], [ 125.183429, 10.462484999000026 ], [ 125.182742, 10.462732 ], [ 125.182478, 10.463007 ], [ 125.182337, 10.463243 ], [ 125.182057, 10.46328599900005 ], [ 125.181685, 10.463127999000049 ], [ 125.181491, 10.462972999000041 ], [ 125.181337, 10.462719999000056 ], [ 125.18099, 10.462470999000059 ], [ 125.180581, 10.462407999000048 ], [ 125.18028, 10.46225099900005 ], [ 125.179892000000109, 10.462019999000061 ], [ 125.179421, 10.461943999000024 ], [ 125.178953, 10.461794 ], [ 125.178353, 10.46191 ], [ 125.177799, 10.461621 ], [ 125.177468, 10.461372999000048 ], [ 125.177076, 10.461285 ], [ 125.176686, 10.461040999000033 ], [ 125.1765690000001, 10.460854 ], [ 125.176277, 10.460552 ], [ 125.17606400000011, 10.460343999000028 ], [ 125.17567, 10.460032999000076 ], [ 125.175509, 10.459638999000047 ], [ 125.175412, 10.459245 ], [ 125.175081, 10.458759999000049 ], [ 125.174987000000101, 10.458509999000055 ], [ 125.174745, 10.458097999000074 ], [ 125.174454, 10.457929 ], [ 125.174107, 10.457924999000056 ], [ 125.173801, 10.4579 ], [ 125.173744015000025, 10.457873570000061 ], [ 125.17335, 10.457704 ], [ 125.17304, 10.457715 ], [ 125.172941, 10.457828999000069 ], [ 125.1728260000001, 10.458129 ], [ 125.172497, 10.458695 ], [ 125.172445, 10.459146 ], [ 125.172150000000101, 10.459597999000041 ], [ 125.171386000000112, 10.459857999000063 ], [ 125.170983, 10.460235 ], [ 125.170629, 10.460422999000057 ], [ 125.17034, 10.460669999000061 ], [ 125.145486124000072, 10.442702818000042 ], [ 125.138849146000112, 10.444554716000024 ], [ 125.135766155000056, 10.445032696000053 ], [ 125.146051183000068, 10.456278858000076 ], [ 125.159439, 10.469712 ], [ 125.164251, 10.471132 ], [ 125.164249, 10.471255 ], [ 125.164597, 10.471673999000075 ], [ 125.164789, 10.471926 ], [ 125.164932, 10.472248 ], [ 125.164894000000118, 10.472678 ], [ 125.165049, 10.47318 ], [ 125.165306, 10.47335 ], [ 125.165684, 10.473605999000029 ], [ 125.165766, 10.473868 ], [ 125.166048, 10.474334 ], [ 125.166252, 10.474879 ], [ 125.166616, 10.475049999000021 ], [ 125.169210067000122, 10.474975857000063 ], [ 125.169962, 10.474871999000072 ], [ 125.170207000000133, 10.47449 ], [ 125.17065, 10.474654 ], [ 125.173583912000026, 10.474507310000034 ], [ 125.174735926000039, 10.47444460300005 ], [ 125.175824, 10.474671 ], [ 125.176703179, 10.474889051000046 ], [ 125.177157106000109, 10.474831109000034 ], [ 125.177984, 10.474589 ], [ 125.178603, 10.474889 ], [ 125.178875, 10.474895 ], [ 125.18024, 10.474981 ], [ 125.180908825000088, 10.474934291000068 ], [ 125.181383, 10.474545 ], [ 125.181695781000016, 10.474169393000068 ], [ 125.182250504000081, 10.474264299000028 ], [ 125.18272950700009, 10.474622944000032 ], [ 125.183118, 10.474845 ], [ 125.183417123000041, 10.474705967000034 ], [ 125.184810750000125, 10.474334475000031 ], [ 125.185890032000103, 10.474963181000019 ], [ 125.186537018000081, 10.475572917000019 ], [ 125.186891676000073, 10.475581448000071 ], [ 125.187545051000029, 10.475522120000049 ], [ 125.188332471000095, 10.475615414000059 ], [ 125.188926697000056, 10.475317001000063 ] ] ] ] } },
{ "type": "Feature", "properties": { "gid": 2, "administrative_level": 4, "admin_level_name": "Barangay level 4", "shape0": "philippines", "shape1": "Eastern Visayas", "shape2": "Southern Leyte", "shape3": "Silago", "shape4": "Mercedes", "serial_id": 2, "style_info": null, "view_zoom_rotate": null, "travel_via": null, "bearing_angle": null, "bearing_distance": null, "created_at": "2026-09-25T07:28:23.480Z", "modified_at": "2026-09-25T07:28:23.481Z", "geocoded_address": null, "properties": null }, "geometry": { "type": "MultiPolygon", "coordinates": [ [ [ [ 125.179679175000047, 10.497301169000023 ], [ 125.179710388000117, 10.497172355000032 ], [ 125.179718018000017, 10.497011185000076 ], [ 125.179853525000127, 10.496859068000049 ], [ 125.180075848000115, 10.496797759000058 ], [ 125.180290222000053, 10.496848106000069 ], [ 125.180292494000028, 10.496848565000052 ], [ 125.180298496000106, 10.496836756000048 ], [ 125.180311746000029, 10.496818508000045 ], [ 125.180317045000052, 10.496808083000074 ], [ 125.180319694000104, 10.496797657000059 ], [ 125.180327644000059, 10.49678723000005 ], [ 125.180338242000076, 10.496766377000027 ], [ 125.180346192000101, 10.496758557000019 ], [ 125.180351492000113, 10.496748131000059 ], [ 125.180359442000054, 10.496740311000051 ], [ 125.180364741000076, 10.496729884000048 ], [ 125.18037269100013, 10.496722064000039 ], [ 125.18038329, 10.496701212000062 ], [ 125.180383287000041, 10.496688551000034 ], [ 125.180483132000063, 10.496390696000047 ], [ 125.180491615000051, 10.496354629000056 ], [ 125.180494684000109, 10.496322248000068 ], [ 125.180504920000075, 10.496290454000075 ], [ 125.180606518000104, 10.496026407000043 ], [ 125.180615581000112, 10.496018122000066 ], [ 125.180621036000048, 10.495997584000067 ], [ 125.180627049000023, 10.49598886600006 ], [ 125.180650723000099, 10.495969726000057 ], [ 125.180663370000062, 10.49595377600002 ], [ 125.180665637000075, 10.495937510000033 ], [ 125.180670500000019, 10.495925461000066 ], [ 125.180728763000062, 10.495814952000048 ], [ 125.180743275000054, 10.495750681000061 ], [ 125.180746180000028, 10.495749252000049 ], [ 125.180839095000024, 10.495535006000068 ], [ 125.180868329000077, 10.495496715000058 ], [ 125.180880172000116, 10.495476133000066 ], [ 125.180914594000114, 10.495387889000025 ], [ 125.180974859000116, 10.495297106000063 ], [ 125.180985486000054, 10.495277490000033 ], [ 125.181093386000057, 10.495043797000051 ], [ 125.181114421000075, 10.495013734000056 ], [ 125.181130327000119, 10.494983186000068 ], [ 125.181146334000118, 10.494958694000047 ], [ 125.181170243000125, 10.49491590100007 ], [ 125.181194013000081, 10.494865033000053 ], [ 125.181238984000061, 10.494733057000074 ], [ 125.18125447500006, 10.494678289000031 ], [ 125.181275399000029, 10.494581033000028 ], [ 125.181296875000044, 10.494516070000032 ], [ 125.18131497100002, 10.494493563000047 ], [ 125.181322975000072, 10.494481317000064 ], [ 125.181330910000042, 10.494465034000028 ], [ 125.18135269600009, 10.494418238000035 ], [ 125.181372189000058, 10.494357346000072 ], [ 125.181386355000086, 10.494327948000034 ], [ 125.181514009000011, 10.494157007000066 ], [ 125.181556496000098, 10.494119963000058 ], [ 125.181592860000038, 10.494085040000073 ], [ 125.18161112700011, 10.494072624000069 ], [ 125.181633396000038, 10.494054085000073 ], [ 125.181687993000097, 10.49400472800005 ], [ 125.181728417000045, 10.49397385900005 ], [ 125.181740777000073, 10.49396953300004 ], [ 125.181829266000022, 10.493900239000027 ], [ 125.181878063000113, 10.493873571000053 ], [ 125.181894327, 10.493857572000023 ], [ 125.18191601400008, 10.493846904000065 ], [ 125.181926857, 10.493838905000072 ], [ 125.181959388000095, 10.493822903000025 ], [ 125.182024453000054, 10.493801563000034 ], [ 125.182038008000049, 10.493793562000059 ], [ 125.182048852000094, 10.493790894000028 ], [ 125.182105781000018, 10.493761558000074 ], [ 125.182116625000063, 10.493758890000036 ], [ 125.18216, 10.493737555000052 ], [ 125.182170845000073, 10.493734887000072 ], [ 125.182203376000075, 10.493718885000021 ], [ 125.182225064000036, 10.493713549000065 ], [ 125.182257595000024, 10.493697547000069 ], [ 125.18226844000003, 10.49369487900003 ], [ 125.182279283000085, 10.49368954500005 ], [ 125.182298259000049, 10.493676212000025 ], [ 125.182311814000045, 10.493670877000056 ], [ 125.182319946000021, 10.493662878000066 ], [ 125.182328078000069, 10.493657545000078 ], [ 125.182395840000012, 10.493569557000054 ], [ 125.182428367000071, 10.493532228000047 ], [ 125.182444630000063, 10.493516230000068 ], [ 125.182455474000108, 10.49351089600003 ], [ 125.182466317000035, 10.493502896000052 ], [ 125.182477162000055, 10.493500228000073 ], [ 125.182506701000094, 10.493486402000029 ], [ 125.18252223200011, 10.493483073000052 ], [ 125.182561617000019, 10.493462857000054 ], [ 125.182573604000027, 10.493459487000052 ], [ 125.182585019000044, 10.493448258000058 ], [ 125.182598020000114, 10.493439252000027 ], [ 125.182608295, 10.493437005000029 ], [ 125.182657955000082, 10.493414542000039 ], [ 125.182664234000072, 10.493408366000038 ], [ 125.182694489000014, 10.493405553000059 ], [ 125.18270933000008, 10.493396569000026 ], [ 125.182717320000066, 10.493389831000057 ], [ 125.182748893000067, 10.493372775000067 ], [ 125.182763163000132, 10.493366598000025 ], [ 125.182784855000037, 10.493360980000032 ], [ 125.18280140800006, 10.493348628000035 ], [ 125.182820238000104, 10.49330933200002 ], [ 125.182828799000049, 10.493299226000032 ], [ 125.182832788000027, 10.493266107000068 ], [ 125.182828787000076, 10.493243655000072 ], [ 125.182831639000028, 10.493234112000039 ], [ 125.182840201000104, 10.493230181000058 ], [ 125.182864179000035, 10.49323579000003 ], [ 125.182868177000046, 10.493246453000042 ], [ 125.182866468000057, 10.493261049000068 ], [ 125.182868182000107, 10.49326890700007 ], [ 125.182875605000035, 10.493276202000061 ], [ 125.182880745000034, 10.493286305000026 ], [ 125.182899436000071, 10.493302744000058 ], [ 125.182915858000115, 10.493302472000035 ], [ 125.182940249000026, 10.493287936000062 ], [ 125.182944679000116, 10.493273943000077 ], [ 125.182956094000033, 10.493261030000042 ], [ 125.182962173000064, 10.493249214000059 ], [ 125.182961651000028, 10.493203953000032 ], [ 125.182962792, 10.493197216000054 ], [ 125.182967927000036, 10.493186551000067 ], [ 125.182967913000084, 10.49312143700007 ], [ 125.18296519400009, 10.493086190000041 ], [ 125.182956484000101, 10.493063624000058 ], [ 125.183169998000025, 10.492928001000051 ], [ 125.183199146000106, 10.492939497000064 ], [ 125.183219699000119, 10.492945667000072 ], [ 125.18324655000005, 10.492948468000062 ], [ 125.183263105000037, 10.492949026000076 ], [ 125.183283084000109, 10.492939480000073 ], [ 125.183297923000055, 10.492923760000052 ], [ 125.183299634000036, 10.492919269000026 ], [ 125.183307055000114, 10.492915337000056 ], [ 125.183323033000065, 10.492888391000065 ], [ 125.183332734000032, 10.492868182000052 ], [ 125.183352139000036, 10.492847409000035 ], [ 125.183361269000102, 10.492830006000077 ], [ 125.183387641000095, 10.492801486000076 ], [ 125.183399554000061, 10.492795952000053 ], [ 125.183412790000048, 10.492785861000073 ], [ 125.183449964000047, 10.492768568000029 ], [ 125.1834804450001, 10.492749893000049 ], [ 125.183496625000089, 10.492735493000055 ], [ 125.183514685000077, 10.492710967000052 ], [ 125.183534867000049, 10.492690444000061 ], [ 125.183560775000046, 10.492650734000049 ], [ 125.183562422000023, 10.492635586000063 ], [ 125.183639801000041, 10.492538323000074 ], [ 125.183669895000108, 10.492510835000076 ], [ 125.18369569100004, 10.492493917000045 ], [ 125.183702140000037, 10.49248757300006 ], [ 125.183712887000084, 10.492472773000031 ], [ 125.183719336000081, 10.492468544000074 ], [ 125.183740831, 10.492447399000071 ], [ 125.183764475000089, 10.492419911000072 ], [ 125.183770924000115, 10.492415682000059 ], [ 125.183790269000042, 10.492394536000065 ], [ 125.183805317000065, 10.492383964000052 ], [ 125.183816066000077, 10.49237973400005 ], [ 125.183867656000089, 10.492335328000024 ], [ 125.183891299000038, 10.492303612000057 ], [ 125.183923543000105, 10.492267667000021 ], [ 125.183934289000035, 10.49225286600006 ], [ 125.183942887000043, 10.492246522000071 ], [ 125.183955783000116, 10.492229608000057 ], [ 125.183988028000044, 10.492206346000048 ], [ 125.18399447700007, 10.492200003000052 ], [ 125.184022419000044, 10.492161944000033 ], [ 125.184035316000063, 10.492149257000051 ], [ 125.184050360000015, 10.492123886000059 ], [ 125.18409348100009, 10.492080541000064 ], [ 125.184105326, 10.492066088000058 ], [ 125.184127986000021, 10.49204789500004 ], [ 125.184149378000043, 10.492026158000044 ], [ 125.184171800000058, 10.49199370800005 ], [ 125.184182515000089, 10.491984027000058 ], [ 125.18420018300003, 10.491956407000034 ], [ 125.18420955200007, 10.491938429000072 ], [ 125.184255762000021, 10.49188301500004 ], [ 125.184264121000069, 10.491876937000029 ], [ 125.184266438, 10.49187095700006 ], [ 125.184274737000024, 10.491861316000039 ], [ 125.184281709000075, 10.491844565000063 ], [ 125.184297119, 10.491826490000051 ], [ 125.184318531000045, 10.491805940000063 ], [ 125.184344498000087, 10.491768679000074 ], [ 125.184359789000027, 10.491743475000021 ], [ 125.184381122000119, 10.491718173000038 ], [ 125.184388312000024, 10.491714491000039 ], [ 125.184393066000084, 10.491709660000028 ], [ 125.184413710000044, 10.491698381000047 ], [ 125.184432924000035, 10.491690940000066 ], [ 125.184505797000028, 10.491639848000032 ], [ 125.184516413000111, 10.491624226000052 ], [ 125.184641759000087, 10.491476290000037 ], [ 125.184641077000038, 10.491470719000061 ], [ 125.184998919000023, 10.491149552000024 ], [ 125.185003633000065, 10.491142345000069 ], [ 125.185125194000079, 10.491056128000023 ], [ 125.185162750000018, 10.491047195000021 ], [ 125.185184114000108, 10.491038150000064 ], [ 125.1852075810001, 10.491005523000069 ], [ 125.185228244000086, 10.490985403000023 ], [ 125.18523262500004, 10.490978939000057 ], [ 125.18524608000007, 10.490966934000026 ], [ 125.185255467000047, 10.490955238000023 ], [ 125.185612456000072, 10.490639022000037 ], [ 125.18563569800007, 10.490623117000037 ], [ 125.185648997000044, 10.49061204800006 ], [ 125.185684799000128, 10.490573811000047 ], [ 125.185724690000029, 10.490521487000022 ], [ 125.185753611000095, 10.49047127700004 ], [ 125.18576001800011, 10.490465513000059 ], [ 125.185765058, 10.49045800600004 ], [ 125.18578069900002, 10.490443353000044 ], [ 125.185797462000096, 10.490433834000044 ], [ 125.185814549000028, 10.490414985000031 ], [ 125.18582647300002, 10.490405285000065 ], [ 125.185837248000084, 10.490399169000057 ], [ 125.185858560000042, 10.490372679000075 ], [ 125.185897779000015, 10.490332826000044 ], [ 125.185907228000019, 10.490319600000019 ], [ 125.185931866000047, 10.490275230000064 ], [ 125.185959021000031, 10.490236761000062 ], [ 125.18599215800009, 10.490194630000078 ], [ 125.186010364000026, 10.490149887000028 ], [ 125.186016083000027, 10.490127374000052 ], [ 125.186041833000118, 10.490102043000032 ], [ 125.186053279000021, 10.490096412000073 ], [ 125.186073308000118, 10.490079524000066 ], [ 125.186090473000036, 10.490045753000057 ], [ 125.186093331000066, 10.490034496000019 ], [ 125.186099052000031, 10.490023239000038 ], [ 125.186110495000094, 10.490003539000043 ], [ 125.186119078000047, 10.489992281000069 ], [ 125.186127656000068, 10.489958510000067 ], [ 125.186127653000085, 10.489947255000061 ], [ 125.186136231000091, 10.489913486000033 ], [ 125.186136228, 10.489899416000069 ], [ 125.186141950000092, 10.489890972000067 ], [ 125.186150528000113, 10.489857203000041 ], [ 125.186179134000113, 10.48980373100005 ], [ 125.186184853000114, 10.489781218000076 ], [ 125.186196295000059, 10.489758703000062 ], [ 125.186199154000079, 10.489747447000068 ], [ 125.186199151000096, 10.489733377000046 ], [ 125.186185141000024, 10.489684074000024 ], [ 125.186219380000011, 10.489531663000033 ], [ 125.186233144000084, 10.48948746800005 ], [ 125.186239797000098, 10.489453476000053 ], [ 125.186248907000049, 10.489418284000065 ], [ 125.186256709000062, 10.489378940000051 ], [ 125.18626320400007, 10.48933367400002 ], [ 125.186273344000043, 10.489289538000037 ], [ 125.186290494000104, 10.489231028000063 ], [ 125.186293841000079, 10.489214335000041 ], [ 125.186291047000068, 10.489191800000071 ], [ 125.186298118000067, 10.489180990000021 ], [ 125.186310714000115, 10.489139191000051 ], [ 125.186310654000067, 10.489135627000051 ], [ 125.186322171000043, 10.489101596000069 ], [ 125.186329182, 10.489087222000022 ], [ 125.186342847000091, 10.489037087000041 ], [ 125.186350908, 10.489013188000058 ], [ 125.186361345000023, 10.488986873000041 ], [ 125.186391807000049, 10.488929336000067 ], [ 125.186406819000013, 10.488887498000052 ], [ 125.18641941500006, 10.488845699000025 ], [ 125.186435894000056, 10.488819287000068 ], [ 125.186472318000042, 10.488730334000024 ], [ 125.186488320000095, 10.48867540700007 ], [ 125.186508006000054, 10.488623986000048 ], [ 125.186526325000045, 10.488563080000061 ], [ 125.186546072000056, 10.488515223000034 ], [ 125.186557280000102, 10.488462751000043 ], [ 125.186568808000061, 10.488429289000063 ], [ 125.186580432000028, 10.488401767000029 ], [ 125.186613390000034, 10.48834894300006 ], [ 125.186627239000032, 10.488306118000022 ], [ 125.18663794500003, 10.488285054000071 ], [ 125.18673476700009, 10.488068167000051 ], [ 125.186920663, 10.487582070000029 ], [ 125.187019970000065, 10.48729141600006 ], [ 125.187096355000122, 10.487045864000036 ], [ 125.187138300000029, 10.486959171000024 ], [ 125.187164516000038, 10.486887637000052 ], [ 125.187164218000035, 10.486873146000049 ], [ 125.18715916500004, 10.48686614600007 ], [ 125.187162768, 10.486830170000077 ], [ 125.187165314000012, 10.486820148000051 ], [ 125.187165313000051, 10.486810126000021 ], [ 125.187167859000056, 10.486800104000054 ], [ 125.187167855000112, 10.486790082000025 ], [ 125.187170401000117, 10.486780060000058 ], [ 125.187170398000035, 10.486767532000044 ], [ 125.187172944000068, 10.486757510000075 ], [ 125.187172937000028, 10.486724939000055 ], [ 125.187175482000029, 10.486714917000029 ], [ 125.187175475000117, 10.486682346000062 ], [ 125.187178021000022, 10.486672323000048 ], [ 125.187192733000089, 10.486564060000036 ], [ 125.187190845000032, 10.486549578000048 ], [ 125.187205408000068, 10.486538049000046 ], [ 125.187226611000028, 10.486531248000059 ], [ 125.187236310000131, 10.486523025000055 ], [ 125.187237757000048, 10.486511712000036 ], [ 125.187234036000063, 10.486485972000027 ], [ 125.187229008000045, 10.486479605000056 ], [ 125.187217503000056, 10.486478183000029 ], [ 125.187209251000013, 10.486475094000072 ], [ 125.187181075000026, 10.486457822000034 ], [ 125.187178324000115, 10.486441305000026 ], [ 125.187170540000025, 10.486417159000039 ], [ 125.187155425000014, 10.486396445000025 ], [ 125.187151512000028, 10.48635942000004 ], [ 125.187151098000072, 10.486335238000038 ], [ 125.187145904000076, 10.486319198000048 ], [ 125.187110481000119, 10.486261730000022 ], [ 125.187102090000039, 10.486250581000034 ], [ 125.187093424000082, 10.486223309000026 ], [ 125.187008356000092, 10.486089372000032 ], [ 125.186980938000048, 10.486037410000051 ], [ 125.18697338100003, 10.486029983000035 ], [ 125.1869683420001, 10.486020078000024 ], [ 125.186948188000088, 10.485990366000065 ], [ 125.186945668000021, 10.485980462000041 ], [ 125.186945664000049, 10.485968080000019 ], [ 125.186930547000088, 10.485938366000028 ], [ 125.186920464000082, 10.485896271000058 ], [ 125.186915425000052, 10.485886367000033 ], [ 125.186902824000086, 10.485846748000029 ], [ 125.186897785000042, 10.485836843000072 ], [ 125.186892744000033, 10.485817034000039 ], [ 125.186887705000132, 10.48580960600003 ], [ 125.186877628000062, 10.485787321000032 ], [ 125.186875106000116, 10.485777416000078 ], [ 125.186865028000071, 10.485757607000037 ], [ 125.186862507000114, 10.485747702000024 ], [ 125.186857468000085, 10.485737798000057 ], [ 125.186854948000018, 10.485727893000044 ], [ 125.186854946000039, 10.485720464000051 ], [ 125.18684990600002, 10.485708084000064 ], [ 125.186849904000027, 10.485698178000064 ], [ 125.186854939000128, 10.485688272000059 ], [ 125.186859971000104, 10.485668460000058 ], [ 125.186859969000025, 10.485658554000052 ], [ 125.186854930000095, 10.48564865000003 ], [ 125.186847373000077, 10.485641223000071 ], [ 125.186827223000037, 10.485631322000076 ], [ 125.186817149000035, 10.485628848000035 ], [ 125.186786925000092, 10.485613996000042 ], [ 125.186776851000104, 10.485611522000054 ], [ 125.186766776000013, 10.485606571000062 ], [ 125.186731512000037, 10.485579339000026 ], [ 125.186716398000044, 10.485564484000065 ], [ 125.186706323000067, 10.485557057000051 ], [ 125.186701285000026, 10.485549630000035 ], [ 125.186691209000074, 10.485542203000023 ], [ 125.18667106000008, 10.485532302000022 ], [ 125.186620689000037, 10.485519931000054 ], [ 125.186600541000075, 10.485519935000072 ], [ 125.186577875000012, 10.485514987000045 ], [ 125.186557727000036, 10.485514992000047 ], [ 125.186524987000098, 10.485510046000057 ], [ 125.186512395000037, 10.485510049000029 ], [ 125.186502322000024, 10.485507575000042 ], [ 125.186489728000097, 10.485507577000021 ], [ 125.186472103000042, 10.485517487000038 ], [ 125.186458954000031, 10.485500670000022 ], [ 125.186487592000049, 10.485480889000028 ], [ 125.186506210000061, 10.485462088000073 ], [ 125.186521331000108, 10.485438271000023 ], [ 125.186535777000032, 10.485402089000045 ], [ 125.186542994000092, 10.485376212000062 ], [ 125.186551764000129, 10.485368092000044 ], [ 125.186561048000058, 10.485351855000031 ], [ 125.186570849000091, 10.485341705000049 ], [ 125.186602320000034, 10.485322419000054 ], [ 125.186614880000093, 10.485305264000033 ], [ 125.186617131000062, 10.485290246000035 ], [ 125.186611097000082, 10.48522452800006 ], [ 125.18660380300004, 10.485192569000045 ], [ 125.186580638000024, 10.485128761000054 ], [ 125.186568198000032, 10.485096869000074 ], [ 125.186539886000105, 10.485033129000042 ], [ 125.186532729000078, 10.485011290000042 ], [ 125.186515074000113, 10.484974405000058 ], [ 125.18649227100002, 10.48493891900006 ], [ 125.186355221000099, 10.484656981000057 ], [ 125.186318252000106, 10.484618049000062 ], [ 125.186310329000108, 10.484607667000031 ], [ 125.186299765000058, 10.484586901000057 ], [ 125.186286560000099, 10.484568732000072 ], [ 125.186281277000035, 10.484558349000054 ], [ 125.186278634000033, 10.484545369000047 ], [ 125.186273352000043, 10.484534987000076 ], [ 125.186260140000073, 10.484485666000067 ], [ 125.186241615000085, 10.484283182000068 ], [ 125.186241567000025, 10.484070310000051 ], [ 125.186236282000095, 10.484049544000069 ], [ 125.186228360000086, 10.484039161000055 ], [ 125.186223076000047, 10.484023586000037 ], [ 125.186221293000017, 10.484014788000025 ], [ 125.186223073000065, 10.484008009000036 ], [ 125.186244183000085, 10.48396127800004 ], [ 125.186261516000059, 10.483893472000034 ], [ 125.186381761, 10.483578859000035 ], [ 125.186441922000085, 10.483597667000025 ], [ 125.186450127000072, 10.483605732000056 ], [ 125.186455599000041, 10.483616486000072 ], [ 125.186466538000104, 10.483621861000074 ], [ 125.186474743000062, 10.483629925000059 ], [ 125.186485681000036, 10.483632612000065 ], [ 125.186496618000106, 10.483629921000043 ], [ 125.186510290000115, 10.483629918000076 ], [ 125.186521227000057, 10.483627227000058 ], [ 125.186532164000042, 10.483621847000054 ], [ 125.186540365000056, 10.483613779000052 ], [ 125.186551301, 10.483608399000049 ], [ 125.186559503000026, 10.483600331000048 ], [ 125.186570439000107, 10.483594951000041 ], [ 125.186592313000119, 10.48358956800007 ], [ 125.186603252000054, 10.483589566000035 ], [ 125.186625125000091, 10.483584184000051 ], [ 125.186636063000051, 10.483584181000028 ], [ 125.186647, 10.483581490000061 ], [ 125.186660672, 10.483581487000032 ], [ 125.186682546000057, 10.483576105000051 ], [ 125.186715355000047, 10.483559965000042 ], [ 125.186731758000064, 10.483543829000039 ], [ 125.186737225000115, 10.483533073000046 ], [ 125.186759093000092, 10.483503492000068 ], [ 125.186764560000043, 10.483492735000025 ], [ 125.186780961000082, 10.483471222000047 ], [ 125.186791898000024, 10.483465841000056 ], [ 125.18681377200005, 10.483460459000069 ], [ 125.186857518000011, 10.48343894000004 ], [ 125.186865718000035, 10.483428183000058 ], [ 125.186873920000053, 10.483422804000043 ], [ 125.186882122000029, 10.483414736000043 ], [ 125.186893474000058, 10.483389684000029 ], [ 125.186912072000055, 10.483369196000069 ], [ 125.187060131000081, 10.483279536000053 ], [ 125.187087440000028, 10.483269057000028 ], [ 125.187107867, 10.483256981000066 ], [ 125.187228319000042, 10.483155871000065 ], [ 125.187243599000112, 10.483143862000075 ], [ 125.187264024000129, 10.483131786000058 ], [ 125.187298014000021, 10.483107724000035 ], [ 125.187314963000063, 10.483092319000036 ], [ 125.187365903000128, 10.483052851000027 ], [ 125.187381114000118, 10.483035782000059 ], [ 125.187399779000103, 10.483020355000063 ], [ 125.187573809, 10.482895652000026 ], [ 125.187731282000072, 10.482793335000054 ], [ 125.187865839000096, 10.482691360000047 ], [ 125.187886264000099, 10.482679284000028 ], [ 125.187911745000065, 10.482660392000071 ], [ 125.18796774000009, 10.48261411100003 ], [ 125.188015066000062, 10.482561193000034 ], [ 125.188033754000116, 10.48254745300005 ], [ 125.188064245000092, 10.482518374000049 ], [ 125.188087897000074, 10.482491072000073 ], [ 125.188094622000108, 10.482480862000044 ], [ 125.188136824000026, 10.482429699000022 ], [ 125.188195817000064, 10.482351322000056 ], [ 125.188229488000061, 10.482303645000057 ], [ 125.188249641000084, 10.482271327000035 ], [ 125.188261239000099, 10.482240809000073 ], [ 125.188333477000029, 10.482126831000071 ], [ 125.188403476000076, 10.481974080000041 ], [ 125.188415003000046, 10.481933080000031 ], [ 125.188438199000089, 10.481872042000075 ], [ 125.188493971000085, 10.481677459000025 ], [ 125.188499437000019, 10.481666703000029 ], [ 125.188515839000047, 10.481647878000048 ], [ 125.188524041000065, 10.481642499000028 ], [ 125.188540444000068, 10.481626362000043 ], [ 125.188548644000093, 10.481615605000057 ], [ 125.188554108000062, 10.481594094000059 ], [ 125.188554101000022, 10.481561829000045 ], [ 125.188551364000105, 10.481553763000024 ], [ 125.188551359000044, 10.481529564000025 ], [ 125.188545885000053, 10.481508055000065 ], [ 125.18854588000012, 10.481486545000051 ], [ 125.188540407000119, 10.48146503600003 ], [ 125.188540404000037, 10.481454281000024 ], [ 125.188543136000021, 10.481443526000021 ], [ 125.188548602000083, 10.481432769000033 ], [ 125.188556803000097, 10.481422013000042 ], [ 125.188565005000115, 10.481416633000038 ], [ 125.188578677000024, 10.481416630000066 ], [ 125.188589614000094, 10.481413939000049 ], [ 125.188595077000045, 10.481392428000047 ], [ 125.188595075000094, 10.481378984000058 ], [ 125.188597806000089, 10.481365539000022 ], [ 125.188597797000057, 10.48133058600007 ], [ 125.188600529000041, 10.481319830000075 ], [ 125.188600526000073, 10.481306386000025 ], [ 125.188608721000037, 10.481268742000056 ], [ 125.188614187000084, 10.481257985000068 ], [ 125.188619651000067, 10.481236474000069 ], [ 125.188619648000113, 10.481225719000063 ], [ 125.188625112000054, 10.481204208000067 ], [ 125.188646978000065, 10.481163871000037 ], [ 125.188652442000048, 10.481142360000034 ], [ 125.188649705000103, 10.481131605000028 ], [ 125.188638763000085, 10.481112787000027 ], [ 125.188644227000054, 10.48109127500004 ], [ 125.188655159000078, 10.481069762000056 ], [ 125.188666090000098, 10.481037495000066 ], [ 125.188652411000021, 10.481007921000071 ], [ 125.188652406000088, 10.480986412000052 ], [ 125.188668808000088, 10.480970275000059 ], [ 125.188694688000055, 10.480917696000061 ], [ 125.18870127700005, 10.480897365000033 ], [ 125.188701117000065, 10.480885558000066 ], [ 125.188706013000115, 10.480866936000039 ], [ 125.188712624000118, 10.480848292000076 ], [ 125.1887292790001, 10.480810958000063 ], [ 125.188737445000029, 10.480780484000034 ], [ 125.188744079000116, 10.480763527000022 ], [ 125.188750804000051, 10.480753317000049 ], [ 125.188766065000081, 10.480739955000047 ], [ 125.188774505000083, 10.480729723000024 ], [ 125.188777777000041, 10.480717870000035 ], [ 125.188767211000012, 10.480697763000023 ], [ 125.188768722000077, 10.480682560000048 ], [ 125.188777185000035, 10.480674014000048 ], [ 125.188800973000085, 10.480656833000067 ], [ 125.188850287000037, 10.48062413400004 ], [ 125.188860193000096, 10.480595325000023 ], [ 125.188856307000037, 10.480561633000034 ], [ 125.188856011000098, 10.480539705000071 ], [ 125.188866076000053, 10.480522703000075 ], [ 125.1888846720001, 10.480502215000058 ], [ 125.188893044000125, 10.48048692200007 ], [ 125.188904893000085, 10.480474958000059 ], [ 125.188913401000036, 10.480469786000068 ], [ 125.188933758000076, 10.480452649000027 ], [ 125.188943869000028, 10.48043902100005 ], [ 125.188950548000108, 10.480425437000067 ], [ 125.188952013000076, 10.480406860000071 ], [ 125.188955239000052, 10.480391634000059 ], [ 125.188965350000103, 10.480378005000032 ], [ 125.188975209000091, 10.480345822000061 ], [ 125.188973357000023, 10.480335723000051 ], [ 125.188976583000127, 10.480320498000024 ], [ 125.188980371000056, 10.48027918900004 ], [ 125.188985837000018, 10.480268433000047 ], [ 125.188994039000022, 10.480260364000058 ], [ 125.189026847000051, 10.480244225000035 ], [ 125.189037784000121, 10.480241533000022 ], [ 125.18905965700003, 10.480230773000075 ], [ 125.189067858000044, 10.480222705000074 ], [ 125.189089731000067, 10.480211945000065 ], [ 125.189100666000058, 10.480203876000076 ], [ 125.189111599000071, 10.480182364000028 ], [ 125.189114331000056, 10.480171608000036 ], [ 125.189149028000088, 10.480130980000068 ], [ 125.189155617000097, 10.480110649000038 ], [ 125.189155412000119, 10.48009546800006 ], [ 125.189158615000125, 10.480078555000034 ], [ 125.189158364000036, 10.480060001000023 ], [ 125.189152580000055, 10.480029095000075 ], [ 125.189141638000024, 10.480010276000028 ], [ 125.189130690000056, 10.479967258000046 ], [ 125.189130682000055, 10.479932304000044 ], [ 125.189136146000024, 10.479910793000045 ], [ 125.189152548000038, 10.479891968000061 ], [ 125.189163484000119, 10.479886588000056 ], [ 125.189185358000032, 10.479881205000027 ], [ 125.1892181730001, 10.479891953000049 ], [ 125.189229108000063, 10.47988388400006 ], [ 125.189240045, 10.479878504000055 ], [ 125.189248246000034, 10.479870436000054 ], [ 125.189256449000027, 10.479865057000039 ], [ 125.189264648000062, 10.479854300000058 ], [ 125.189267380000061, 10.479843544000062 ], [ 125.189264643000115, 10.479832790000046 ], [ 125.189264641000022, 10.479822035000037 ], [ 125.189267373, 10.479811279000044 ], [ 125.189259162000099, 10.479779016000068 ], [ 125.189259157000038, 10.479757505000064 ], [ 125.189267358000052, 10.479749437000066 ], [ 125.189278294, 10.479744057000062 ], [ 125.189311105000101, 10.47973598400006 ], [ 125.18931930600003, 10.479727915000067 ], [ 125.189324773000067, 10.479717159000073 ], [ 125.18933023600006, 10.479695648000074 ], [ 125.189335703000097, 10.479684892000023 ], [ 125.189335700000029, 10.47967413600003 ], [ 125.189332963000084, 10.479663382000068 ], [ 125.189313819000063, 10.479647254000042 ], [ 125.189302881000117, 10.47964187900004 ], [ 125.189294675000042, 10.479633814000065 ], [ 125.189289205000023, 10.479623060000051 ], [ 125.189286467000102, 10.479612306000037 ], [ 125.189286461000052, 10.479585418000054 ], [ 125.189308326000074, 10.479542393000033 ], [ 125.18931652600007, 10.479531636000049 ], [ 125.189321992000032, 10.479520880000054 ], [ 125.189324724000016, 10.479510124000058 ], [ 125.189332925000031, 10.479499368000063 ], [ 125.189343857000054, 10.479477855000026 ], [ 125.189346589000039, 10.479467099000033 ], [ 125.189352055000086, 10.479456343000036 ], [ 125.189357519000069, 10.479434832000038 ], [ 125.189357517000076, 10.479424077000031 ], [ 125.189362983000038, 10.479413320000047 ], [ 125.189373909000096, 10.479364919000032 ], [ 125.189382108000032, 10.479346097000075 ], [ 125.189390303000096, 10.479313830000022 ], [ 125.189412167000128, 10.479265427000028 ], [ 125.189414898000123, 10.479251983000042 ], [ 125.189423097000031, 10.479230471000051 ], [ 125.189423093000087, 10.479217027000063 ], [ 125.189425825000043, 10.479206271000065 ], [ 125.189425822000103, 10.479192828000068 ], [ 125.189428554000088, 10.47918207200007 ], [ 125.189428549000027, 10.479160562000057 ], [ 125.189444631000029, 10.479099757000027 ], [ 125.189464875000127, 10.479074187000036 ], [ 125.189481550000096, 10.479038540000033 ], [ 125.189496693000038, 10.479016410000041 ], [ 125.189503259000048, 10.478994392000063 ], [ 125.189515016000087, 10.478975681000065 ], [ 125.189518196000108, 10.478957082000022 ], [ 125.189528215000124, 10.478936705000024 ], [ 125.189543328000013, 10.478883592000045 ], [ 125.189540592000071, 10.478875526000024 ], [ 125.189540590000107, 10.478864771000076 ], [ 125.189537853000061, 10.478854017000058 ], [ 125.189537844000029, 10.478816373000029 ], [ 125.189535107000111, 10.478805620000061 ], [ 125.189535105000132, 10.478794865000054 ], [ 125.189524157000037, 10.478751847000067 ], [ 125.189524155000086, 10.478741092000064 ], [ 125.189526886000081, 10.478730336000069 ], [ 125.189543285000013, 10.478698067000039 ], [ 125.189543283000035, 10.478687312000034 ], [ 125.189540545000114, 10.478673869000033 ], [ 125.189543277000098, 10.47866580200002 ], [ 125.189548744000021, 10.478655046000029 ], [ 125.189556945000049, 10.478646978000025 ], [ 125.189559677000034, 10.478636222000034 ], [ 125.189576075000105, 10.478603953000061 ], [ 125.189576070000044, 10.47858244300005 ], [ 125.189573333000126, 10.478571689000036 ], [ 125.189565128000027, 10.478560936000063 ], [ 125.189559657000018, 10.478550182000047 ], [ 125.189559653000074, 10.478536738000059 ], [ 125.189562385000031, 10.478525982000065 ], [ 125.189586988000087, 10.478496400000038 ], [ 125.18960338600003, 10.478464131000065 ], [ 125.189614316000061, 10.478431864000072 ], [ 125.189614313000121, 10.478418420000027 ], [ 125.1896197760001, 10.478394220000039 ], [ 125.189619760000028, 10.478327001000025 ], [ 125.18961702300011, 10.478316246000073 ], [ 125.189619755000095, 10.47830280200003 ], [ 125.189630687000104, 10.478281289000051 ], [ 125.18963888800009, 10.478273221000054 ], [ 125.189652555000066, 10.478251708000071 ], [ 125.189668956000119, 10.478230194000044 ], [ 125.189690825000085, 10.478205990000049 ], [ 125.189750968000112, 10.47814951300006 ], [ 125.189767370000027, 10.47813068800002 ], [ 125.189783769000087, 10.478101107000043 ], [ 125.189797429000023, 10.478047329000047 ], [ 125.189802895000071, 10.478036573000054 ], [ 125.189811087000066, 10.477988173000028 ], [ 125.189811078000034, 10.47795321900003 ], [ 125.189808341000116, 10.477942464000023 ], [ 125.189808332000098, 10.477904822000028 ], [ 125.189814185000046, 10.477888308000047 ], [ 125.189846889000023, 10.477881725000033 ], [ 125.189851807000068, 10.477864790000067 ], [ 125.189853340000028, 10.477851273000054 ], [ 125.189851352000119, 10.477831054000035 ], [ 125.189854350000019, 10.477798961000074 ], [ 125.189861075000053, 10.477788750000057 ], [ 125.189867845000109, 10.477781913000058 ], [ 125.189960673000101, 10.477537595000056 ], [ 125.189965682000093, 10.477527407000027 ], [ 125.189965523000069, 10.477515599000071 ], [ 125.189975474000107, 10.477490163000025 ], [ 125.18999063900003, 10.477469720000046 ], [ 125.19000063600005, 10.477447657000027 ], [ 125.190012530000089, 10.477439066000047 ], [ 125.190031331000114, 10.477433760000054 ], [ 125.190053608000085, 10.477431782000053 ], [ 125.190072409000095, 10.477426475000074 ], [ 125.190085950000039, 10.477412801000069 ], [ 125.19009599200001, 10.47739411200007 ], [ 125.190104228000095, 10.477368698000019 ], [ 125.1901054880001, 10.477334940000048 ], [ 125.190108577000046, 10.477309594000074 ], [ 125.190104964000042, 10.477296144000034 ], [ 125.190099749000083, 10.47729115100003 ], [ 125.19009963500001, 10.477282717000037 ], [ 125.19009606800013, 10.477272641000068 ], [ 125.190094148000085, 10.477257482000027 ], [ 125.190107507000093, 10.477230314000053 ], [ 125.190121207000061, 10.47722844800006 ], [ 125.190133261000028, 10.477231665000033 ], [ 125.190141837000056, 10.477231553000024 ], [ 125.190165625000077, 10.477214372000045 ], [ 125.190168965000112, 10.477207580000027 ], [ 125.190172259000065, 10.477197414000043 ], [ 125.190171872000064, 10.477168739000035 ], [ 125.190175052000086, 10.477150139000059 ], [ 125.190174938000055, 10.477141705000063 ], [ 125.190182239, 10.477121994000072 ], [ 125.190180440000077, 10.477111001000026 ], [ 125.19017996200013, 10.477084237000041 ], [ 125.190178289000073, 10.477084054000045 ], [ 125.190177300000087, 10.477075341000045 ], [ 125.190165471000114, 10.47704243000004 ], [ 125.19016545800001, 10.47701241800007 ], [ 125.190168407000115, 10.476999831000059 ], [ 125.190171355000061, 10.476988213000029 ], [ 125.190181194000047, 10.476970782000022 ], [ 125.190184138000063, 10.476950450000059 ], [ 125.190188380000109, 10.476937588000055 ], [ 125.190286952000079, 10.476710519000047 ], [ 125.190306076000084, 10.476643296000075 ], [ 125.190311543, 10.476632540000027 ], [ 125.19031427400013, 10.476621784000031 ], [ 125.190311538000074, 10.47661103000007 ], [ 125.190295128000116, 10.476594901000057 ], [ 125.190292391000071, 10.476584146000052 ], [ 125.190292388000103, 10.476573391000045 ], [ 125.190297852000072, 10.476551880000045 ], [ 125.190297847000011, 10.476530370000033 ], [ 125.190292376000116, 10.476519616000074 ], [ 125.190275966000073, 10.476503487000059 ], [ 125.19027596300009, 10.476492732000052 ], [ 125.190281427000073, 10.476471221000052 ], [ 125.190289627000098, 10.47646046400007 ], [ 125.190300559000107, 10.476438951000031 ], [ 125.190314228000034, 10.476420127000038 ], [ 125.190325159000068, 10.476398614000061 ], [ 125.190336089000098, 10.476366346000075 ], [ 125.19036342000004, 10.476312565000057 ], [ 125.190377079000086, 10.476258786000074 ], [ 125.190393477000057, 10.476226517000043 ], [ 125.190401678000072, 10.476218449000042 ], [ 125.190407144000133, 10.476207693000049 ], [ 125.190418080000086, 10.47619962400006 ], [ 125.190423547000037, 10.47619155600006 ], [ 125.190431748000051, 10.476183488000062 ], [ 125.190442680000032, 10.476161975000023 ], [ 125.190459082000075, 10.476145838000036 ], [ 125.190480947000097, 10.476100125000073 ], [ 125.190502815000059, 10.476073233000019 ], [ 125.190513750000022, 10.47606516400003 ], [ 125.190538354000083, 10.476040959000043 ], [ 125.190560226000116, 10.476030199000034 ], [ 125.190568427000031, 10.476022131000034 ], [ 125.190579363000083, 10.476016751000031 ], [ 125.190587564000111, 10.476008683000028 ], [ 125.190614904000086, 10.475995233000049 ], [ 125.190628576000123, 10.475995230000022 ], [ 125.190642247000042, 10.475992538000069 ], [ 125.190683263000096, 10.475992528000061 ], [ 125.190694199000077, 10.475989837000041 ], [ 125.190705134000041, 10.475981768000054 ], [ 125.190721536000083, 10.475965632000054 ], [ 125.190729737000098, 10.475954875000069 ], [ 125.190735203000031, 10.475944119000074 ], [ 125.190737935000016, 10.475933363000024 ], [ 125.190737932000033, 10.475922608000074 ], [ 125.190743398000123, 10.475911852000024 ], [ 125.190743395000013, 10.475898408000035 ], [ 125.190746127, 10.475887652000042 ], [ 125.190746124000057, 10.475876897000035 ], [ 125.190751589000115, 10.475855386000035 ], [ 125.190767986000097, 10.475823117000061 ], [ 125.190776187000097, 10.475815049000063 ], [ 125.190787120000095, 10.475793536000026 ], [ 125.19078985100009, 10.475782780000031 ], [ 125.190795318000042, 10.475772024000037 ], [ 125.190800781000021, 10.475750513000035 ], [ 125.19080077600006, 10.475729003000021 ], [ 125.190803508000045, 10.47571824700003 ], [ 125.190803503000112, 10.475696737000019 ], [ 125.190819892000022, 10.475626825000063 ], [ 125.190819890000071, 10.475616070000058 ], [ 125.190825353000051, 10.475594559000056 ], [ 125.190830819000112, 10.475583802000074 ], [ 125.190841749000015, 10.475551535000022 ], [ 125.190871815000051, 10.475500441000065 ], [ 125.190922073000024, 10.47534985200002 ], [ 125.190923048000045, 10.475327650000052 ], [ 125.190928427000031, 10.475307317000045 ], [ 125.190930401000074, 10.47528572300007 ], [ 125.190932377000067, 10.475280757000064 ], [ 125.190931076000084, 10.475274793000036 ], [ 125.190965343000016, 10.475267847000051 ], [ 125.190974977000124, 10.47526779000003 ], [ 125.190984627000049, 10.475270438000051 ], [ 125.191009375, 10.475266230000045 ], [ 125.191038083000095, 10.475234930000056 ], [ 125.191043521000097, 10.475224070000024 ], [ 125.191046198000095, 10.475211873000033 ], [ 125.191044629000089, 10.475180755000054 ], [ 125.19104234200006, 10.475175413000043 ], [ 125.190939827000093, 10.475177399000074 ], [ 125.190970079000053, 10.475115253000071 ], [ 125.190513611000043, 10.474902153000071 ], [ 125.189796448000038, 10.474829674000034 ], [ 125.189180158000127, 10.474872353000022 ], [ 125.188926697000056, 10.475317001000063 ], [ 125.188332471000095, 10.475615414000059 ], [ 125.187545051000029, 10.475522120000049 ], [ 125.186891676000073, 10.475581448000071 ], [ 125.186537018000081, 10.475572917000019 ], [ 125.185890032000103, 10.474963181000019 ], [ 125.184810750000125, 10.474334475000031 ], [ 125.183417123000041, 10.474705967000034 ], [ 125.183118, 10.474845 ], [ 125.18272950700009, 10.474622944000032 ], [ 125.182250504000081, 10.474264299000028 ], [ 125.181695781000016, 10.474169393000068 ], [ 125.181383, 10.474545 ], [ 125.180908825000088, 10.474934291000068 ], [ 125.18024, 10.474981 ], [ 125.178875, 10.474895 ], [ 125.178603, 10.474889 ], [ 125.177984, 10.474589 ], [ 125.177157106000109, 10.474831109000034 ], [ 125.176703179, 10.474889051000046 ], [ 125.175824, 10.474671 ], [ 125.174735926000039, 10.47444460300005 ], [ 125.173583912000026, 10.474507310000034 ], [ 125.17065, 10.474654 ], [ 125.170207000000133, 10.47449 ], [ 125.169962, 10.474871999000072 ], [ 125.169210067000122, 10.474975857000063 ], [ 125.166616, 10.475049999000021 ], [ 125.166252, 10.474879 ], [ 125.166048, 10.474334 ], [ 125.165766, 10.473868 ], [ 125.165684, 10.473605999000029 ], [ 125.165306, 10.47335 ], [ 125.165049, 10.47318 ], [ 125.164894000000118, 10.472678 ], [ 125.164932, 10.472248 ], [ 125.164789, 10.471926 ], [ 125.164597, 10.471673999000075 ], [ 125.164249, 10.471255 ], [ 125.164251, 10.471132 ], [ 125.159439, 10.469712 ], [ 125.146051183000068, 10.456278858000076 ], [ 125.135766155000056, 10.445032696000053 ], [ 125.131837200000064, 10.453197137000073 ], [ 125.128953245000048, 10.46195853200004 ], [ 125.127748270000083, 10.466779198000038 ], [ 125.138688276000039, 10.473451679000048 ], [ 125.143684166000085, 10.477760613000045 ], [ 125.143760121000014, 10.477989309000066 ], [ 125.144233229000065, 10.478406491000042 ], [ 125.144766288000028, 10.47871817500004 ], [ 125.145304685000042, 10.478703286000039 ], [ 125.145707237000025, 10.478786897000075 ], [ 125.146179211000117, 10.479038937000039 ], [ 125.146774084000072, 10.479515346000028 ], [ 125.147219550000031, 10.480323051000028 ], [ 125.147494132000034, 10.480546395000031 ], [ 125.148275688000012, 10.481697132000022 ], [ 125.148792966000087, 10.481918835000045 ], [ 125.149615062000066, 10.482348662000051 ], [ 125.150667694000049, 10.483212308000075 ], [ 125.150943213000104, 10.483570759000031 ], [ 125.151293954000053, 10.483838623000052 ], [ 125.151719811000021, 10.484000887000036 ], [ 125.152694535000023, 10.484564789000046 ], [ 125.153119772000082, 10.484636976000044 ], [ 125.154018761000088, 10.485216398000032 ], [ 125.15464363000001, 10.485640038000042 ], [ 125.155271896000045, 10.485691246000043 ], [ 125.155994561000071, 10.485765998000032 ], [ 125.15673049400003, 10.485798540000076 ], [ 125.157398636000039, 10.485899099000049 ], [ 125.158035278000057, 10.485839843000063 ], [ 125.158264160000044, 10.486021996000032 ], [ 125.15885925300006, 10.485997199000053 ], [ 125.159190391000038, 10.486157171000061 ], [ 125.159447944000036, 10.486110382000048 ], [ 125.159873963000109, 10.486108780000054 ], [ 125.160423279000057, 10.485890388000028 ], [ 125.161071778000078, 10.48618030500006 ], [ 125.161674500000117, 10.487082481000071 ], [ 125.162593318000077, 10.487973139000074 ], [ 125.164016724000021, 10.489899635000029 ], [ 125.164604187, 10.490509987000053 ], [ 125.164590358000069, 10.490695790000075 ], [ 125.164562855000099, 10.490891024000062 ], [ 125.165157670000113, 10.49135237400003 ], [ 125.166177890000085, 10.491908409000077 ], [ 125.16711097300005, 10.491932074000033 ], [ 125.167863027000053, 10.492099593000031 ], [ 125.168944312000022, 10.492257208000067 ], [ 125.169517565000092, 10.492253444000028 ], [ 125.170363297000108, 10.492060787000071 ], [ 125.171145842000101, 10.491904531000046 ], [ 125.172079499, 10.492010747000052 ], [ 125.172741274000032, 10.492283962000045 ], [ 125.173304192000046, 10.492520319000052 ], [ 125.173501332000114, 10.492511465000064 ], [ 125.173865957000089, 10.492591541000023 ], [ 125.174331665000068, 10.492813110000039 ], [ 125.174468994000108, 10.49308013900003 ], [ 125.174530030000028, 10.493492126000033 ], [ 125.174652100000117, 10.493698120000033 ], [ 125.174652100000117, 10.494284631000028 ], [ 125.174766540000064, 10.494624138000061 ], [ 125.174807400000063, 10.494939477000061 ], [ 125.17512935600007, 10.495382803000041 ], [ 125.175639374000085, 10.495645789000035 ], [ 125.176323754000023, 10.495896320000043 ], [ 125.176688856000069, 10.496043948000022 ], [ 125.177901833000092, 10.495960569000031 ], [ 125.178780677000077, 10.49581942700007 ], [ 125.179161788000101, 10.496087043000045 ], [ 125.179371263000021, 10.496462574000077 ], [ 125.179448575000038, 10.496719860000043 ], [ 125.179431609000062, 10.496992740000053 ], [ 125.179444060000037, 10.497153323000074 ], [ 125.179474970000129, 10.497253995000049 ], [ 125.179562246000046, 10.497316917000035 ], [ 125.179679175000047, 10.497301169000023 ] ] ] ] } },
{ "type": "Feature", "properties": { "gid": 3, "administrative_level": 4, "admin_level_name": "Barangay level 4", "shape0": "philippines", "shape1": "Eastern Visayas", "shape2": "Southern Leyte", "shape3": "Silago", "shape4": "Sap-ang", "serial_id": 3, "style_info": null, "view_zoom_rotate": null, "travel_via": null, "bearing_angle": null, "bearing_distance": null, "created_at": "2026-09-25T07:28:23.480Z", "modified_at": "2026-09-25T07:28:23.481Z", "geocoded_address": null, "properties": null }, "geometry": { "type": "MultiPolygon", "coordinates": [ [ [ [ 125.175131896000053, 10.51041340200004 ], [ 125.175148100000129, 10.510396668000059 ], [ 125.175165115000013, 10.510386307000033 ], [ 125.175179698000079, 10.510373556000049 ], [ 125.17519671400008, 10.510363196000071 ], [ 125.17521777900005, 10.510344070000029 ], [ 125.175254240000058, 10.510322551000058 ], [ 125.175291508000115, 10.510280317000024 ], [ 125.175312574000031, 10.510260395000046 ], [ 125.175328778000107, 10.510254018000069 ], [ 125.175350981000065, 10.51023757300004 ], [ 125.175366311000047, 10.510220409000055 ], [ 125.175412450000067, 10.510180803000024 ], [ 125.175440162000086, 10.510145029000054 ], [ 125.175464125000076, 10.510127763000071 ], [ 125.175481140000102, 10.510107184000047 ], [ 125.175494785000069, 10.510093436000034 ], [ 125.175518664000037, 10.51006937900007 ], [ 125.175551113000111, 10.510040124000056 ], [ 125.175603862000131, 10.509976667000048 ], [ 125.175619213000118, 10.509961201000067 ], [ 125.175649809000106, 10.509921781000058 ], [ 125.175719867000112, 10.509861512000043 ], [ 125.175736902000054, 10.509842630000037 ], [ 125.175750463000099, 10.509822092000036 ], [ 125.175765772000076, 10.509803230000044 ], [ 125.175808371000016, 10.509756874000063 ], [ 125.175822016000097, 10.509743127000034 ], [ 125.175878408000017, 10.509694908000027 ], [ 125.175909109000031, 10.509663976000068 ], [ 125.175924397000031, 10.509643417000063 ], [ 125.175977146000051, 10.509579959000064 ], [ 125.175988980000056, 10.50955944100002 ], [ 125.176002583000013, 10.509542298000042 ], [ 125.176016144000073, 10.509521760000041 ], [ 125.176024673000029, 10.509513168000066 ], [ 125.176138923000039, 10.509375127000057 ], [ 125.1761672, 10.509344930000054 ], [ 125.176197900000034, 10.509305197000058 ], [ 125.176246474000095, 10.509253706000036 ], [ 125.17626346800013, 10.509231429000065 ], [ 125.17628903100001, 10.509203955000032 ], [ 125.176344884000059, 10.509130587000071 ], [ 125.176368973000081, 10.509102095000058 ], [ 125.176480025000046, 10.508979101000023 ], [ 125.176578652000103, 10.508864679000052 ], [ 125.176659571000073, 10.508735338000067 ], [ 125.176665754000041, 10.508716081000047 ], [ 125.176673072000099, 10.508704085000032 ], [ 125.176702550000073, 10.508662662000058 ], [ 125.176732115000064, 10.508641513000041 ], [ 125.176753617000031, 10.508630937000021 ], [ 125.176772431000032, 10.50861771900003 ], [ 125.176788556, 10.508599215000062 ], [ 125.176808942000093, 10.508570530000041 ], [ 125.176815649000091, 10.508555535000029 ], [ 125.176831199000048, 10.508531542000069 ], [ 125.176835773000107, 10.508527342000034 ], [ 125.176853602000051, 10.508491456000058 ], [ 125.176860920000067, 10.508483058000024 ], [ 125.17688561500006, 10.508435973000074 ], [ 125.176903909000103, 10.508407781000074 ], [ 125.176913054000025, 10.508381131000023 ], [ 125.176920981000094, 10.508370334000061 ], [ 125.176940188000131, 10.508331047000066 ], [ 125.176951772000066, 10.508301357000049 ], [ 125.176960311000016, 10.508295057000055 ], [ 125.176963723000071, 10.508289044000037 ], [ 125.176963415000046, 10.508277049000071 ], [ 125.176967073, 10.508267752000052 ], [ 125.176975305000056, 10.508255756000041 ], [ 125.176989029000097, 10.508245557000066 ], [ 125.176991772000065, 10.508240759000046 ], [ 125.176991153, 10.508196377000049 ], [ 125.176993287000073, 10.508193078000035 ], [ 125.17699367900002, 10.508163769000021 ], [ 125.176998556000058, 10.508152072000028 ], [ 125.177004959000101, 10.508139776000062 ], [ 125.177014106000129, 10.508128080000061 ], [ 125.177050693000083, 10.508067798000068 ], [ 125.177056485000094, 10.508051303000059 ], [ 125.177061669000068, 10.50804500500004 ], [ 125.177069593000056, 10.508019514000068 ], [ 125.177096685000052, 10.507961558000035 ], [ 125.177132971000091, 10.507913629000029 ], [ 125.177136628000085, 10.507900434000021 ], [ 125.177148823000039, 10.507876371000064 ], [ 125.177157358000059, 10.507852080000022 ], [ 125.177162278000097, 10.507830791000059 ], [ 125.177162276000118, 10.507823595000046 ], [ 125.177165935000062, 10.507816098000035 ], [ 125.177175389, 10.507811598000044 ], [ 125.177179353000028, 10.507811297000048 ], [ 125.177189721000104, 10.507801699000025 ], [ 125.177197952000029, 10.507779807000075 ], [ 125.177208015000033, 10.507770209000057 ], [ 125.177208622000094, 10.507757014000047 ], [ 125.177196113000051, 10.507733326000052 ], [ 125.177194278000115, 10.507707667000036 ], [ 125.17719610600011, 10.507692073000042 ], [ 125.177200983000034, 10.507676779000064 ], [ 125.177211958000058, 10.507659084000068 ], [ 125.177215920000108, 10.507647388000064 ], [ 125.177216223000073, 10.507635393000042 ], [ 125.17722018500001, 10.507622198000035 ], [ 125.177222013000133, 10.507610198000066 ], [ 125.177217736000117, 10.507574514000053 ], [ 125.177218955000058, 10.507567017000042 ], [ 125.177216209000107, 10.507564319000039 ], [ 125.177217733000035, 10.507556222000064 ], [ 125.177224136000078, 10.507546924000055 ], [ 125.177233590000014, 10.507542424000066 ], [ 125.177236638000068, 10.507535826000039 ], [ 125.177236636000089, 10.50752383100007 ], [ 125.177240296000022, 10.507517833000065 ], [ 125.177247918000035, 10.507512134000024 ], [ 125.177250052000105, 10.507508235000044 ], [ 125.177252490000114, 10.507495940000069 ], [ 125.177254304000044, 10.507417030000056 ], [ 125.177258573000032, 10.507408333000056 ], [ 125.17726192300006, 10.50738584200008 ], [ 125.177270456000088, 10.507351985000071 ], [ 125.177271673000078, 10.507335791000058 ], [ 125.177287807000084, 10.507299500000043 ], [ 125.177287804000116, 10.507286285000021 ], [ 125.177298547000092, 10.507241352000049 ], [ 125.177298540000052, 10.507204351000039 ], [ 125.177301225000065, 10.507188493000058 ], [ 125.177301223000072, 10.507175278000036 ], [ 125.177298532, 10.507162063000065 ], [ 125.177298526000087, 10.507130348000032 ], [ 125.177295835000123, 10.507117133000067 ], [ 125.177295833000017, 10.507103919000029 ], [ 125.177293143000043, 10.507093347000023 ], [ 125.177293140000089, 10.507077489000039 ], [ 125.177290450000115, 10.507066918000021 ], [ 125.177290442000071, 10.507029916000022 ], [ 125.177287752000112, 10.507016702000042 ], [ 125.177287747000037, 10.506992915000069 ], [ 125.177285058000066, 10.506984987000065 ], [ 125.177285050000023, 10.506947985000066 ], [ 125.177282360000049, 10.506934771000029 ], [ 125.17728235300001, 10.506897770000021 ], [ 125.177279662000046, 10.506887198000074 ], [ 125.177279658000103, 10.506866054000053 ], [ 125.177276968000101, 10.506855483000038 ], [ 125.177276966000022, 10.506844911000032 ], [ 125.177266205000038, 10.506799983000064 ], [ 125.177266203000045, 10.50678676800004 ], [ 125.177263513000085, 10.50677619700002 ], [ 125.177194373000034, 10.506609276000065 ], [ 125.176736522000056, 10.506073262000029 ], [ 125.176674680000019, 10.50598341300002 ], [ 125.176637041000063, 10.505951704000038 ], [ 125.176631664000055, 10.50594377600004 ], [ 125.176626286000101, 10.505933205000076 ], [ 125.176628972000131, 10.505922633000067 ], [ 125.176634346000029, 10.505912060000071 ], [ 125.176639717000072, 10.505888272000053 ], [ 125.176634340000078, 10.505877702000021 ], [ 125.176623586000133, 10.505872418000022 ], [ 125.176612833000036, 10.505869777000044 ], [ 125.176602080000052, 10.505861850000029 ], [ 125.17656982000004, 10.505843355000025 ], [ 125.176564442000085, 10.50583542700002 ], [ 125.176559064000116, 10.505824856000061 ], [ 125.176559060000045, 10.505803711000052 ], [ 125.176564433000081, 10.505782568000031 ], [ 125.176566928000071, 10.505758837000029 ], [ 125.176550235000036, 10.505731494000029 ], [ 125.176539108000043, 10.505723292000027 ], [ 125.176533544000122, 10.505715089000033 ], [ 125.176522417000115, 10.505706887000029 ], [ 125.176511291000111, 10.505701419000049 ], [ 125.176500164000117, 10.505693217000045 ], [ 125.17649182000001, 10.505690484000072 ], [ 125.17646678500013, 10.505676815000072 ], [ 125.17644731300004, 10.505660411000065 ], [ 125.176413929000091, 10.505616662000021 ], [ 125.176408364000054, 10.505605725000068 ], [ 125.176405581000054, 10.50559478500003 ], [ 125.176383324000071, 10.505561974000045 ], [ 125.176372195000113, 10.505540099000028 ], [ 125.176366628000096, 10.505518223000021 ], [ 125.176366625000014, 10.505504549000023 ], [ 125.176361059000087, 10.505482673000076 ], [ 125.176358270000037, 10.505447123000064 ], [ 125.176355487000038, 10.505436184000073 ], [ 125.176344359000041, 10.505414309000058 ], [ 125.176336012000093, 10.505403372000044 ], [ 125.176319321000051, 10.505386967000049 ], [ 125.176288723000084, 10.505370565000019 ], [ 125.1762692530001, 10.505365099000072 ], [ 125.176241437000044, 10.505348696000057 ], [ 125.176221965000082, 10.505332291000057 ], [ 125.176219182000082, 10.505321353000056 ], [ 125.176208052000106, 10.505299478000037 ], [ 125.176202485000076, 10.505277602000035 ], [ 125.176202483000125, 10.50526392800003 ], [ 125.176205262000053, 10.505252989000041 ], [ 125.176205257000092, 10.505228377000037 ], [ 125.176199693000044, 10.505217439000036 ], [ 125.176196909000055, 10.505206501000032 ], [ 125.17617743400001, 10.505173688000067 ], [ 125.176152398000113, 10.50514908100007 ], [ 125.176141271, 10.505143614000076 ], [ 125.176124581000053, 10.505129943000041 ], [ 125.176117183000102, 10.505112595000071 ], [ 125.176115056000086, 10.505080359000033 ], [ 125.176109729000018, 10.505068537000053 ], [ 125.1761096030001, 10.505058350000072 ], [ 125.176116383, 10.505048081000041 ], [ 125.176126280000048, 10.505010607000029 ], [ 125.176131313000027, 10.504998661000057 ], [ 125.176131102000127, 10.504981683000038 ], [ 125.17613478600002, 10.504957282000021 ], [ 125.176146689, 10.504924493000031 ], [ 125.176152141000102, 10.504913766000071 ], [ 125.176154866000033, 10.504903040000045 ], [ 125.176165771000115, 10.504881587000057 ], [ 125.17617395, 10.504870860000041 ], [ 125.176179402000102, 10.504860133000019 ], [ 125.176201213000013, 10.504830634000029 ], [ 125.176209393000022, 10.504822588000025 ], [ 125.176217573000031, 10.504817224000018 ], [ 125.17622575300004, 10.504806497000061 ], [ 125.176236660000086, 10.504798451000054 ], [ 125.176242112000082, 10.504787724000037 ], [ 125.176250291000102, 10.504776997000024 ], [ 125.176283010000034, 10.504742133000034 ], [ 125.176307546000103, 10.504704589000024 ], [ 125.176323906000093, 10.504688497000071 ], [ 125.176329358000089, 10.504677771000045 ], [ 125.176337538000112, 10.504669725000042 ], [ 125.17634299000008, 10.504658998000021 ], [ 125.1763511690001, 10.504648271000066 ], [ 125.176367526000035, 10.504616091000059 ], [ 125.17637025100008, 10.504605365000028 ], [ 125.176392059000037, 10.504559777000054 ], [ 125.176400238000056, 10.504549050000037 ], [ 125.176446590000054, 10.504500776000043 ], [ 125.176457497000129, 10.504495412000042 ], [ 125.176473857000019, 10.504479319000039 ], [ 125.176495672000101, 10.504468590000046 ], [ 125.176531118000071, 10.504439088000023 ], [ 125.176544752000041, 10.504431042000022 ], [ 125.17656656600002, 10.50441494900002 ], [ 125.176574745000039, 10.504404222000062 ], [ 125.176591105000071, 10.504388130000052 ], [ 125.176602012000103, 10.504382766000051 ], [ 125.176610192000112, 10.504374720000042 ], [ 125.176652697, 10.504342509000027 ], [ 125.176716487000036, 10.504282314000022 ], [ 125.17677146500013, 10.504239053000049 ], [ 125.176851186000022, 10.504206600000032 ], [ 125.176873178000051, 10.504195783000055 ], [ 125.176884175000069, 10.504193078000073 ], [ 125.17689517000008, 10.504184966000023 ], [ 125.176906167000098, 10.504182261000041 ], [ 125.176939155000014, 10.504166036000074 ], [ 125.176972141000078, 10.504141700000046 ], [ 125.176983137000107, 10.504136292000052 ], [ 125.176994133000107, 10.504133587000069 ], [ 125.177005129, 10.504125476000072 ], [ 125.177038118000041, 10.504114657000061 ], [ 125.177093098000128, 10.504087615000058 ], [ 125.177104093000025, 10.504079502000025 ], [ 125.177126085000054, 10.504068686000041 ], [ 125.17713983100009, 10.504065980000062 ], [ 125.177153577000013, 10.504065978000028 ], [ 125.177175573000099, 10.504076786000041 ], [ 125.177208565000129, 10.504076780000046 ], [ 125.177357015000084, 10.504028095000024 ], [ 125.177521965000111, 10.504001032000076 ], [ 125.177686917000088, 10.503979375000029 ], [ 125.177816131000085, 10.503965834000038 ], [ 125.177978330000101, 10.503925256000057 ], [ 125.178001829000081, 10.503917539000042 ], [ 125.178017395000097, 10.503915182000069 ], [ 125.178047089000074, 10.503907170000046 ], [ 125.178057865000042, 10.503906932000064 ], [ 125.178074628000104, 10.503903868000066 ], [ 125.178108604000059, 10.503890698000019 ], [ 125.178136619000043, 10.50386879500007 ], [ 125.178143801000033, 10.503860787000066 ], [ 125.178156732000033, 10.503856076000032 ], [ 125.178168944000063, 10.503847832000073 ], [ 125.178180438000041, 10.503843827000027 ], [ 125.17821682400006, 10.503820693000023 ], [ 125.178225204000114, 10.503812450000057 ], [ 125.178262320000059, 10.503796903000021 ], [ 125.178279800000041, 10.503786539000034 ], [ 125.178303747000086, 10.503778528000053 ], [ 125.178307875000087, 10.50377524600003 ], [ 125.178319130000105, 10.503772418000041 ], [ 125.178407172000107, 10.503711621000036 ], [ 125.178404422000085, 10.503708919000076 ], [ 125.178575635000016, 10.503587482000057 ], [ 125.178643831000045, 10.503530714000021 ], [ 125.178674786000101, 10.50350238200002 ], [ 125.178705530000116, 10.503461689000064 ], [ 125.178739417000088, 10.503420943000036 ], [ 125.178770266000015, 10.503386431000024 ], [ 125.178801169000067, 10.503355008000026 ], [ 125.178813424000069, 10.503336258000044 ], [ 125.178843905000022, 10.503280113000072 ], [ 125.178888194000024, 10.503230363000057 ], [ 125.17890468600001, 10.503214141000058 ], [ 125.178912932000131, 10.503203326000065 ], [ 125.178918428000088, 10.503192513000043 ], [ 125.178937671000085, 10.503176289000068 ], [ 125.178951413000064, 10.503157364000058 ], [ 125.178976151000029, 10.503133031000063 ], [ 125.178992643000029, 10.503111402000057 ], [ 125.1789981390001, 10.503100588000049 ], [ 125.179006385000108, 10.503089772000065 ], [ 125.179011881000065, 10.50307895900005 ], [ 125.179014628000104, 10.503068146000032 ], [ 125.179022874000111, 10.503057332000028 ], [ 125.17903936300003, 10.503024890000063 ], [ 125.179047609, 10.503016779000065 ], [ 125.179058602000069, 10.502995151000048 ], [ 125.179094332000091, 10.502941079000037 ], [ 125.179124563000087, 10.502889713000062 ], [ 125.179149293000023, 10.502819425000043 ], [ 125.179176773000094, 10.502759950000039 ], [ 125.179179520000034, 10.502749137000025 ], [ 125.179190512000105, 10.502724806000058 ], [ 125.179198758000112, 10.502713992000055 ], [ 125.17920975100003, 10.50269236400004 ], [ 125.179212498000098, 10.50268155100002 ], [ 125.179228987000116, 10.502649109000059 ], [ 125.179237232000105, 10.502638295000054 ], [ 125.179253721, 10.502603150000024 ], [ 125.179272960000048, 10.502573411000071 ], [ 125.179289442000012, 10.502508532000038 ], [ 125.179294939000101, 10.502497718000029 ], [ 125.179300433000108, 10.502476091000064 ], [ 125.17930592900008, 10.502465277000052 ], [ 125.179308676000119, 10.502454464000039 ], [ 125.179314172000076, 10.50244365000003 ], [ 125.179316919000016, 10.502432837000072 ], [ 125.179322416000105, 10.502422023000063 ], [ 125.179330659000016, 10.502397693000034 ], [ 125.17934714700003, 10.502362548000061 ], [ 125.179363637000037, 10.502332810000041 ], [ 125.179366384000105, 10.502321997000024 ], [ 125.179385620000062, 10.502278742000044 ], [ 125.17939111400004, 10.502257116000067 ], [ 125.17939661000004, 10.502246302000062 ], [ 125.179404852000047, 10.502216565000024 ], [ 125.179415839000043, 10.502167906000068 ], [ 125.179491657000085, 10.501967111000056 ], [ 125.179495486000064, 10.501960282000024 ], [ 125.179499315000058, 10.501946154000052 ], [ 125.179508009000074, 10.501927847000045 ], [ 125.17953050600012, 10.501859087000073 ], [ 125.179533611000011, 10.501819059000072 ], [ 125.179550467, 10.501746181000044 ], [ 125.179555964000087, 10.501738071000032 ], [ 125.179588929000019, 10.501608311000041 ], [ 125.179591676000086, 10.501594793000036 ], [ 125.179591671000026, 10.501575872000046 ], [ 125.179594418000065, 10.501562356000019 ], [ 125.17962189900004, 10.501508286000046 ], [ 125.179627393000018, 10.501486660000067 ], [ 125.179627377000074, 10.501405564000036 ], [ 125.179652739000076, 10.501243761000067 ], [ 125.179623989000106, 10.501168832000074 ], [ 125.17961639400005, 10.501152800000057 ], [ 125.179610592000017, 10.501134942000022 ], [ 125.179565781000065, 10.501029784000023 ], [ 125.179563242000086, 10.501018329000029 ], [ 125.179558211000085, 10.501010876000068 ], [ 125.179558689000032, 10.501005225000027 ], [ 125.179556292000029, 10.500993923000065 ], [ 125.179552698000066, 10.500986644000021 ], [ 125.179551498000038, 10.50097228000004 ], [ 125.179551246000088, 10.500910986000063 ], [ 125.1795493300001, 10.500907925000037 ], [ 125.17954837000002, 10.50089914500006 ], [ 125.17954262, 10.500885489000041 ], [ 125.179542138000116, 10.500868771000057 ], [ 125.179545728000122, 10.500860765000027 ], [ 125.179544484000075, 10.500850369000034 ], [ 125.179550170000084, 10.500818294000053 ], [ 125.179550167000116, 10.500804302000063 ], [ 125.179553011000053, 10.50079310700005 ], [ 125.179553, 10.500739936000061 ], [ 125.179555844000106, 10.500728742000035 ], [ 125.179555841000024, 10.500714750000043 ], [ 125.17955868600005, 10.500706354000044 ], [ 125.179558680000028, 10.500678369000068 ], [ 125.17957289800006, 10.500616800000044 ], [ 125.179572895000078, 10.50060280800005 ], [ 125.179587115000132, 10.500546836000069 ], [ 125.179587109000067, 10.500516053000071 ], [ 125.179589952000015, 10.500499261000071 ], [ 125.179587102000028, 10.50048527000007 ], [ 125.179587100000049, 10.500471277000031 ], [ 125.179575703000054, 10.500412512000025 ], [ 125.179567160000033, 10.500387327000054 ], [ 125.179564309000057, 10.500362142000027 ], [ 125.179552915000045, 10.500314570000059 ], [ 125.179552908000133, 10.500278190000076 ], [ 125.179561439000054, 10.500241809000045 ], [ 125.1795614360001, 10.500230615000017 ], [ 125.179550047000021, 10.500208229000068 ], [ 125.179521578000049, 10.500169056000061 ], [ 125.179501652000113, 10.500152269000067 ], [ 125.179456109000057, 10.500129891000027 ], [ 125.17944472300006, 10.500121497000066 ], [ 125.179427642000078, 10.500099113000035 ], [ 125.179410558000086, 10.500065535000029 ], [ 125.179393478000065, 10.500043150000069 ], [ 125.179382089000114, 10.500020765000045 ], [ 125.179353615000082, 10.499962003000062 ], [ 125.179350766000084, 10.499950809000042 ], [ 125.179305210000066, 10.499861267000028 ], [ 125.17930236200003, 10.499852872000076 ], [ 125.179282432000051, 10.499816496000051 ], [ 125.179271041000121, 10.499782917000061 ], [ 125.179265346000065, 10.499771724000027 ], [ 125.179262498000071, 10.49976053000006 ], [ 125.179253957000029, 10.499749338000072 ], [ 125.17925110900002, 10.499738145000039 ], [ 125.179222639000059, 10.499696173000075 ], [ 125.179191327000012, 10.499673791000021 ], [ 125.179179941000044, 10.499668197000062 ], [ 125.179177922, 10.499659004000023 ], [ 125.179181855000039, 10.499654060000067 ], [ 125.179188609000107, 10.499652016000026 ], [ 125.179197440000053, 10.499646394000024 ], [ 125.179200556000083, 10.49963566400004 ], [ 125.179200554000104, 10.49962851300006 ], [ 125.179195876000122, 10.499617275000048 ], [ 125.179200530000116, 10.499565979000067 ], [ 125.179195083000081, 10.499544573000037 ], [ 125.179195076000042, 10.49950978700002 ], [ 125.179192352000086, 10.499499084000032 ], [ 125.179192341000103, 10.499440215000048 ], [ 125.179195060000097, 10.499429511000072 ], [ 125.179195057000015, 10.499410780000062 ], [ 125.179197775000034, 10.499397400000021 ], [ 125.179197772000066, 10.499384020000035 ], [ 125.17920593000008, 10.499351908000049 ], [ 125.179222252000059, 10.499319795000075 ], [ 125.179224972000043, 10.499309091000043 ], [ 125.179230412000024, 10.499298386000017 ], [ 125.179238575000099, 10.499290357000065 ], [ 125.179263062000018, 10.499258241000065 ], [ 125.179287550000012, 10.499234154000025 ], [ 125.179298434000088, 10.499226124000074 ], [ 125.1793202, 10.499199361000022 ], [ 125.179339248000019, 10.499183302000063 ], [ 125.179347409000115, 10.499172597000038 ], [ 125.17935829300005, 10.499164568000026 ], [ 125.179374618000111, 10.499148509000063 ], [ 125.179380061000074, 10.499140480000051 ], [ 125.179393665000035, 10.499132450000047 ], [ 125.17940182700012, 10.499121745000025 ], [ 125.179412711000069, 10.499113715000021 ], [ 125.179418153000043, 10.499105687000052 ], [ 125.179426315000114, 10.499097658000039 ], [ 125.179437200000052, 10.499089628000032 ], [ 125.17944536200001, 10.499078923000072 ], [ 125.179453525000085, 10.499073569000075 ], [ 125.179469850000046, 10.499054835000036 ], [ 125.179475290000028, 10.49904413100006 ], [ 125.179483453000103, 10.499033425000047 ], [ 125.179521547000022, 10.499003983000021 ], [ 125.179543312000078, 10.498974545000067 ], [ 125.179559638000114, 10.498958486000051 ], [ 125.179573241000085, 10.498939752000066 ], [ 125.179584123000055, 10.498918343000067 ], [ 125.179605888000097, 10.49888622800006 ], [ 125.179611328000078, 10.498875524000027 ], [ 125.179619491000025, 10.498867495000068 ], [ 125.179630372000034, 10.498846085000023 ], [ 125.179633092000017, 10.498835381000049 ], [ 125.179638532000027, 10.498824677000075 ], [ 125.17964125200001, 10.49881397300004 ], [ 125.179650650000099, 10.498790477000055 ], [ 125.179670106000117, 10.498768337000058 ], [ 125.179683193000074, 10.498742588000027 ], [ 125.17970064500004, 10.498720517000036 ], [ 125.179713112000059, 10.498711932000049 ], [ 125.179725625000074, 10.498693984000056 ], [ 125.179733678000048, 10.49867637400007 ], [ 125.17974239900002, 10.498639592000071 ], [ 125.179751747000068, 10.498623652000047 ], [ 125.179757977000023, 10.498604035000026 ], [ 125.179761012000071, 10.498565105000068 ], [ 125.179772632000095, 10.498544476000061 ], [ 125.179777998000077, 10.49853919800006 ], [ 125.179787961000116, 10.498515825000023 ], [ 125.179811721000078, 10.498473602000047 ], [ 125.17982948000008, 10.498431049000031 ], [ 125.17983472700007, 10.49842330600006 ], [ 125.179839972000082, 10.498402660000067 ], [ 125.179839970000089, 10.498392338000031 ], [ 125.179842593000103, 10.498382015000058 ], [ 125.179842573000087, 10.498283951000074 ], [ 125.179839946000016, 10.498273629000041 ], [ 125.17983993900009, 10.498240081000063 ], [ 125.17983468400007, 10.498209115000066 ], [ 125.179834677000031, 10.498175567000033 ], [ 125.179832050000073, 10.498165245000052 ], [ 125.17983204100004, 10.49812137400005 ], [ 125.179849675000028, 10.497875074000033 ], [ 125.179856137000115, 10.497828265000066 ], [ 125.179866251000021, 10.497781395000061 ], [ 125.179873069000109, 10.497754336000071 ], [ 125.179893977, 10.497698297000055 ], [ 125.179915015, 10.497649439000044 ], [ 125.179939672000046, 10.497598722000021 ], [ 125.179948543000023, 10.497584199000073 ], [ 125.180031375000112, 10.497468437000064 ], [ 125.180036622000102, 10.497458113000048 ], [ 125.180060237000035, 10.49742714100006 ], [ 125.180075980000083, 10.497409073000028 ], [ 125.180107469000049, 10.497378100000047 ], [ 125.180120590000115, 10.497370356000031 ], [ 125.180149455000105, 10.497347125000035 ], [ 125.180165199000044, 10.497329057000057 ], [ 125.180175696000092, 10.497323894000035 ], [ 125.180183568000075, 10.497316150000074 ], [ 125.180204561000096, 10.497300663000033 ], [ 125.180215058000044, 10.497295499000074 ], [ 125.180233427000076, 10.497280012000031 ], [ 125.180238674000066, 10.497269688000072 ], [ 125.180262290000087, 10.497246458000063 ], [ 125.180283281000015, 10.497218066000073 ], [ 125.180293775000123, 10.497197420000077 ], [ 125.180293772000027, 10.497184517000047 ], [ 125.180301640000039, 10.497156129000075 ], [ 125.180301631000034, 10.497114839000066 ], [ 125.18029617, 10.497025025000026 ], [ 125.180293231000064, 10.497013985000022 ], [ 125.180282623000053, 10.496987924000052 ], [ 125.180282614000021, 10.496943617000055 ], [ 125.180287911000065, 10.496922766000067 ], [ 125.180287909000072, 10.49690973400004 ], [ 125.180279950000113, 10.496878460000058 ], [ 125.180282599000066, 10.496868034000043 ], [ 125.180292494000028, 10.496848565000052 ], [ 125.180290222000053, 10.496848106000069 ], [ 125.180075848000115, 10.496797759000058 ], [ 125.179853525000127, 10.496859068000049 ], [ 125.179718018000017, 10.497011185000076 ], [ 125.179710388000117, 10.497172355000032 ], [ 125.179679175000047, 10.497301169000023 ], [ 125.179562246000046, 10.497316917000035 ], [ 125.179474970000129, 10.497253995000049 ], [ 125.179444060000037, 10.497153323000074 ], [ 125.179431609000062, 10.496992740000053 ], [ 125.179448575000038, 10.496719860000043 ], [ 125.179371263000021, 10.496462574000077 ], [ 125.179161788000101, 10.496087043000045 ], [ 125.178780677000077, 10.49581942700007 ], [ 125.177901833000092, 10.495960569000031 ], [ 125.176688856000069, 10.496043948000022 ], [ 125.176323754000023, 10.495896320000043 ], [ 125.175639374000085, 10.495645789000035 ], [ 125.17512935600007, 10.495382803000041 ], [ 125.174807400000063, 10.494939477000061 ], [ 125.174766540000064, 10.494624138000061 ], [ 125.174652100000117, 10.494284631000028 ], [ 125.174652100000117, 10.493698120000033 ], [ 125.174530030000028, 10.493492126000033 ], [ 125.174468994000108, 10.49308013900003 ], [ 125.174331665000068, 10.492813110000039 ], [ 125.173865957000089, 10.492591541000023 ], [ 125.173501332000114, 10.492511465000064 ], [ 125.173304192000046, 10.492520319000052 ], [ 125.172741274000032, 10.492283962000045 ], [ 125.172079499, 10.492010747000052 ], [ 125.171145842000101, 10.491904531000046 ], [ 125.170363297000108, 10.492060787000071 ], [ 125.169517565000092, 10.492253444000028 ], [ 125.168944312000022, 10.492257208000067 ], [ 125.167863027000053, 10.492099593000031 ], [ 125.16711097300005, 10.491932074000033 ], [ 125.166177890000085, 10.491908409000077 ], [ 125.165157670000113, 10.49135237400003 ], [ 125.164562855000099, 10.490891024000062 ], [ 125.164590358000069, 10.490695790000075 ], [ 125.164604187, 10.490509987000053 ], [ 125.164016724000021, 10.489899635000029 ], [ 125.162593318000077, 10.487973139000074 ], [ 125.161674500000117, 10.487082481000071 ], [ 125.161071778000078, 10.48618030500006 ], [ 125.160423279000057, 10.485890388000028 ], [ 125.159873963000109, 10.486108780000054 ], [ 125.159447944000036, 10.486110382000048 ], [ 125.159190391000038, 10.486157171000061 ], [ 125.15885925300006, 10.485997199000053 ], [ 125.158264160000044, 10.486021996000032 ], [ 125.158035278000057, 10.485839843000063 ], [ 125.157398636000039, 10.485899099000049 ], [ 125.15673049400003, 10.485798540000076 ], [ 125.155994561000071, 10.485765998000032 ], [ 125.155271896000045, 10.485691246000043 ], [ 125.15464363000001, 10.485640038000042 ], [ 125.154018761000088, 10.485216398000032 ], [ 125.153119772000082, 10.484636976000044 ], [ 125.152694535000023, 10.484564789000046 ], [ 125.151719811000021, 10.484000887000036 ], [ 125.151293954000053, 10.483838623000052 ], [ 125.150943213000104, 10.483570759000031 ], [ 125.150667694000049, 10.483212308000075 ], [ 125.149615062000066, 10.482348662000051 ], [ 125.148792966000087, 10.481918835000045 ], [ 125.148275688000012, 10.481697132000022 ], [ 125.147494132000034, 10.480546395000031 ], [ 125.147219550000031, 10.480323051000028 ], [ 125.146774084000072, 10.479515346000028 ], [ 125.146179211000117, 10.479038937000039 ], [ 125.145707237000025, 10.478786897000075 ], [ 125.145304685000042, 10.478703286000039 ], [ 125.144766288000028, 10.47871817500004 ], [ 125.144233229000065, 10.478406491000042 ], [ 125.143760121000014, 10.477989309000066 ], [ 125.143684166000085, 10.477760613000045 ], [ 125.138688276000039, 10.473451679000048 ], [ 125.127748270000083, 10.466779198000038 ], [ 125.124536318000082, 10.47597256400007 ], [ 125.139047338000069, 10.487680675000032 ], [ 125.14883422900003, 10.489377975000025 ], [ 125.150619507000087, 10.489562988000047 ], [ 125.152099609000075, 10.490395546000061 ], [ 125.153717041000064, 10.491450310000062 ], [ 125.154663086000028, 10.492280006000046 ], [ 125.155342102000091, 10.492128372000023 ], [ 125.155876159000059, 10.492259025000068 ], [ 125.15730285700009, 10.492410660000072 ], [ 125.158226013000103, 10.492764473000021 ], [ 125.159461975000113, 10.493523598000021 ], [ 125.159797669000127, 10.493540764000043 ], [ 125.159927368000012, 10.494012833000056 ], [ 125.160400270000096, 10.49407957300002 ], [ 125.160209656, 10.494298935000073 ], [ 125.16057585800003, 10.494603150000048 ], [ 125.160575866000045, 10.494788025000048 ], [ 125.160791927000119, 10.494825045000026 ], [ 125.160811423000041, 10.494908716000054 ], [ 125.160886488000074, 10.495083511000074 ], [ 125.160932269000114, 10.49522583600003 ], [ 125.16103907600008, 10.495458305000053 ], [ 125.161167553000055, 10.495595363000064 ], [ 125.16140117100008, 10.495772753000038 ], [ 125.161598206, 10.495857239000031 ], [ 125.162094116000063, 10.496034622000026 ], [ 125.162284851000095, 10.496112823000034 ], [ 125.162452697000063, 10.49623107900004 ], [ 125.162658692000022, 10.496251106000045 ], [ 125.162872315000087, 10.496310233000031 ], [ 125.162925720000089, 10.496389389000058 ], [ 125.163002014000071, 10.49648761800006 ], [ 125.163078308000095, 10.496665001000054 ], [ 125.163192749000018, 10.496842384000047 ], [ 125.163307190000069, 10.497020721000068 ], [ 125.163551331000022, 10.497178077000058 ], [ 125.163726807000103, 10.49727630600006 ], [ 125.163803101000099, 10.497335434000034 ], [ 125.16395568900009, 10.497453689000054 ], [ 125.164161682000099, 10.497532845000023 ], [ 125.164367676000097, 10.497571945000065 ], [ 125.164558411000044, 10.49769115400005 ], [ 125.164825439000069, 10.497828483000035 ], [ 125.164978027000075, 10.497946739000042 ], [ 125.165222168000014, 10.498124123000025 ], [ 125.165283203000072, 10.49820327800006 ], [ 125.165428162000012, 10.498341560000027 ], [ 125.165428162000012, 10.498538971000073 ], [ 125.165603638000107, 10.498657227000024 ], [ 125.165603638000107, 10.498952865000035 ], [ 125.165695190000079, 10.49913024800003 ], [ 125.165832520000095, 10.499425888000076 ], [ 125.166000366000048, 10.499662399000046 ], [ 125.166000366000048, 10.499879837000037 ], [ 125.166000366000048, 10.500076294000051 ], [ 125.166000366000048, 10.50056934400004 ], [ 125.166168213000105, 10.500845909000077 ], [ 125.166320801000111, 10.501102447000047 ], [ 125.166419983000083, 10.501279830000041 ], [ 125.166496277000093, 10.501457214000027 ], [ 125.166664124000022, 10.501575470000034 ], [ 125.166854858000079, 10.501791954000055 ], [ 125.167060852000077, 10.501989364000055 ], [ 125.167098999000018, 10.502087592000068 ], [ 125.167137146000087, 10.502384185000038 ], [ 125.16725158700001, 10.50256156900002 ], [ 125.167350769000109, 10.502738953000062 ], [ 125.167427063000105, 10.502936363000059 ], [ 125.167518615000077, 10.502975463000041 ], [ 125.167709351000113, 10.503191947000058 ], [ 125.167800904000046, 10.503393173000065 ], [ 125.168067932000085, 10.503590584000051 ], [ 125.168327332000118, 10.503788948000022 ], [ 125.16850280700011, 10.503986358000081 ], [ 125.168647766000049, 10.504208564000066 ], [ 125.168777466000066, 10.504443169000067 ], [ 125.168876648000037, 10.504616737000051 ], [ 125.168884277000075, 10.504814148000035 ], [ 125.168884277000075, 10.505062103000055 ], [ 125.168861390000075, 10.505247116000023 ], [ 125.168907166000054, 10.505359650000059 ], [ 125.17008209200003, 10.506348610000028 ], [ 125.171913147000055, 10.507184982000069 ], [ 125.172966003000056, 10.508032798000045 ], [ 125.173230327000056, 10.508358293000072 ], [ 125.173468294000045, 10.508651330000021 ], [ 125.173665479000078, 10.508894147000033 ], [ 125.174095154000057, 10.509423255000058 ], [ 125.175025940000054, 10.510415077000062 ], [ 125.17505338300009, 10.510398632000033 ], [ 125.175092716000123, 10.510435482000046 ], [ 125.175131896000053, 10.51041340200004 ] ] ] ] } },
{ "type": "Feature", "properties": { "gid": 4, "administrative_level": 4, "admin_level_name": "Barangay level 4", "shape0": "philippines", "shape1": "Eastern Visayas", "shape2": "Southern Leyte", "shape3": "Silago", "shape4": "Sudmon", "serial_id": 4, "style_info": null, "view_zoom_rotate": null, "travel_via": null, "bearing_angle": null, "bearing_distance": null, "created_at": "2026-09-25T07:28:23.480Z", "modified_at": "2026-09-25T07:28:23.481Z", "geocoded_address": null, "properties": null }, "geometry": { "type": "MultiPolygon", "coordinates": [ [ [ [ 125.166996747000084, 10.518235055000048 ], [ 125.167004595000094, 10.518233124000064 ], [ 125.16703955100003, 10.51822452600004 ], [ 125.167057386000025, 10.518217509000069 ], [ 125.167071137000093, 10.518217507000031 ], [ 125.1670716550001, 10.518217507000029 ], [ 125.167113408000091, 10.51822201700003 ], [ 125.167127262, 10.518216878000034 ], [ 125.167146712000104, 10.518194106000067 ], [ 125.167148311000133, 10.518192234000026 ], [ 125.167157333000091, 10.518187304000035 ], [ 125.16719041500005, 10.518186313000056 ], [ 125.167213469000117, 10.518162653000045 ], [ 125.167219483000054, 10.518154767000057 ], [ 125.167228503000047, 10.518138009000038 ], [ 125.167239528000096, 10.518123223000032 ], [ 125.1672623380001, 10.518106686000063 ], [ 125.167290648000076, 10.51808192800007 ], [ 125.167362537000045, 10.518032218000027 ], [ 125.167373866000048, 10.518022689000077 ], [ 125.167383261000069, 10.518011309000025 ], [ 125.167405945000041, 10.517994130000032 ], [ 125.16742304800006, 10.517988282000033 ], [ 125.167477956000084, 10.517953802000019 ], [ 125.167506290000105, 10.517930920000026 ], [ 125.167534575000104, 10.517904285000043 ], [ 125.167562959000065, 10.517885157000022 ], [ 125.167595086000119, 10.517860350000031 ], [ 125.167636780000066, 10.517837299000066 ], [ 125.167657603000066, 10.51782389600004 ], [ 125.167693474000089, 10.517793411000072 ], [ 125.167717941000078, 10.517766825000022 ], [ 125.167725502000067, 10.517761098000051 ], [ 125.167738789000055, 10.517755299000042 ], [ 125.167765313000032, 10.51773994800004 ], [ 125.167778550000108, 10.517730396000047 ], [ 125.167795556000101, 10.517717042000072 ], [ 125.167810628000112, 10.517701836000073 ], [ 125.167833335000068, 10.517686533000075 ], [ 125.167908893000117, 10.517625515000075 ], [ 125.167994020000052, 10.517566252000051 ], [ 125.168100092000032, 10.517502970000066 ], [ 125.168134152000107, 10.517480015000046 ], [ 125.168192927000064, 10.517449240000076 ], [ 125.168280331000119, 10.517418100000045 ], [ 125.168327629000032, 10.517385594000077 ], [ 125.168357971000106, 10.517370194000021 ], [ 125.168376234000121, 10.517357700000048 ], [ 125.168397131, 10.517349928000044 ], [ 125.168406600000026, 10.517344177000039 ], [ 125.168421647000045, 10.517327094000052 ], [ 125.168444354000044, 10.517311791000054 ], [ 125.168476481000098, 10.517286985000055 ], [ 125.16848966900011, 10.517273679000027 ], [ 125.168523656000048, 10.517245095000023 ], [ 125.168612476000021, 10.517176400000039 ], [ 125.168672789000084, 10.517117453000026 ], [ 125.168712403000086, 10.517081289000028 ], [ 125.168731194000088, 10.51705852800006 ], [ 125.168800927, 10.516990076000068 ], [ 125.168832906000048, 10.516954010000063 ], [ 125.168849764000029, 10.516929397000068 ], [ 125.168872323000073, 10.516902834000064 ], [ 125.168894931000068, 10.516880025000034 ], [ 125.168915606000056, 10.516855363000049 ], [ 125.168974011000046, 10.516796439000077 ], [ 125.168998577000025, 10.516777358000068 ], [ 125.169015533000106, 10.516760251000049 ], [ 125.169030556000052, 10.516741292000061 ], [ 125.169045456000063, 10.516712949000066 ], [ 125.169062314000044, 10.516688336000072 ], [ 125.169092360000036, 10.516650417000053 ], [ 125.169155995000082, 10.516598928000066 ], [ 125.169174934000026, 10.51658742500007 ], [ 125.169201410000028, 10.516568322000067 ], [ 125.16922215700005, 10.516549290000057 ], [ 125.169254038000076, 10.516505717000028 ], [ 125.169329349000023, 10.516425932000059 ], [ 125.169353768000079, 10.516395592000038 ], [ 125.169408306000051, 10.516332963000025 ], [ 125.169429030000074, 10.516312055000069 ], [ 125.16950419300008, 10.516221011000027 ], [ 125.169539719000113, 10.516164254000046 ], [ 125.169573434000085, 10.516115027000067 ], [ 125.169594084000096, 10.516088489000026 ], [ 125.169663374000038, 10.515986257000066 ], [ 125.16971565900009, 10.515897381000059 ], [ 125.16973965900003, 10.515835139000043 ], [ 125.169778559000051, 10.515744555000026 ], [ 125.169791574000115, 10.515718114000036 ], [ 125.169802632000042, 10.515687943000044 ], [ 125.169843490000062, 10.515601088000039 ], [ 125.169859881000093, 10.515540819000023 ], [ 125.169880014000128, 10.515474871000038 ], [ 125.169890222000049, 10.515431612000045 ], [ 125.169894131000092, 10.515423711000039 ], [ 125.169901820000064, 10.515396121000038 ], [ 125.169907706000131, 10.515386234000061 ], [ 125.169917371000111, 10.515356659000073 ], [ 125.169917262000027, 10.515346836000051 ], [ 125.16992108500007, 10.515331077000038 ], [ 125.169936658000097, 10.51529357900006 ], [ 125.169951926000053, 10.515228577000073 ], [ 125.169967455000119, 10.515187150000029 ], [ 125.169973189000075, 10.515163511000026 ], [ 125.169992671000031, 10.515118112000037 ], [ 125.170004204000051, 10.515076727000064 ], [ 125.170017757000096, 10.515037286000055 ], [ 125.170023296000068, 10.51499596600007 ], [ 125.170024903000026, 10.514960582000073 ], [ 125.17003813000008, 10.514891672000033 ], [ 125.170039607000035, 10.514844500000034 ], [ 125.170043430000064, 10.514828741000029 ], [ 125.170052748000103, 10.514767732000054 ], [ 125.170052596000119, 10.514753980000021 ], [ 125.170056375000058, 10.514734291000023 ], [ 125.170057856000085, 10.514687491000071 ], [ 125.170065240000099, 10.514632396000025 ], [ 125.170064936000017, 10.514604893000071 ], [ 125.170060745000114, 10.514587255000036 ], [ 125.170062591000033, 10.514573481000072 ], [ 125.170061571000033, 10.514568693000058 ], [ 125.170063441000039, 10.514561677000071 ], [ 125.170073712000104, 10.514553673000023 ], [ 125.170077308000032, 10.514536735000036 ], [ 125.170069427000044, 10.514518066000049 ], [ 125.1700668430001, 10.514501159000073 ], [ 125.170061399, 10.514488138000047 ], [ 125.170059269000049, 10.514471273000025 ], [ 125.170062692000087, 10.514441199000032 ], [ 125.170056646000035, 10.514416876000038 ], [ 125.170048765000047, 10.514398207000054 ], [ 125.170044702000041, 10.514379490000067 ], [ 125.170050305000018, 10.514370034000022 ], [ 125.170059749000075, 10.514362407000021 ], [ 125.170063443000117, 10.514352976000055 ], [ 125.170063320000054, 10.514343593000033 ], [ 125.170066842000111, 10.514321026000061 ], [ 125.170062803000079, 10.514304185000068 ], [ 125.17005883800006, 10.514292974000059 ], [ 125.170041291000075, 10.514265043000021 ], [ 125.170035794000114, 10.514261455000055 ], [ 125.170033509000078, 10.514253881000059 ], [ 125.170031329000025, 10.514233262000062 ], [ 125.170025210000063, 10.514203310000026 ], [ 125.170019336000109, 10.514192123000045 ], [ 125.170009399000037, 10.51416221900007 ], [ 125.170007195000039, 10.514139724000076 ], [ 125.170001121000041, 10.514126488000043 ], [ 125.169993568000123, 10.514103256000055 ], [ 125.169990646000088, 10.514059443000065 ], [ 125.169983481000031, 10.514029437000032 ], [ 125.169974636, 10.513995527000075 ], [ 125.169960884000034, 10.513956377000055 ], [ 125.169934914, 10.513868493000077 ], [ 125.169920717000096, 10.513804859000059 ], [ 125.169898811000053, 10.513735692000063 ], [ 125.169883025000104, 10.513696477000053 ], [ 125.169878937000036, 10.513675883000074 ], [ 125.169794042000035, 10.513377261000072 ], [ 125.169775763000089, 10.513339147000066 ], [ 125.16977055800011, 10.513308875000064 ], [ 125.169757148000045, 10.513270709000038 ], [ 125.169748432, 10.513216531000069 ], [ 125.16974338600005, 10.513200623000044 ], [ 125.169726854000032, 10.51317366400002 ], [ 125.169726554000022, 10.513146532000064 ], [ 125.169732377000059, 10.513085813000034 ], [ 125.169730612000095, 10.513073063000034 ], [ 125.169725584000048, 10.513058751000074 ], [ 125.169705682000085, 10.513020655000044 ], [ 125.169713639000065, 10.513006204000019 ], [ 125.169716727000036, 10.512991805000068 ], [ 125.16971662100002, 10.512982229000047 ], [ 125.169709969000124, 10.512967934000075 ], [ 125.169709352000041, 10.512912074000042 ], [ 125.169702753000024, 10.512902567000022 ], [ 125.169694584, 10.51289786500007 ], [ 125.169686521000031, 10.512902740000072 ], [ 125.169681739000112, 10.512910772000055 ], [ 125.169659605000106, 10.512915370000028 ], [ 125.169648229000018, 10.512914943000055 ], [ 125.169639695000129, 10.512891880000041 ], [ 125.169637560000069, 10.512879300000066 ], [ 125.169643952000129, 10.512839459000078 ], [ 125.169643948000029, 10.512824783000044 ], [ 125.169641813000112, 10.512810105000026 ], [ 125.169641802000129, 10.512740912000025 ], [ 125.169646061000094, 10.512711391000039 ], [ 125.169635385000092, 10.512629617000075 ], [ 125.16963751500009, 10.512614939000057 ], [ 125.169631111000058, 10.512577198000031 ], [ 125.169631109000093, 10.512564617000065 ], [ 125.169624703000082, 10.51251848900006 ], [ 125.169631093000021, 10.512472359000071 ], [ 125.169631089000049, 10.512447197000029 ], [ 125.169637477000038, 10.51239268000006 ], [ 125.169652395000085, 10.512336064000069 ], [ 125.169663054000011, 10.512310901000033 ], [ 125.169667315000083, 10.512283642000053 ], [ 125.169671571000094, 10.512231222000025 ], [ 125.16968648600006, 10.512157832000071 ], [ 125.169696447000092, 10.51209927600007 ], [ 125.169706523000059, 10.512020440000073 ], [ 125.169722764000099, 10.511922578000052 ], [ 125.169732623000058, 10.511826874000066 ], [ 125.169757997000033, 10.511722846000053 ], [ 125.169813111000053, 10.511535135000031 ], [ 125.169828606000024, 10.511489404000027 ], [ 125.169849273000068, 10.511472465000054 ], [ 125.169854441000098, 10.511465690000023 ], [ 125.169857883000091, 10.511457221000057 ], [ 125.169859604000052, 10.511443672000043 ], [ 125.16986316200007, 10.511431171000025 ], [ 125.169868251000025, 10.511419002000023 ], [ 125.169880264000099, 10.511399820000063 ], [ 125.169883648000095, 10.511391132000028 ], [ 125.169890261000106, 10.511363389000053 ], [ 125.169890130000113, 10.511354752000045 ], [ 125.169903925000085, 10.511337272000047 ], [ 125.169912476000036, 10.511321596000071 ], [ 125.169920923000063, 10.511299011000061 ], [ 125.169931439000038, 10.511297130000059 ], [ 125.169959785000074, 10.511312268000038 ], [ 125.169998621000119, 10.511323798000035 ], [ 125.170032004000063, 10.511323312000057 ], [ 125.170042624000089, 10.511328341000024 ], [ 125.170069031000025, 10.511331412000059 ], [ 125.17009884800008, 10.511327523000032 ], [ 125.170114661000071, 10.511327292000033 ], [ 125.170133936000056, 10.511323556000036 ], [ 125.170158430000015, 10.511316288000044 ], [ 125.170172459000014, 10.511314356000073 ], [ 125.170191708000061, 10.511308892000045 ], [ 125.170237156000098, 10.511292679000064 ], [ 125.170254674000034, 10.511288968000029 ], [ 125.170265112000038, 10.511281905000034 ], [ 125.170272036000014, 10.511274892000072 ], [ 125.170290895000093, 10.511243516000034 ], [ 125.170301229000088, 10.511229542000024 ], [ 125.170304639000051, 10.511222581000025 ], [ 125.170302700000079, 10.511210514000027 ], [ 125.17029866900009, 10.511203990000066 ], [ 125.170308744000081, 10.511172838000052 ], [ 125.170315943000105, 10.511165757000073 ], [ 125.170331783000051, 10.511160091000022 ], [ 125.170357489000011, 10.511155922000059 ], [ 125.170397558000118, 10.511130698000045 ], [ 125.170416792000097, 10.511121239000033 ], [ 125.170429615000117, 10.511116509000031 ], [ 125.170456864000016, 10.511110200000076 ], [ 125.170469687000036, 10.511103893000035 ], [ 125.170498536000082, 10.51108182400003 ], [ 125.170522576000053, 10.511055026000065 ], [ 125.170570657000098, 10.51101246600007 ], [ 125.170594699000048, 10.510996701000067 ], [ 125.170628359000034, 10.510987239000031 ], [ 125.170702094000049, 10.510980922000044 ], [ 125.170763004000037, 10.51096830400007 ], [ 125.170790253000064, 10.510966723000024 ], [ 125.170806282000072, 10.510963568000022 ], [ 125.170828724000117, 10.510961989000066 ], [ 125.170918489000101, 10.510963550000042 ], [ 125.170982606000052, 10.510957235000033 ], [ 125.171040312000059, 10.510957225000025 ], [ 125.171069167000041, 10.510966676000065 ], [ 125.171073398000104, 10.510978730000032 ], [ 125.171075587000018, 10.511002923000035 ], [ 125.171086812000112, 10.511029714000074 ], [ 125.17109963900009, 10.511050201000044 ], [ 125.171110861000102, 10.511058079000065 ], [ 125.171126894000054, 10.511073837000026 ], [ 125.171133308000108, 10.511084868000067 ], [ 125.17113491300006, 10.511097477000023 ], [ 125.171142931000077, 10.511116388000062 ], [ 125.171152550000116, 10.511125843000061 ], [ 125.171160566000012, 10.511128993000055 ], [ 125.171166978000088, 10.511130568000057 ], [ 125.17117659500002, 10.511128991000019 ], [ 125.171195829000126, 10.511122682000062 ], [ 125.171208652000018, 10.511116377000063 ], [ 125.171232694000096, 10.511100612000066 ], [ 125.171240708000042, 10.511097459000039 ], [ 125.171264749000102, 10.511078542000066 ], [ 125.17129039100007, 10.511050169000043 ], [ 125.171314433000035, 10.511034404000043 ], [ 125.17131924100012, 10.51102967500003 ], [ 125.171328857000063, 10.51101233700007 ], [ 125.17133206000004, 10.511002880000035 ], [ 125.171324746000082, 10.51099666500005 ], [ 125.171324744000131, 10.510988170000072 ], [ 125.171330502000046, 10.510974009000051 ], [ 125.171333657000105, 10.510971358000059 ], [ 125.171368921000081, 10.510965048000058 ], [ 125.171381744000101, 10.510958742000069 ], [ 125.171455477000109, 10.510941393000051 ], [ 125.17146349100004, 10.510938239000039 ], [ 125.171482724000057, 10.51092562800005 ], [ 125.171513177000065, 10.51090986200006 ], [ 125.171534013000027, 10.510894098000051 ], [ 125.1715420270001, 10.510890944000041 ], [ 125.171590111000114, 10.510862567000061 ], [ 125.171609345000078, 10.510854684000039 ], [ 125.171633387000043, 10.510842071000068 ], [ 125.171654224, 10.510835763000046 ], [ 125.171659032000093, 10.510832610000019 ], [ 125.171737574000076, 10.51081526000007 ], [ 125.17176642600009, 10.51080737500007 ], [ 125.171804894000033, 10.510793183000034 ], [ 125.171819320000054, 10.510790030000065 ], [ 125.17184015700002, 10.510782146000055 ], [ 125.171878627000069, 10.510771107000041 ], [ 125.17189144800011, 10.510764800000061 ], [ 125.171900628000117, 10.510757633000026 ], [ 125.171945486000027, 10.510746579000056 ], [ 125.17195598, 10.510741418000066 ], [ 125.171976970000074, 10.51073625500004 ], [ 125.172011076000103, 10.510723351000024 ], [ 125.172042560000023, 10.510715606000074 ], [ 125.172055678000092, 10.51071560400004 ], [ 125.17206617300009, 10.51071302200006 ], [ 125.172105529000092, 10.510713015000022 ], [ 125.172137013000125, 10.510705271000065 ], [ 125.17216062600005, 10.510705267000048 ], [ 125.172171121000019, 10.510702685000069 ], [ 125.172184240000092, 10.510702683000032 ], [ 125.172199982000038, 10.510700101000051 ], [ 125.172220972000105, 10.51070009700004 ], [ 125.172302305000017, 10.510682025000047 ], [ 125.1723154230001, 10.510682023000072 ], [ 125.172339036000054, 10.510676859000057 ], [ 125.172352156000116, 10.510676857000018 ], [ 125.172360026000092, 10.51067427600003 ], [ 125.172399383000069, 10.510674269000047 ], [ 125.172409876000089, 10.510671688000061 ], [ 125.172459728000035, 10.510671679000041 ], [ 125.172499082000058, 10.510663933000046 ], [ 125.172512201000018, 10.510663931000067 ], [ 125.172533190000095, 10.51065876800004 ], [ 125.172559428000113, 10.510658763000036 ], [ 125.172569922000093, 10.51065618200005 ], [ 125.172580417000049, 10.510656180000071 ], [ 125.172601406000027, 10.510651017000042 ], [ 125.172627644000045, 10.510651012000038 ], [ 125.172638138000011, 10.51064843100005 ], [ 125.172685366000124, 10.510648422000031 ], [ 125.17269848400008, 10.51064584000005 ], [ 125.172737840000067, 10.51064583400006 ], [ 125.172745711000061, 10.510643252000021 ], [ 125.172766703000079, 10.510648408000066 ], [ 125.172777199000038, 10.51065356600003 ], [ 125.172808684000074, 10.510661300000038 ], [ 125.172842794000076, 10.510666453000054 ], [ 125.17287428200008, 10.510679345000026 ], [ 125.172905768000078, 10.510687080000025 ], [ 125.17294774800007, 10.510687073000041 ], [ 125.172979232000117, 10.510681908000038 ], [ 125.173165520000097, 10.510681875000044 ], [ 125.173199627000031, 10.510674130000041 ], [ 125.173210121000025, 10.510668969000051 ], [ 125.173228487000088, 10.510663806000023 ], [ 125.173268236, 10.510644238000054 ], [ 125.173283931000014, 10.510644235000028 ], [ 125.173290657000067, 10.510642030000042 ], [ 125.173310836000056, 10.510646435000069 ], [ 125.173317564000058, 10.510650843000063 ], [ 125.173324294000054, 10.510668478000072 ], [ 125.173322053000106, 10.510679501000025 ], [ 125.173317570000123, 10.510686116000045 ], [ 125.173315333000104, 10.510710366000067 ], [ 125.173326549000095, 10.510743433000075 ], [ 125.173348975000067, 10.510763270000039 ], [ 125.173373641000012, 10.510774288000052 ], [ 125.173387094000077, 10.510774286000069 ], [ 125.173400547000028, 10.510767670000066 ], [ 125.173416239000062, 10.510756644000027 ], [ 125.173425206000061, 10.510747825000065 ], [ 125.173429688000056, 10.510736800000075 ], [ 125.173427443000037, 10.510721369000064 ], [ 125.173427441000058, 10.510708142000055 ], [ 125.173429681000016, 10.510697119000042 ], [ 125.173447616000104, 10.510683888000072 ], [ 125.173461069000041, 10.51068168200004 ], [ 125.173490217000122, 10.510681676000047 ], [ 125.173503671000049, 10.510683879000055 ], [ 125.173519366000065, 10.510683876000027 ], [ 125.173546271000077, 10.510679462000041 ], [ 125.173568691000014, 10.510670640000056 ], [ 125.173611295000114, 10.510677246000057 ], [ 125.173624748000051, 10.510681653000065 ], [ 125.173633720000112, 10.510699287000023 ], [ 125.173633723000094, 10.510714719000019 ], [ 125.173647179000113, 10.510732353000037 ], [ 125.173660633000068, 10.510736760000043 ], [ 125.173680812000029, 10.510736757000071 ], [ 125.173700991000032, 10.510732344000077 ], [ 125.173712201000058, 10.510725728000068 ], [ 125.17371892600012, 10.510719113000052 ], [ 125.173721167000068, 10.510710295000024 ], [ 125.173739099000059, 10.510681632000058 ], [ 125.173750934000054, 10.510677731000044 ], [ 125.173777615000063, 10.51068081300002 ], [ 125.173803509000095, 10.510677722000024 ], [ 125.17382445600002, 10.510678566000024 ], [ 125.173919942000126, 10.510674468000047 ], [ 125.173961611000095, 10.510666838000079 ], [ 125.173982806000026, 10.510660402000042 ], [ 125.174003396000103, 10.510644915000057 ], [ 125.174202773000047, 10.510639345000072 ], [ 125.17423867400008, 10.510651944000072 ], [ 125.174272009000106, 10.510651938000024 ], [ 125.174310471000013, 10.51064941000004 ], [ 125.174351497000089, 10.510639318000072 ], [ 125.174361753000085, 10.510639316000038 ], [ 125.174372010000084, 10.51063679300006 ], [ 125.174392523000037, 10.510636790000039 ], [ 125.17442585600007, 10.510629220000057 ], [ 125.174438677000012, 10.510629218000076 ], [ 125.174492523000026, 10.510616602000026 ], [ 125.174513035000032, 10.510606514000076 ], [ 125.174523291000014, 10.510603991000037 ], [ 125.174546369000055, 10.510603987000025 ], [ 125.174610471000051, 10.510591370000041 ], [ 125.174664551000106, 10.510586149000062 ], [ 125.174736111000016, 10.510566135000033 ], [ 125.174746368000115, 10.51056613400004 ], [ 125.174756624000125, 10.510561089000021 ], [ 125.174766880000107, 10.510558566000043 ], [ 125.174777137000092, 10.510558565000055 ], [ 125.174789958000019, 10.510556041000029 ], [ 125.17486431600004, 10.510538380000069 ], [ 125.174884827000042, 10.510528291000067 ], [ 125.174907904000065, 10.510523245000059 ], [ 125.174928416000057, 10.510513156000059 ], [ 125.174938672000039, 10.510510633000024 ], [ 125.174969439000066, 10.510495501000037 ], [ 125.175000208000029, 10.510485411000047 ], [ 125.175030975000027, 10.510470278000069 ], [ 125.175092716000123, 10.510435482000046 ], [ 125.17505338300009, 10.510398632000033 ], [ 125.175025940000054, 10.510415077000062 ], [ 125.174095154000057, 10.509423255000058 ], [ 125.173665479000078, 10.508894147000033 ], [ 125.173468294000045, 10.508651330000021 ], [ 125.173230327000056, 10.508358293000072 ], [ 125.172966003000056, 10.508032798000045 ], [ 125.171913147000055, 10.507184982000069 ], [ 125.17008209200003, 10.506348610000028 ], [ 125.168907166000054, 10.505359650000059 ], [ 125.168861390000075, 10.505247116000023 ], [ 125.168884277000075, 10.505062103000055 ], [ 125.168884277000075, 10.504814148000035 ], [ 125.168876648000037, 10.504616737000051 ], [ 125.168777466000066, 10.504443169000067 ], [ 125.168647766000049, 10.504208564000066 ], [ 125.16850280700011, 10.503986358000081 ], [ 125.168327332000118, 10.503788948000022 ], [ 125.168067932000085, 10.503590584000051 ], [ 125.167800904000046, 10.503393173000065 ], [ 125.167709351000113, 10.503191947000058 ], [ 125.167518615000077, 10.502975463000041 ], [ 125.167427063000105, 10.502936363000059 ], [ 125.167350769000109, 10.502738953000062 ], [ 125.16725158700001, 10.50256156900002 ], [ 125.167137146000087, 10.502384185000038 ], [ 125.167098999000018, 10.502087592000068 ], [ 125.167060852000077, 10.501989364000055 ], [ 125.166854858000079, 10.501791954000055 ], [ 125.166664124000022, 10.501575470000034 ], [ 125.166496277000093, 10.501457214000027 ], [ 125.166419983000083, 10.501279830000041 ], [ 125.166320801000111, 10.501102447000047 ], [ 125.166168213000105, 10.500845909000077 ], [ 125.166000366000048, 10.50056934400004 ], [ 125.166000366000048, 10.500076294000051 ], [ 125.166000366000048, 10.499879837000037 ], [ 125.166000366000048, 10.499662399000046 ], [ 125.165832520000095, 10.499425888000076 ], [ 125.165695190000079, 10.49913024800003 ], [ 125.165603638000107, 10.498952865000035 ], [ 125.165603638000107, 10.498657227000024 ], [ 125.165428162000012, 10.498538971000073 ], [ 125.165428162000012, 10.498341560000027 ], [ 125.165283203000072, 10.49820327800006 ], [ 125.165222168000014, 10.498124123000025 ], [ 125.164978027000075, 10.497946739000042 ], [ 125.164825439000069, 10.497828483000035 ], [ 125.164558411000044, 10.49769115400005 ], [ 125.164367676000097, 10.497571945000065 ], [ 125.164161682000099, 10.497532845000023 ], [ 125.16395568900009, 10.497453689000054 ], [ 125.163803101000099, 10.497335434000034 ], [ 125.163726807000103, 10.49727630600006 ], [ 125.163551331000022, 10.497178077000058 ], [ 125.163307190000069, 10.497020721000068 ], [ 125.163192749000018, 10.496842384000047 ], [ 125.163078308000095, 10.496665001000054 ], [ 125.163002014000071, 10.49648761800006 ], [ 125.162925720000089, 10.496389389000058 ], [ 125.162872315000087, 10.496310233000031 ], [ 125.162658692000022, 10.496251106000045 ], [ 125.162452697000063, 10.49623107900004 ], [ 125.162284851000095, 10.496112823000034 ], [ 125.162094116000063, 10.496034622000026 ], [ 125.161598206, 10.495857239000031 ], [ 125.16140117100008, 10.495772753000038 ], [ 125.161167553000055, 10.495595363000064 ], [ 125.16103907600008, 10.495458305000053 ], [ 125.160932269000114, 10.49522583600003 ], [ 125.160886488000074, 10.495083511000074 ], [ 125.160811423000041, 10.494908716000054 ], [ 125.160791927000119, 10.494825045000026 ], [ 125.160575866000045, 10.494788025000048 ], [ 125.16057585800003, 10.494603150000048 ], [ 125.160209656, 10.494298935000073 ], [ 125.160400270000096, 10.49407957300002 ], [ 125.159927368000012, 10.494012833000056 ], [ 125.159797669000127, 10.493540764000043 ], [ 125.159461975000113, 10.493523598000021 ], [ 125.158226013000103, 10.492764473000021 ], [ 125.15730285700009, 10.492410660000072 ], [ 125.155876159000059, 10.492259025000068 ], [ 125.155342102000091, 10.492128372000023 ], [ 125.154663086000028, 10.492280006000046 ], [ 125.153717041000064, 10.491450310000062 ], [ 125.152099609000075, 10.490395546000061 ], [ 125.150619507000087, 10.489562988000047 ], [ 125.14883422900003, 10.489377975000025 ], [ 125.139047338000069, 10.487680675000032 ], [ 125.124536318000082, 10.47597256400007 ], [ 125.122491342000117, 10.480417260000024 ], [ 125.118516387000113, 10.488545705000037 ], [ 125.149009696000022, 10.499588820000042 ], [ 125.149467460000096, 10.500914427000053 ], [ 125.149602159000111, 10.500827854000022 ], [ 125.149766992000082, 10.50106802000005 ], [ 125.150096492000102, 10.501304853000018 ], [ 125.15048465800011, 10.501567520000037 ], [ 125.150622158000033, 10.501649354000048 ], [ 125.150732992000044, 10.50183985400002 ], [ 125.150919325000018, 10.502197354000032 ], [ 125.150963491000084, 10.502383187000017 ], [ 125.150949325000056, 10.502627354000023 ], [ 125.151132658000051, 10.503114854000048 ], [ 125.151260658000069, 10.503219021000065 ], [ 125.151394991000075, 10.503435187000036 ], [ 125.151667159000098, 10.504254353000023 ], [ 125.151851158000127, 10.504437686000076 ], [ 125.152181325000015, 10.504855187000031 ], [ 125.152348159000098, 10.504999520000071 ], [ 125.152412492000053, 10.505223520000071 ], [ 125.152436825000095, 10.505538520000073 ], [ 125.15255737300005, 10.505670547000021 ], [ 125.152776455000094, 10.506284460000073 ], [ 125.152892796000046, 10.506565757000034 ], [ 125.153078288000074, 10.506803719000061 ], [ 125.153195551000067, 10.506934058000068 ], [ 125.153307868000056, 10.507170428000052 ], [ 125.153348940000114, 10.507403779000066 ], [ 125.153473830000067, 10.50781658900007 ], [ 125.153628978000029, 10.508167287000047 ], [ 125.153861576000054, 10.508289076000041 ], [ 125.154101886000021, 10.508549167000067 ], [ 125.15435862400011, 10.508861644000033 ], [ 125.154538918000071, 10.509037161000037 ], [ 125.15472516400007, 10.50925877800006 ], [ 125.154910824000012, 10.509348130000037 ], [ 125.155116850000013, 10.509351231000037 ], [ 125.155280968000056, 10.509539824000056 ], [ 125.155442487000059, 10.509789689000057 ], [ 125.155545585000027, 10.510096550000071 ], [ 125.155555476000018, 10.510299476000059 ], [ 125.155796120000105, 10.510401232000049 ], [ 125.155925453, 10.510554789000029 ], [ 125.156270116000087, 10.510582449000026 ], [ 125.15646206200006, 10.510555962000069 ], [ 125.15670924500013, 10.510646486000045 ], [ 125.156939663000117, 10.510746483000048 ], [ 125.157129346000048, 10.510927532000041 ], [ 125.15724845200009, 10.511164823000058 ], [ 125.157342497000059, 10.511503787000036 ], [ 125.157508543000063, 10.51150328500006 ], [ 125.157682299000044, 10.511499680000043 ], [ 125.157736447000048, 10.511672766000059 ], [ 125.157917245000021, 10.51182221600004 ], [ 125.158096282000088, 10.511767399000064 ], [ 125.158561645000091, 10.511777457000049 ], [ 125.158897922000051, 10.511932588000038 ], [ 125.159134548000111, 10.511928750000036 ], [ 125.159273939000073, 10.512053976000061 ], [ 125.159337893000043, 10.512303086000031 ], [ 125.159346191000054, 10.512712374000046 ], [ 125.159433782000079, 10.51287783300006 ], [ 125.159550877000015, 10.512854448000043 ], [ 125.159767968000111, 10.512920748000052 ], [ 125.159846088000094, 10.513183772000046 ], [ 125.159967961000021, 10.513232220000077 ], [ 125.160082793000015, 10.513512343000059 ], [ 125.160228638000049, 10.513857845000077 ], [ 125.160264094000027, 10.514146099000074 ], [ 125.160410190000121, 10.514168143000063 ], [ 125.160464420000039, 10.514335362000052 ], [ 125.16049702600003, 10.514545245000022 ], [ 125.160598196000024, 10.514646833000029 ], [ 125.160411531, 10.514833247000068 ], [ 125.160479676, 10.515046148000069 ], [ 125.1606128640001, 10.515115968000034 ], [ 125.160673550000084, 10.515218563000078 ], [ 125.160533656000112, 10.515431967000037 ], [ 125.16043382700002, 10.515672778000067 ], [ 125.160557124000093, 10.515881320000062 ], [ 125.160762566000017, 10.516021969000063 ], [ 125.160992733000057, 10.516204946000069 ], [ 125.161246285000061, 10.516157420000072 ], [ 125.161565049000032, 10.516187931000049 ], [ 125.161801083000114, 10.516264960000056 ], [ 125.162055390000077, 10.516227325000047 ], [ 125.162258148000092, 10.516345929000067 ], [ 125.162569033000068, 10.516488170000059 ], [ 125.162810096000044, 10.516328159000066 ], [ 125.162867093000045, 10.516241491000072 ], [ 125.162986955000065, 10.516230594000035 ], [ 125.163067756000032, 10.516414158000028 ], [ 125.163233466000079, 10.516513819000068 ], [ 125.163396495000029, 10.51649512700004 ], [ 125.163626745000116, 10.516609288000041 ], [ 125.163853895000088, 10.516695370000038 ], [ 125.163999069000056, 10.516851693000033 ], [ 125.164256394000077, 10.516835852000039 ], [ 125.164556383000104, 10.516771730000075 ], [ 125.164681776000066, 10.516685899000036 ], [ 125.164907919000044, 10.516691263000041 ], [ 125.16505493800004, 10.516679696000038 ], [ 125.165212937000078, 10.516739041000051 ], [ 125.165323745000023, 10.516927298000041 ], [ 125.16550697400011, 10.517040370000073 ], [ 125.165705457000044, 10.517098624000026 ], [ 125.165849123000044, 10.517247570000052 ], [ 125.165916346, 10.517407749000029 ], [ 125.166071830000078, 10.517485197000042 ], [ 125.166209629000022, 10.517551917000048 ], [ 125.166224298000088, 10.517767416000027 ], [ 125.166494865000118, 10.517916278000028 ], [ 125.166609278000024, 10.517892726000072 ], [ 125.166758141000045, 10.518085090000056 ], [ 125.166856717000087, 10.518131632000062 ], [ 125.166860564000103, 10.518130473000044 ], [ 125.166860162000035, 10.518133258000033 ], [ 125.166857613000047, 10.518150902000055 ], [ 125.166857615000026, 10.518161424000025 ], [ 125.166868318000084, 10.518171944000072 ], [ 125.166879022000103, 10.518185971000037 ], [ 125.166896859000076, 10.518192983000063 ], [ 125.166907563000123, 10.518207011000074 ], [ 125.16692183400005, 10.518221037000046 ], [ 125.166932536000104, 10.518224543000031 ], [ 125.166946806000041, 10.518235062000031 ], [ 125.166996747000084, 10.518235055000048 ] ] ] ] } },
{ "type": "Feature", "properties": { "gid": 13, "administrative_level": 4, "admin_level_name": "Barangay level 4", "shape0": "philippines", "shape1": "Eastern Visayas", "shape2": "Southern Leyte", "shape3": "Silago", "shape4": "Tuba-on", "serial_id": 13, "style_info": null, "view_zoom_rotate": null, "travel_via": null, "bearing_angle": null, "bearing_distance": null, "created_at": "2026-09-25T07:28:23.480Z", "modified_at": "2026-09-25T07:28:23.481Z", "geocoded_address": null, "properties": null }, "geometry": { "type": "MultiPolygon", "coordinates": [ [ [ [ 125.111038762000021, 10.568942042000058 ], [ 125.135063166, 10.567728 ], [ 125.135589666000101, 10.567569666000054 ], [ 125.136215166000071, 10.567569666000052 ], [ 125.13674166600002, 10.56746 ], [ 125.137161333000108, 10.567132 ], [ 125.137580834000119, 10.566803999000056 ], [ 125.138107334000097, 10.566584666000036 ], [ 125.138633667000022, 10.566474833000028 ], [ 125.139152500000023, 10.566694333000044 ], [ 125.139473, 10.567132 ], [ 125.139785833, 10.567569666000056 ], [ 125.140312167000047, 10.567569666000054 ], [ 125.140831, 10.56746 ], [ 125.141476189000073, 10.567447240000035 ], [ 125.141990667000087, 10.56746 ], [ 125.14250950000006, 10.567350333000032 ], [ 125.143035834000102, 10.567569666000052 ], [ 125.143562334000094, 10.567569666000052 ], [ 125.143875166000043, 10.568006500000022 ], [ 125.144401500000072, 10.568006500000022 ], [ 125.144821167000046, 10.567678500000058 ], [ 125.144714334000014, 10.567132 ], [ 125.144714334000014, 10.56658466600004 ], [ 125.145240834000091, 10.566694333000044 ], [ 125.145767166000056, 10.567132 ], [ 125.146293666000034, 10.567132 ], [ 125.14681250000001, 10.566912666000063 ], [ 125.147232, 10.56658466600004 ], [ 125.147659334000082, 10.566256499000078 ], [ 125.148178167000083, 10.566038166000055 ], [ 125.148597666000114, 10.565709167000024 ], [ 125.148773166000083, 10.565710999000032 ], [ 125.14907833300002, 10.565639500000032 ], [ 125.149490334000021, 10.565466833000073 ], [ 125.149711667000034, 10.565120666000039 ], [ 125.149238666000102, 10.564169833000049 ], [ 125.149116500000105, 10.563724499000044 ], [ 125.149353, 10.563523333000036 ], [ 125.149917667000082, 10.563652 ], [ 125.150360167000031, 10.563857999000051 ], [ 125.150894167000061, 10.563874166000062 ], [ 125.151397667000083, 10.56415266700003 ], [ 125.151886000000104, 10.564431166000073 ], [ 125.152137833000097, 10.564923334000071 ], [ 125.152435334000089, 10.56526750000006 ], [ 125.152618333000078, 10.565693833000068 ], [ 125.15283966700008, 10.566086833000043 ], [ 125.153137166000079, 10.566168833000059 ], [ 125.153503500000056, 10.565611833000048 ], [ 125.153923, 10.564350167000043 ], [ 125.154037500000072, 10.564056333000051 ], [ 125.154769833000046, 10.563292499000056 ], [ 125.155654907000098, 10.563123703000032 ], [ 125.155822754000042, 10.562792778000073 ], [ 125.155799865000063, 10.562582016000022 ], [ 125.156173706000118, 10.561920165000062 ], [ 125.156433105000033, 10.561619759000051 ], [ 125.157157898000023, 10.561258316000021 ], [ 125.157562256000134, 10.561017990000037 ], [ 125.158111572000053, 10.56083679200003 ], [ 125.158676147000051, 10.56043720200006 ], [ 125.159255982000104, 10.560034752000035 ], [ 125.159591675000129, 10.559858322000025 ], [ 125.160003662, 10.55959320000005 ], [ 125.160522461000028, 10.559304237000047 ], [ 125.161140442000033, 10.55911540900007 ], [ 125.16156768800009, 10.558837890000065 ], [ 125.162139893000017, 10.558498383000028 ], [ 125.162597656000131, 10.558510780000061 ], [ 125.163253784000077, 10.558435440000039 ], [ 125.163818333000108, 10.558270500000049 ], [ 125.164344833000101, 10.558270500000047 ], [ 125.164970333000042, 10.558270500000045 ], [ 125.165367127000081, 10.558150291000061 ], [ 125.16557312000009, 10.558034896000036 ], [ 125.165779113000099, 10.557991027000066 ], [ 125.16609954800002, 10.557716369000044 ], [ 125.16618240800004, 10.557672095000044 ], [ 125.166267395000077, 10.557427406000041 ], [ 125.166542053000072, 10.557182312000064 ], [ 125.166770935000059, 10.556921958000029 ], [ 125.167129517000021, 10.55669021600005 ], [ 125.167633057000103, 10.556734085000073 ], [ 125.167976379000052, 10.556604385000067 ], [ 125.168479920000095, 10.555953979000039 ], [ 125.168838501000096, 10.555520057000022 ], [ 125.169296265000071, 10.555325508000069 ], [ 125.169860840000069, 10.555173874000047 ], [ 125.170173645000105, 10.554978370000068 ], [ 125.170532226000105, 10.55478286700003 ], [ 125.170967102000091, 10.554891586000052 ], [ 125.171524000000105, 10.554108667000033 ], [ 125.172241211000042, 10.554176331000065 ], [ 125.173049927000093, 10.553592682000046 ], [ 125.176265650000133, 10.552026267000031 ], [ 125.176506042000042, 10.551890373000047 ], [ 125.176941, 10.551125999000016 ], [ 125.176765213000081, 10.551101069000024 ], [ 125.176800562000039, 10.550949597000054 ], [ 125.176798604000069, 10.550949048000064 ], [ 125.176774349000098, 10.550949052000023 ], [ 125.176727353000047, 10.550943100000039 ], [ 125.176707644000089, 10.550937142000066 ], [ 125.176669744000037, 10.550929697000072 ], [ 125.176654583000072, 10.550923739000043 ], [ 125.176613652000015, 10.550919276000059 ], [ 125.176586363000069, 10.550911829000031 ], [ 125.176574235000075, 10.550910341000076 ], [ 125.176566654000112, 10.550907362000032 ], [ 125.176556043000133, 10.55090736300002 ], [ 125.176530270000057, 10.550899917000038 ], [ 125.176521174000058, 10.550899918000027 ], [ 125.176506014000097, 10.550895450000043 ], [ 125.176443860000063, 10.55089397100005 ], [ 125.176431730000104, 10.550889502000075 ], [ 125.176418085000023, 10.550882053000068 ], [ 125.176412020000058, 10.550871622000045 ], [ 125.176407471000061, 10.550867152000023 ], [ 125.176389272000065, 10.550829897000026 ], [ 125.176384723000083, 10.550823937000075 ], [ 125.176378656000125, 10.550807544000063 ], [ 125.176371074000031, 10.550795623000054 ], [ 125.176351364000084, 10.550780723000059 ], [ 125.176339235000114, 10.550776254000027 ], [ 125.176304368000046, 10.550776261000067 ], [ 125.176272535000081, 10.550789679000045 ], [ 125.176254346000078, 10.55080309600004 ], [ 125.176224027000117, 10.550803101000039 ], [ 125.176178547000063, 10.550795658000029 ], [ 125.17616793500008, 10.550795660000064 ], [ 125.176139131000028, 10.550785233000056 ], [ 125.176113357000091, 10.550779276000069 ], [ 125.176102744000119, 10.550773317000049 ], [ 125.1760891, 10.550768848000075 ], [ 125.176084552000034, 10.550768849000063 ], [ 125.176064843000077, 10.550762891000032 ], [ 125.176052714000093, 10.550753951000047 ], [ 125.176031486000056, 10.550734581000029 ], [ 125.176007231000085, 10.550734585000042 ], [ 125.176001168000099, 10.550737567000057 ], [ 125.175995105000069, 10.550745019000034 ], [ 125.175940531000037, 10.550743539000052 ], [ 125.175932950000046, 10.550740560000065 ], [ 125.17592688600007, 10.550740561000053 ], [ 125.175908693000125, 10.550736093000069 ], [ 125.175893532000032, 10.550728644000058 ], [ 125.175867759000084, 10.550719707000042 ], [ 125.175845017000029, 10.550709279000046 ], [ 125.175829857000053, 10.55070481100006 ], [ 125.175825308000086, 10.550701831000023 ], [ 125.175813178000112, 10.550685439000063 ], [ 125.175804078000056, 10.550666066000076 ], [ 125.175798013000076, 10.550661597000044 ], [ 125.175753481000015, 10.550646384000062 ], [ 125.17574028300011, 10.550646387000025 ], [ 125.175728552, 10.550650714000028 ], [ 125.175721219000025, 10.550650715000073 ], [ 125.175709488000066, 10.550653601000022 ], [ 125.175684558000057, 10.550655047000021 ], [ 125.175674291000064, 10.55064928200005 ], [ 125.175665490000029, 10.550637750000019 ], [ 125.175659622000026, 10.550626218000046 ], [ 125.175649355000019, 10.550617570000043 ], [ 125.175643489000109, 10.550614687000062 ], [ 125.175631756000044, 10.550611806000063 ], [ 125.17560389300003, 10.550611811000069 ], [ 125.175592162000058, 10.550616138000064 ], [ 125.175555504000044, 10.550636329000042 ], [ 125.175536439000084, 10.550634890000026 ], [ 125.17553057300006, 10.550632008000035 ], [ 125.175520306000067, 10.550624801000026 ], [ 125.175512972000092, 10.550614711000035 ], [ 125.175508570000034, 10.550603178000072 ], [ 125.175507101000107, 10.550588760000037 ], [ 125.175499764000065, 10.550565696000032 ], [ 125.175495364000085, 10.550559930000075 ], [ 125.175486561000071, 10.550541189000057 ], [ 125.17548509300002, 10.550533981000058 ], [ 125.175471893000022, 10.550522450000074 ], [ 125.175448428000109, 10.550513804000049 ], [ 125.175442562000057, 10.550509480000073 ], [ 125.175439627000046, 10.550505156000041 ], [ 125.175439626000056, 10.550499389000038 ], [ 125.175455752000062, 10.55047055200003 ], [ 125.175455751000072, 10.550464785000027 ], [ 125.175445483000075, 10.550448928000037 ], [ 125.17539414700002, 10.550399920000077 ], [ 125.175361879000107, 10.550376859000039 ], [ 125.175350145000053, 10.550363886000069 ], [ 125.175342809000085, 10.550346587000034 ], [ 125.175334008000064, 10.550335055000062 ], [ 125.175322275000099, 10.550327849000041 ], [ 125.175307608000011, 10.550314876000076 ], [ 125.175295875000074, 10.550309111000045 ], [ 125.175253122000086, 10.55030957500003 ], [ 125.175245540000091, 10.55030808500004 ], [ 125.175228857000093, 10.55029765300003 ], [ 125.175221273000048, 10.550285728000063 ], [ 125.175219755000072, 10.55027678300007 ], [ 125.175219752000089, 10.550258894000025 ], [ 125.175218234000127, 10.550254422000021 ], [ 125.17521975000011, 10.550248459000043 ], [ 125.175219747000028, 10.550235042000054 ], [ 125.175222778000048, 10.550223115000051 ], [ 125.175242482000044, 10.550175406000049 ], [ 125.175250063000021, 10.550163479000048 ], [ 125.175259157000028, 10.550144097000043 ], [ 125.175287961000109, 10.550102350000033 ], [ 125.175292507000123, 10.550082969000073 ], [ 125.175292504000012, 10.550069552000027 ], [ 125.175287950000097, 10.550045701000046 ], [ 125.175281882000036, 10.550032285000041 ], [ 125.175266715000021, 10.550017380000043 ], [ 125.175246999000024, 10.550003966000077 ], [ 125.175231833000112, 10.549990552000052 ], [ 125.175225765000064, 10.54997713600005 ], [ 125.17522121200011, 10.549960738000037 ], [ 125.175216662000025, 10.549954776000046 ], [ 125.175212112000054, 10.549950304000049 ], [ 125.175199980000116, 10.549944343000048 ], [ 125.175178749000111, 10.549938384000029 ], [ 125.175163583000085, 10.549929442000064 ], [ 125.1751453830001, 10.54991155600004 ], [ 125.17513628200004, 10.549899632000061 ], [ 125.175128698000094, 10.549887707000039 ], [ 125.175119595000069, 10.54986385600006 ], [ 125.17510442800004, 10.549847460000022 ], [ 125.175096845000098, 10.549842989000068 ], [ 125.175069548000025, 10.549835540000059 ], [ 125.175010409000038, 10.54983406000002 ], [ 125.174981594000087, 10.549825120000033 ], [ 125.174967944000045, 10.549814687000035 ], [ 125.174951260000043, 10.549790838000032 ], [ 125.174942158000036, 10.549772949000042 ], [ 125.174934576000055, 10.549772952000067 ], [ 125.174916380000028, 10.549778918000074 ], [ 125.17488224300007, 10.549782439000067 ], [ 125.174872105000091, 10.549770831000046 ], [ 125.174841839, 10.549745802000075 ], [ 125.174835686000051, 10.549734136000042 ], [ 125.174831348000097, 10.549710690000039 ], [ 125.174822386000059, 10.549685795000073 ], [ 125.174805196000065, 10.54967970000007 ], [ 125.174794021000025, 10.549681761000043 ], [ 125.17479098900003, 10.549687724000021 ], [ 125.174790992000098, 10.549705614000061 ], [ 125.174783412, 10.549717541000064 ], [ 125.174777347000031, 10.549720524000065 ], [ 125.174771281000062, 10.549719034000077 ], [ 125.174757632000038, 10.549711583000034 ], [ 125.174740949, 10.549693696000077 ], [ 125.174731844, 10.549657919000024 ], [ 125.174731841000039, 10.549644502000033 ], [ 125.174728806000076, 10.549634067000056 ], [ 125.174724256000104, 10.549628105000066 ], [ 125.174703023, 10.549608729000056 ], [ 125.174698471000056, 10.549596803000041 ], [ 125.174699985000075, 10.549584877000031 ], [ 125.174703018000059, 10.549580404000038 ], [ 125.174713631000017, 10.54957145700007 ], [ 125.174716661000048, 10.549559531000055 ], [ 125.174715143000071, 10.549547605000042 ], [ 125.174695423000131, 10.549513320000075 ], [ 125.174683287000121, 10.549487979000046 ], [ 125.17468025200003, 10.549477544000068 ], [ 125.17465750000008, 10.54944177000004 ], [ 125.174640817000068, 10.549428356000021 ], [ 125.174622619000047, 10.549426868000067 ], [ 125.174607454000011, 10.549422399000035 ], [ 125.17459228700011, 10.549403021000046 ], [ 125.174586217000083, 10.549380661000042 ], [ 125.174583177000031, 10.549341901000046 ], [ 125.174580142000082, 10.549328484000055 ], [ 125.174580134000038, 10.549286743000039 ], [ 125.174587711000072, 10.549261398000056 ], [ 125.17460135500005, 10.549240525000071 ], [ 125.174602871000047, 10.549234561000048 ], [ 125.174602868000093, 10.549221144000056 ], [ 125.174589217000062, 10.549201767000056 ], [ 125.174580117000133, 10.549192824000043 ], [ 125.17456949800011, 10.549173445000063 ], [ 125.174564948, 10.549168974000056 ], [ 125.174558880000077, 10.549154067000073 ], [ 125.174551297000093, 10.549142142000047 ], [ 125.174542193000093, 10.549118291000068 ], [ 125.174542191000114, 10.549110837000057 ], [ 125.174546737000028, 10.549089966000054 ], [ 125.174543410000055, 10.549062145000049 ], [ 125.174543146000033, 10.549044517000025 ], [ 125.174548946000087, 10.549032678000057 ], [ 125.174572473000012, 10.549006869000038 ], [ 125.174580266000035, 10.548995002000026 ], [ 125.174584074000123, 10.548983192000039 ], [ 125.174581612000111, 10.548951883000026 ], [ 125.174563182000043, 10.54891884500006 ], [ 125.17454903000008, 10.548905337000063 ], [ 125.174533003000093, 10.548899692000077 ], [ 125.174519028000077, 10.548897935000067 ], [ 125.174496202000128, 10.548882715000044 ], [ 125.174487102000072, 10.548873772000038 ], [ 125.17448103400011, 10.548861847000071 ], [ 125.174477999000032, 10.548849921000054 ], [ 125.174476481000056, 10.548840976000065 ], [ 125.174476477000084, 10.548812652000036 ], [ 125.174473441000046, 10.548800726000023 ], [ 125.174464340000085, 10.548790292000037 ], [ 125.174453724000045, 10.548781349000025 ], [ 125.17443552500005, 10.548772408000048 ], [ 125.174427942000065, 10.548766446000057 ], [ 125.174417325000022, 10.548750049000034 ], [ 125.174412773000086, 10.548739615000047 ], [ 125.174409738, 10.548726198000052 ], [ 125.17440973500004, 10.548712781000059 ], [ 125.174411251000052, 10.548706818000028 ], [ 125.174411248000069, 10.548693401000035 ], [ 125.174417309000077, 10.548668057000043 ], [ 125.174415790000012, 10.548654640000052 ], [ 125.174403651000034, 10.548611410000031 ], [ 125.174389998000052, 10.548578615000054 ], [ 125.174382413000117, 10.548566690000028 ], [ 125.174368764000064, 10.548557748000064 ], [ 125.174358148000024, 10.548553277000055 ], [ 125.17433388500001, 10.548547318000033 ], [ 125.174327818000052, 10.548542847000022 ], [ 125.174323268000066, 10.548535394000055 ], [ 125.174323266000115, 10.548526449000065 ], [ 125.174324782000099, 10.548521977000062 ], [ 125.174329330000091, 10.548517504000074 ], [ 125.17434752600002, 10.548510047000034 ], [ 125.174355106000021, 10.548501101000056 ], [ 125.174352071000044, 10.548487684000063 ], [ 125.17434903700007, 10.548481721000028 ], [ 125.174344488000088, 10.548478741000055 ], [ 125.174329369000034, 10.548475965000023 ], [ 125.174321311000099, 10.548470204000067 ], [ 125.174300742, 10.548427402000073 ], [ 125.174280378000049, 10.54839831100003 ], [ 125.17426596200005, 10.548367175000065 ], [ 125.174265698000127, 10.548349547000042 ], [ 125.174275190000117, 10.548318064000057 ], [ 125.174274896000043, 10.548298477000058 ], [ 125.174270500000034, 10.548271114000045 ], [ 125.174261039000044, 10.548232776000075 ], [ 125.174230706000117, 10.54820594800003 ], [ 125.174224640000034, 10.548202967000066 ], [ 125.174173072000031, 10.548146327000042 ], [ 125.174174131000086, 10.548090316000071 ], [ 125.174171904000104, 10.548074675000066 ], [ 125.174122326000102, 10.547957849000056 ], [ 125.174116056000116, 10.547938349000049 ], [ 125.174113653000063, 10.547910957000056 ], [ 125.174109316000099, 10.547887511000056 ], [ 125.174104319000094, 10.547871594000071 ], [ 125.174096804000087, 10.547850470000069 ], [ 125.174074301000019, 10.547811614000066 ], [ 125.17407195700001, 10.547788139000035 ], [ 125.174065833000114, 10.54777843200003 ], [ 125.174049806000099, 10.547772787000042 ], [ 125.174039727000036, 10.547765097000024 ], [ 125.174043477000055, 10.547749370000076 ], [ 125.17405138800008, 10.547745337000039 ], [ 125.174059090000029, 10.547727434000024 ], [ 125.174042888000031, 10.54771003700006 ], [ 125.174020708000072, 10.547692727000028 ], [ 125.174006439000095, 10.547671384000068 ], [ 125.174010071000112, 10.547647822000043 ], [ 125.174009689000044, 10.547622359000057 ], [ 125.174007433000043, 10.547604760000066 ], [ 125.174022931000081, 10.547575148000023 ], [ 125.174020616, 10.547553633000064 ], [ 125.174002450000117, 10.54753822400005 ], [ 125.173996267, 10.547524600000031 ], [ 125.173993952000046, 10.547503083000036 ], [ 125.173997615000076, 10.547481480000043 ], [ 125.173999254000023, 10.547457948000044 ], [ 125.173996939000062, 10.547436431000051 ], [ 125.173986742000011, 10.547420906000069 ], [ 125.173952814000032, 10.547417480000037 ], [ 125.173930781000081, 10.547409963000062 ], [ 125.17392502600002, 10.547395847000075 ], [ 125.173926897000115, 10.547382797000068 ], [ 125.173926835000074, 10.547359735000045 ], [ 125.173933797000018, 10.547345269000063 ], [ 125.173945828000114, 10.547335181000053 ], [ 125.173951654, 10.547320753000065 ], [ 125.173967778000019, 10.54731926900007 ], [ 125.17397710000013, 10.547309378000021 ], [ 125.173974579000074, 10.547274152000057 ], [ 125.17397027200002, 10.547252664000039 ], [ 125.173962009000093, 10.547233193000068 ], [ 125.173947739000027, 10.547211850000055 ], [ 125.173935580000034, 10.54719831300002 ], [ 125.173925501000113, 10.547190622000073 ], [ 125.173901417000039, 10.547179217000064 ], [ 125.173883398000044, 10.547173600000065 ], [ 125.173859079000053, 10.547146526000063 ], [ 125.173852662000058, 10.54711723300005 ], [ 125.173852427000043, 10.547101563000068 ], [ 125.173854273000089, 10.547091741000031 ], [ 125.17386203600006, 10.547077915000045 ], [ 125.173885797000025, 10.547067776000063 ], [ 125.173899626000107, 10.547059739000074 ], [ 125.173909412000057, 10.54704784300003 ], [ 125.173915184000066, 10.54703404600002 ], [ 125.173912820000041, 10.546986557000025 ], [ 125.173872924000079, 10.546940433000032 ], [ 125.173861136000028, 10.54691884300007 ], [ 125.173845477000114, 10.546903796000038 ], [ 125.173829187000024, 10.546880524000068 ], [ 125.173806651000064, 10.546868804000043 ], [ 125.173781283000039, 10.546875341000032 ], [ 125.17373531300008, 10.546866212000056 ], [ 125.173743106000074, 10.546854344000053 ], [ 125.173763, 10.546852097000055 ], [ 125.173783149000073, 10.546838853000052 ], [ 125.173796564000099, 10.546819861000072 ], [ 125.173800429000053, 10.546802339000068 ], [ 125.173811110000102, 10.546783383000049 ], [ 125.173813535000022, 10.546760502000037 ], [ 125.173822668000071, 10.54672812600006 ], [ 125.1738264600001, 10.546705228000066 ], [ 125.173820757000044, 10.546687830000051 ], [ 125.173821851000071, 10.546667656000068 ], [ 125.173817443000075, 10.546644865000076 ], [ 125.173807674000059, 10.546630208000069 ], [ 125.173796630000098, 10.546622288000037 ], [ 125.173795156000097, 10.54661424300002 ], [ 125.173810100000082, 10.546607328000047 ], [ 125.173826539000061, 10.546609801000043 ], [ 125.173838931000091, 10.546616359000035 ], [ 125.173855407000019, 10.546621521000073 ], [ 125.173864957000092, 10.546620052000035 ], [ 125.173871593000058, 10.546605181000073 ], [ 125.173878299000094, 10.546595685000055 ], [ 125.173890637000099, 10.546598212000045 ], [ 125.173897526000019, 10.546602154000029 ], [ 125.17390842500005, 10.546599324000056 ], [ 125.173915114000025, 10.546588485000026 ], [ 125.173921696000107, 10.546569582000073 ], [ 125.17392813000005, 10.54653992900006 ], [ 125.173929244000078, 10.546521098000028 ], [ 125.173924725, 10.546490245000028 ], [ 125.17391221000004, 10.546474617000058 ], [ 125.173861236000107, 10.54644571400007 ], [ 125.17385402, 10.54641758300005 ], [ 125.173838694000096, 10.546396278000032 ], [ 125.173835833000126, 10.546386908000047 ], [ 125.173837019000075, 10.546373452000068 ], [ 125.173841010000046, 10.546365335000075 ], [ 125.173849085000029, 10.546355822000063 ], [ 125.17387627700009, 10.546344715000034 ], [ 125.173883021000037, 10.546337906000073 ], [ 125.173888235000049, 10.546319022000036 ], [ 125.173883898000113, 10.546301606000043 ], [ 125.17387824900004, 10.546288239000033 ], [ 125.173883444000026, 10.546268011000052 ], [ 125.173875134, 10.546260055000063 ], [ 125.173872237000069, 10.546247997000023 ], [ 125.173884197, 10.546227080000051 ], [ 125.173898854000072, 10.546225601000062 ], [ 125.173913492000111, 10.54621691400007 ], [ 125.173929156000085, 10.546210965000059 ], [ 125.173937087000027, 10.546190701000054 ], [ 125.173938108, 10.546165151000023 ], [ 125.173932386000061, 10.546146409000075 ], [ 125.173919866000134, 10.546130444000028 ], [ 125.173901970000102, 10.546121270000071 ], [ 125.173876574000033, 10.546118557000055 ], [ 125.173864829000095, 10.546112822000055 ], [ 125.173858945, 10.54610563000006 ], [ 125.173855060000051, 10.546089625000036 ], [ 125.173875110000054, 10.546055762000037 ], [ 125.173887085000047, 10.546031414000026 ], [ 125.17390720700007, 10.546002926000028 ], [ 125.173916522000027, 10.545983988000044 ], [ 125.173922884000049, 10.545948960000032 ], [ 125.173921263000025, 10.545930165000071 ], [ 125.173914193000087, 10.545912785000041 ], [ 125.17389334500001, 10.545887520000063 ], [ 125.17387550300009, 10.545882377000053 ], [ 125.173859118000124, 10.545883935000063 ], [ 125.173852266000026, 10.545882680000034 ], [ 125.173843938000104, 10.545873381000035 ], [ 125.173842371000106, 10.545858617000022 ], [ 125.173854383000048, 10.545836956000072 ], [ 125.173859596000057, 10.545818071000042 ], [ 125.17386167700009, 10.545769659000028 ], [ 125.173855955000022, 10.545750917000017 ], [ 125.173847627000086, 10.545741617000033 ], [ 125.173814441000104, 10.545713826000053 ], [ 125.173794996000083, 10.545691231000035 ], [ 125.173771468000041, 10.545670033000022 ], [ 125.173764362000043, 10.545649965000051 ], [ 125.17375741900004, 10.545641992000071 ], [ 125.173743758000114, 10.545639096000061 ], [ 125.173734099000058, 10.545632502000045 ], [ 125.173718990000111, 10.545627323000076 ], [ 125.173710716000073, 10.54562205500002 ], [ 125.173699273000011, 10.545584571000063 ], [ 125.17369723700007, 10.545566040000041 ], [ 125.173685472000102, 10.545553098000024 ], [ 125.173670133000087, 10.545552695000026 ], [ 125.173637237000108, 10.545546404000048 ], [ 125.173585077000112, 10.545530956000052 ], [ 125.173449411000107, 10.54550719000002 ], [ 125.173431623000056, 10.545506078000074 ], [ 125.173394590000058, 10.545497152000051 ], [ 125.173384975000104, 10.545496750000039 ], [ 125.173380303000059, 10.545474617000025 ], [ 125.17336853200004, 10.545458792000034 ], [ 125.173314150000024, 10.545412184000044 ], [ 125.173305803000076, 10.545401541000045 ], [ 125.173297511000115, 10.545394929000052 ], [ 125.173286540000063, 10.545392384000023 ], [ 125.17327699000009, 10.545393853000064 ], [ 125.173262365000014, 10.54540375500005 ], [ 125.173247693, 10.545405740000035 ], [ 125.173229915000107, 10.54539938700003 ], [ 125.173174957, 10.545367619000046 ], [ 125.173149097000078, 10.545361268000024 ], [ 125.173134551000089, 10.545359681000036 ], [ 125.173086653000055, 10.545327755000075 ], [ 125.173074315000022, 10.545325227000035 ], [ 125.173059170000101, 10.545317361000057 ], [ 125.173048055000109, 10.545304066000028 ], [ 125.173043645, 10.545281275000034 ], [ 125.173035244000062, 10.545266600000046 ], [ 125.173027729000069, 10.545243580000033 ], [ 125.173008216000085, 10.545227435000072 ], [ 125.1729703110001, 10.545216374000063 ], [ 125.172951579000028, 10.545219192000044 ], [ 125.172945115000076, 10.54522396000004 ], [ 125.172932186000025, 10.545227140000067 ], [ 125.172899862, 10.545227145000068 ], [ 125.172893397000053, 10.545230324000045 ], [ 125.172888550000039, 10.545236681000061 ], [ 125.172886936000054, 10.545250981000036 ], [ 125.172882089000026, 10.545257337000065 ], [ 125.172871435000047, 10.545284866000031 ], [ 125.172871544000046, 10.545292928000034 ], [ 125.172867499000063, 10.545297013000036 ], [ 125.172857929000102, 10.54529713800002 ], [ 125.172838684000112, 10.545289325000056 ], [ 125.17281674100002, 10.545284235000054 ], [ 125.172801597000088, 10.545276368000028 ], [ 125.172789023000078, 10.545256372000038 ], [ 125.172781934000113, 10.545237648000068 ], [ 125.172773515000017, 10.545221630000073 ], [ 125.172761087000026, 10.545212383000033 ], [ 125.172741612000095, 10.54521929400005 ], [ 125.172728114000066, 10.545211967000055 ], [ 125.172718842000108, 10.545200166000031 ], [ 125.172705912000097, 10.545200168000067 ], [ 125.172694600000099, 10.545209703000067 ], [ 125.172688136000033, 10.545212882000046 ], [ 125.172681671000092, 10.545211294000071 ], [ 125.172670356000012, 10.545201763000023 ], [ 125.172650960000041, 10.545193822000041 ], [ 125.1726073210001, 10.545185885000025 ], [ 125.172597623000115, 10.545185886000072 ], [ 125.172584693000076, 10.54518271100005 ], [ 125.172578228, 10.54518271200004 ], [ 125.172571763000064, 10.545179535000042 ], [ 125.172565296000016, 10.545165236000056 ], [ 125.172557213000132, 10.545154115000058 ], [ 125.172528117000084, 10.545131875000036 ], [ 125.172489328000097, 10.545133471000041 ], [ 125.172476400000065, 10.54513982900005 ], [ 125.172463471000015, 10.54514300900007 ], [ 125.172457006000073, 10.545146188000047 ], [ 125.172448925000012, 10.545146189000036 ], [ 125.17244246000007, 10.545143013000027 ], [ 125.172435994000011, 10.54513824700007 ], [ 125.172432761000096, 10.545133481000049 ], [ 125.172413360000064, 10.545095350000054 ], [ 125.172413358000085, 10.545082639000041 ], [ 125.172410123000077, 10.54506992800003 ], [ 125.172403657000018, 10.545065163000059 ], [ 125.172390728000096, 10.545065165000041 ], [ 125.172384263000026, 10.545066755000049 ], [ 125.172377799000046, 10.545071523000045 ], [ 125.172374568000023, 10.545076290000052 ], [ 125.172368107000011, 10.545101714000054 ], [ 125.172348713000034, 10.545101717000023 ], [ 125.172335781, 10.545092186000032 ], [ 125.172324466000063, 10.545079477000058 ], [ 125.172321231000069, 10.545068355000065 ], [ 125.172321231000069, 10.545060410000076 ], [ 125.172317996000061, 10.545054055000035 ], [ 125.172317995000071, 10.545046111000035 ], [ 125.172314761000067, 10.54503975500006 ], [ 125.172305063000081, 10.545030224000071 ], [ 125.172290516000089, 10.545028637000028 ], [ 125.172284052, 10.545030227000039 ], [ 125.172266276000059, 10.545041353000043 ], [ 125.172251730000085, 10.545041354000032 ], [ 125.172238799000056, 10.545033413000056 ], [ 125.172232333, 10.545031825000024 ], [ 125.172207558000068, 10.545036396000054 ], [ 125.172299164000037, 10.544843717000047 ], [ 125.172295360000035, 10.544835629000033 ], [ 125.172182011000018, 10.544771612000032 ], [ 125.172095845000058, 10.544935741000073 ], [ 125.172089644000053, 10.544952726000078 ], [ 125.172082257000056, 10.544948593000068 ], [ 125.172075038000102, 10.544938850000053 ], [ 125.172057001000113, 10.544927341000058 ], [ 125.172015523000027, 10.54491053200007 ], [ 125.171989372000098, 10.544897257000057 ], [ 125.171972241000049, 10.544891951000066 ], [ 125.171941407000077, 10.54489211300006 ], [ 125.171934947000068, 10.54490164300006 ], [ 125.171934949000047, 10.544914349000068 ], [ 125.171930104000012, 10.544919114000038 ], [ 125.171915565000063, 10.544920705000038 ], [ 125.171907488000102, 10.544919118000054 ], [ 125.17190748500002, 10.544906412000046 ], [ 125.171898544000115, 10.544887908000021 ], [ 125.171891543000015, 10.544862687000032 ], [ 125.17188687600003, 10.544853516000048 ], [ 125.171868214000042, 10.544832883000026 ], [ 125.171856552, 10.544826006000049 ], [ 125.171849554000119, 10.544823715000064 ], [ 125.17183789, 10.544807667000043 ], [ 125.171842549000075, 10.544777858000034 ], [ 125.171840215000103, 10.544766394000021 ], [ 125.171799499000031, 10.544735832000073 ], [ 125.171785504000013, 10.54472895600003 ], [ 125.171710865000037, 10.544703746000037 ], [ 125.171701534000022, 10.544694576000042 ], [ 125.171685206000021, 10.544685407000031 ], [ 125.171673543000125, 10.544676238000022 ], [ 125.171650214000024, 10.544646434000068 ], [ 125.171645547000026, 10.544632676000049 ], [ 125.171647877000069, 10.544618919000074 ], [ 125.171645538, 10.544579940000061 ], [ 125.171650201000048, 10.544573060000063 ], [ 125.171652530000074, 10.544554717000041 ], [ 125.171650196000087, 10.544547838000028 ], [ 125.171638532000102, 10.544534083000029 ], [ 125.171631533000081, 10.54452032700004 ], [ 125.171640857000043, 10.544495103000031 ], [ 125.17163852200008, 10.544479052000042 ], [ 125.171624524000109, 10.544453833000034 ], [ 125.171610528000102, 10.544444664000025 ], [ 125.171587203000058, 10.54443320300004 ], [ 125.171573210000034, 10.54443091300004 ], [ 125.171545219000123, 10.544419453000044 ], [ 125.171533558000078, 10.544417162000059 ], [ 125.171524227000077, 10.544412578000049 ], [ 125.171512566000061, 10.544414873000051 ], [ 125.171500907000109, 10.544424047000064 ], [ 125.171491578000087, 10.544428634000042 ], [ 125.171489248000071, 10.544437806000074 ], [ 125.171470592000119, 10.544453859000043 ], [ 125.171449602000052, 10.544458449000045 ], [ 125.171405288000074, 10.54445387100003 ], [ 125.171364616000105, 10.544453878000068 ], [ 125.171358153000028, 10.544450702000063 ], [ 125.1713484590001, 10.544441175000031 ], [ 125.171345227000074, 10.544434823000074 ], [ 125.171338764000097, 10.544428471000062 ], [ 125.171324221000077, 10.544401475000031 ], [ 125.171316141000034, 10.544390359000033 ], [ 125.171304831000057, 10.544379244000023 ], [ 125.171291907000068, 10.544374482000023 ], [ 125.171269290000055, 10.544369721000068 ], [ 125.171254752000095, 10.544369723000045 ], [ 125.171241828, 10.544372902000021 ], [ 125.171215984000028, 10.544384024000065 ], [ 125.171203060000039, 10.544387202000051 ], [ 125.17118852200008, 10.544395145000067 ], [ 125.171169138000081, 10.544403089000069 ], [ 125.171149753, 10.544404681000058 ], [ 125.171143290000046, 10.544399917000021 ], [ 125.171138047000127, 10.544380296000039 ], [ 125.171138039000084, 10.544368776000056 ], [ 125.171145240000101, 10.544353705000049 ], [ 125.171146124000089, 10.54432977700003 ], [ 125.171150626000099, 10.544322684000063 ], [ 125.171165043000087, 10.544314698000047 ], [ 125.171170443000037, 10.544302287000047 ], [ 125.171174938000036, 10.544285446000059 ], [ 125.171186019000061, 10.544265890000073 ], [ 125.171181348000118, 10.544229204000031 ], [ 125.171172015000039, 10.544208570000027 ], [ 125.171160348000072, 10.54417417800005 ], [ 125.171151017000057, 10.544158129000039 ], [ 125.171137019000071, 10.544144374000041 ], [ 125.171099699000038, 10.54412145200007 ], [ 125.171081038000025, 10.544105405000037 ], [ 125.171074039, 10.544096234000051 ], [ 125.17106470300007, 10.544054964000052 ], [ 125.17105537100008, 10.544038915000044 ], [ 125.171046041000068, 10.544032038000068 ], [ 125.171004058000108, 10.544025166000038 ], [ 125.170973739000033, 10.544025171000044 ], [ 125.170959745000133, 10.544022881000044 ], [ 125.170948082000109, 10.544016004000069 ], [ 125.170931755000083, 10.544011421000047 ], [ 125.170915428000043, 10.544004545000064 ], [ 125.170906097000071, 10.543995375000065 ], [ 125.170899098000064, 10.543983912000044 ], [ 125.170867834000106, 10.543966232000058 ], [ 125.170856172000072, 10.543963941000072 ], [ 125.170844509000077, 10.543954772000065 ], [ 125.170828181000047, 10.543947895000031 ], [ 125.170804857, 10.543941020000034 ], [ 125.170781532000092, 10.543929560000036 ], [ 125.170772201000091, 10.543922683000062 ], [ 125.170753538000113, 10.543895171000029 ], [ 125.17074420400003, 10.54386765600003 ], [ 125.170725543000117, 10.543856196000036 ], [ 125.170720877, 10.54384702500005 ], [ 125.170720875000029, 10.543833267000027 ], [ 125.170716207000041, 10.543819511000034 ], [ 125.170702211000062, 10.543803463000073 ], [ 125.170678888000111, 10.543805759000065 ], [ 125.170594928000014, 10.543821824000075 ], [ 125.170573938000075, 10.543821827000047 ], [ 125.170548280000062, 10.543810367000045 ], [ 125.17053895100004, 10.543803490000073 ], [ 125.170524951000061, 10.543775977000053 ], [ 125.170513287000063, 10.543762221000064 ], [ 125.170501624000067, 10.543753052000056 ], [ 125.170492293000066, 10.543739296000068 ], [ 125.170501619000106, 10.543720951000067 ], [ 125.170515611000056, 10.543711777000055 ], [ 125.170536598000012, 10.543691137000049 ], [ 125.170538924000084, 10.543656743000042 ], [ 125.170543587000097, 10.543649864000029 ], [ 125.170548250000024, 10.543631520000076 ], [ 125.17053891700003, 10.543615471000065 ], [ 125.170531919000041, 10.543608594000034 ], [ 125.170510757000116, 10.543577538000022 ], [ 125.170496217000064, 10.543561659000035 ], [ 125.170489753000084, 10.54355689500005 ], [ 125.170476829000108, 10.54355213300005 ], [ 125.170454213000085, 10.543552137000065 ], [ 125.170441290000085, 10.543548962000044 ], [ 125.170434826, 10.543545787000026 ], [ 125.170425132000119, 10.543536260000053 ], [ 125.170423515000039, 10.54352990700005 ], [ 125.170423511000067, 10.543504497000072 ], [ 125.170425125000079, 10.543498144000067 ], [ 125.170429971000075, 10.543491790000076 ], [ 125.170439660000056, 10.543472731000064 ], [ 125.170439655000109, 10.543442556000057 ], [ 125.17043642200008, 10.543429851000042 ], [ 125.170431574000077, 10.543423499000028 ], [ 125.170418650000116, 10.543418737000025 ], [ 125.170405726000027, 10.543417151000027 ], [ 125.170394278000131, 10.543402255000045 ], [ 125.170391941000048, 10.543379327000025 ], [ 125.170392792000015, 10.543354911000053 ], [ 125.170436219000067, 10.543168048000041 ], [ 125.170450903000088, 10.543091266000031 ], [ 125.17045952400008, 10.543067157000053 ], [ 125.170464185000014, 10.543046520000074 ], [ 125.170471179000074, 10.54303276100006 ], [ 125.170482833000037, 10.542991487000052 ], [ 125.170485162000091, 10.542970850000073 ], [ 125.170480492000024, 10.542943336000063 ], [ 125.170482822000054, 10.542929578000043 ], [ 125.170494479, 10.542904354000029 ], [ 125.170499140000061, 10.542883717000052 ], [ 125.170506136000071, 10.542876837000053 ], [ 125.170520325000084, 10.542850002000021 ], [ 125.170521939000096, 10.542843649000073 ], [ 125.170521938000107, 10.542837297000062 ], [ 125.170517090000089, 10.542824592000043 ], [ 125.170510626, 10.542813476000049 ], [ 125.170510622000037, 10.542792830000053 ], [ 125.170515467000087, 10.542778536000071 ], [ 125.170525157000057, 10.542765829000073 ], [ 125.170531618000027, 10.542765828000029 ], [ 125.170538080000028, 10.542762650000041 ], [ 125.170542926000053, 10.542757885000071 ], [ 125.17053409800009, 10.542732380000075 ], [ 125.170531763000099, 10.542718623000042 ], [ 125.170536423000044, 10.542684228000041 ], [ 125.170536418000111, 10.54266359200005 ], [ 125.170529417000012, 10.542640664000034 ], [ 125.170524752000134, 10.542636079000031 ], [ 125.170513087000018, 10.542617738000049 ], [ 125.170499089000032, 10.542592518000047 ], [ 125.17048509200005, 10.542574178000052 ], [ 125.170466424000082, 10.542519151000022 ], [ 125.170464084000059, 10.542471001000022 ], [ 125.170454747000022, 10.542427437000073 ], [ 125.170457077000037, 10.542413679000045 ], [ 125.170464070000094, 10.54239304200007 ], [ 125.17046173700011, 10.542379285000038 ], [ 125.170457069000022, 10.542365528000062 ], [ 125.170445406000127, 10.542356359000054 ], [ 125.170438405000027, 10.542335724000054 ], [ 125.170438403000048, 10.542316519000051 ], [ 125.170415070000104, 10.542256907000024 ], [ 125.170408062000092, 10.542197293000068 ], [ 125.170396398000094, 10.542178952000029 ], [ 125.170387562000101, 10.542156329000022 ], [ 125.170383439000048, 10.54215228100003 ], [ 125.170376564000094, 10.54214013300003 ], [ 125.170360475000066, 10.54210497400004 ], [ 125.170360474000077, 10.542095446000076 ], [ 125.170378242000083, 10.542084326000063 ], [ 125.170387933000015, 10.542074796000064 ], [ 125.17039277700006, 10.542062089000069 ], [ 125.17039116, 10.542047796000073 ], [ 125.170384695000038, 10.542036680000024 ], [ 125.170378233000079, 10.542031917000031 ], [ 125.17036530900009, 10.542027154000039 ], [ 125.170343508000087, 10.542009185000039 ], [ 125.17033938100009, 10.541999737000026 ], [ 125.170329757000104, 10.541984891000027 ], [ 125.170321494000063, 10.541952491000075 ], [ 125.170318730000076, 10.541928189000028 ], [ 125.170315979000065, 10.541922790000058 ], [ 125.170311842000061, 10.541899839000051 ], [ 125.170293949000097, 10.54184449300004 ], [ 125.170285699000033, 10.541830996000044 ], [ 125.170266461000082, 10.54181590400003 ], [ 125.170255469000026, 10.541809160000069 ], [ 125.170241731000019, 10.541803769000069 ], [ 125.170196385000054, 10.541770045000018 ], [ 125.170174393000025, 10.541745756000068 ], [ 125.170171642000014, 10.541739006000059 ], [ 125.170164770000042, 10.54173226000006 ], [ 125.170160645000024, 10.541725512000026 ], [ 125.170141390000026, 10.541687719000038 ], [ 125.170137259000057, 10.541671519000033 ], [ 125.170131755000057, 10.541658021000046 ], [ 125.170123493000119, 10.541625621000035 ], [ 125.170117989000119, 10.541612123000048 ], [ 125.170104237000032, 10.541586478000054 ], [ 125.170091867000096, 10.541572984000023 ], [ 125.170050643000081, 10.541541958000041 ], [ 125.170027271000109, 10.541508218000043 ], [ 125.170014885000114, 10.541471771000035 ], [ 125.170010762000047, 10.541467723000038 ], [ 125.170008010000046, 10.541460974000074 ], [ 125.169991519000078, 10.54144613300002 ], [ 125.169970909000099, 10.541433995000034 ], [ 125.169953045000057, 10.541420505000076 ], [ 125.169940673000042, 10.541404311000067 ], [ 125.169913163000061, 10.541344920000029 ], [ 125.169914368000036, 10.541321186000062 ], [ 125.169912033000074, 10.541307429000026 ], [ 125.169900369000047, 10.541291381000061 ], [ 125.169858383000033, 10.541261579000034 ], [ 125.169828058000022, 10.541231777000062 ], [ 125.169800069000075, 10.541218024000045 ], [ 125.16978840700007, 10.541215733000056 ], [ 125.169765951000031, 10.541204011000046 ], [ 125.16976741100008, 10.541183636000026 ], [ 125.169765076000104, 10.541169879000051 ], [ 125.169758077000097, 10.541153830000042 ], [ 125.169751078000104, 10.541144660000043 ], [ 125.169737082000097, 10.541130905000042 ], [ 125.169725420000091, 10.541126321000034 ], [ 125.169711427000024, 10.54113090900006 ], [ 125.169697435000117, 10.541137790000052 ], [ 125.169688106000095, 10.541137790000048 ], [ 125.169674111000063, 10.541126329000061 ], [ 125.169664774000012, 10.541075887000034 ], [ 125.169655440000057, 10.541055252000033 ], [ 125.169655438000078, 10.541041495000059 ], [ 125.169653103000073, 10.541025444000068 ], [ 125.169648436000116, 10.541009395000058 ], [ 125.169641436, 10.540995639000073 ], [ 125.169601781000082, 10.540954374000023 ], [ 125.169573791000076, 10.540938328000037 ], [ 125.169555132000042, 10.540933745000075 ], [ 125.169538806000119, 10.540933748000045 ], [ 125.169499159000111, 10.540938340000023 ], [ 125.169468839000061, 10.540938345000031 ], [ 125.169450181000116, 10.540936055000032 ], [ 125.169445515, 10.540926885000033 ], [ 125.169450176000055, 10.540903955000033 ], [ 125.169445508000067, 10.540885612000068 ], [ 125.169436176000104, 10.540869564000046 ], [ 125.169415184000059, 10.540860396000026 ], [ 125.16940119100002, 10.540860398000062 ], [ 125.169370866, 10.540828302000023 ], [ 125.169363866000026, 10.54081225300007 ], [ 125.169347537000036, 10.540789327000025 ], [ 125.169328644000075, 10.540775763000056 ], [ 125.169318950000061, 10.540764646000071 ], [ 125.169318947000079, 10.540750354000068 ], [ 125.169322176000037, 10.540737648000061 ], [ 125.169330250000044, 10.540717001000077 ], [ 125.169330246000072, 10.540694766000057 ], [ 125.16932862900002, 10.540686826000069 ], [ 125.169315703000052, 10.540669358000059 ], [ 125.169309240000061, 10.540664595000065 ], [ 125.169288240000014, 10.540667774000042 ], [ 125.169278550000058, 10.540678893000061 ], [ 125.169270472000107, 10.540678894000052 ], [ 125.16926401, 10.540675719000037 ], [ 125.169262394000043, 10.540669367000021 ], [ 125.169251084000038, 10.540659840000048 ], [ 125.169230084000105, 10.540656667000063 ], [ 125.169223619000036, 10.54064555000002 ], [ 125.169226846, 10.540618551000021 ], [ 125.169221997000022, 10.540605847000053 ], [ 125.169210688, 10.540596319000029 ], [ 125.169191302000058, 10.540591558000072 ], [ 125.169171915000121, 10.540582032000028 ], [ 125.169165453000119, 10.540577269000037 ], [ 125.169160604000012, 10.540564564000018 ], [ 125.169160603000023, 10.540558212000063 ], [ 125.169154139000042, 10.540545507000047 ], [ 125.169149289000075, 10.540520098000057 ], [ 125.169165048000067, 10.54048084900006 ], [ 125.169162853000103, 10.540468940000039 ], [ 125.169156582000028, 10.540455098000052 ], [ 125.16914637800005, 10.540449271000055 ], [ 125.169132298, 10.540455436000055 ], [ 125.169122295000079, 10.540463535000072 ], [ 125.169116425000084, 10.540464774000041 ], [ 125.169166565000083, 10.540592194000055 ], [ 125.167671203000054, 10.541020393000053 ], [ 125.166892980000071, 10.541232623000042 ], [ 125.166801197000041, 10.541513496000045 ], [ 125.166547732000041, 10.541924627000071 ], [ 125.166386042000127, 10.542197710000039 ], [ 125.166090497000027, 10.542613704000077 ], [ 125.165704342000012, 10.542935232000049 ], [ 125.165360466000038, 10.543153252000023 ], [ 125.164933458000064, 10.543232791000035 ], [ 125.164676219000057, 10.543305796000025 ], [ 125.164726595000033, 10.543540407000023 ], [ 125.164336417000072, 10.543506796000031 ], [ 125.164012119000063, 10.543378132000043 ], [ 125.163726800000063, 10.54344820400007 ], [ 125.163320194000121, 10.543601091000028 ], [ 125.163131097000019, 10.543684743000027 ], [ 125.162678729000064, 10.54376244300005 ], [ 125.162590467000101, 10.543930332000059 ], [ 125.162611169000115, 10.544260916000045 ], [ 125.162477644000091, 10.544570877000069 ], [ 125.161988728000082, 10.544389410000063 ], [ 125.161600565000086, 10.544371807000058 ], [ 125.161405517000034, 10.544177935000047 ], [ 125.161178703000019, 10.543973416000028 ], [ 125.160819119000053, 10.544215988000078 ], [ 125.160218975000021, 10.544570627000041 ], [ 125.15947985800004, 10.544981760000043 ], [ 125.158525158000074, 10.545465729000057 ], [ 125.157881597000028, 10.545983982000051 ], [ 125.157303747, 10.546567113000041 ], [ 125.156739228000106, 10.546686554000075 ], [ 125.156273361000103, 10.546632324000029 ], [ 125.156047553, 10.546590079000051 ], [ 125.155870275000098, 10.546902304000071 ], [ 125.155772961000011, 10.547379152000076 ], [ 125.155403657000079, 10.547839318000056 ], [ 125.154832008000085, 10.548517413000068 ], [ 125.154210156000076, 10.54903549900007 ], [ 125.153949394000065, 10.549264493000065 ], [ 125.153669269000048, 10.549630027000036 ], [ 125.153429633000101, 10.54972507700006 ], [ 125.153093936000118, 10.549298438000049 ], [ 125.152709936000065, 10.549197711000033 ], [ 125.152700239000069, 10.549457024000047 ], [ 125.152597059000072, 10.549786013000073 ], [ 125.152331603000093, 10.550516496000059 ], [ 125.15224091100005, 10.550712885000051 ], [ 125.152000936000036, 10.551125693000076 ], [ 125.151476397, 10.551248403000042 ], [ 125.151127208000062, 10.551380002000029 ], [ 125.151014972000098, 10.55146708800004 ], [ 125.150622533000046, 10.551739249000036 ], [ 125.150449532000025, 10.551913091000074 ], [ 125.150238306000119, 10.552155913000034 ], [ 125.15014912200003, 10.552302679000036 ], [ 125.150085003000086, 10.552423213000056 ], [ 125.150014175000024, 10.552551121000018 ], [ 125.149892050000062, 10.552805593000071 ], [ 125.149877550000042, 10.552875079000046 ], [ 125.149859025000083, 10.553015646000061 ], [ 125.14990780800008, 10.553140535000065 ], [ 125.149897497000097, 10.553186302000029 ], [ 125.1499467000001, 10.553329716000066 ], [ 125.150040494000123, 10.553475310000065 ], [ 125.150055834000128, 10.553528449000057 ], [ 125.150123464000103, 10.553605545000039 ], [ 125.150231014000042, 10.55377051800002 ], [ 125.15025029200001, 10.553870013000049 ], [ 125.150239647000035, 10.553999429000045 ], [ 125.15018466100004, 10.55416790400005 ], [ 125.150176978000118, 10.554262675000073 ], [ 125.150085424000054, 10.554515399000023 ], [ 125.149879456, 10.554800033000051 ], [ 125.149536108, 10.554942645000038 ], [ 125.149192785000096, 10.55487111900004 ], [ 125.148849487, 10.554800033000051 ], [ 125.148445130000013, 10.554729461000024 ], [ 125.148101806000113, 10.554943085000048 ], [ 125.147827149, 10.555227279000064 ], [ 125.14762115500001, 10.555512428000039 ], [ 125.147285461000038, 10.555796623000049 ], [ 125.14707946800003, 10.556081772000024 ], [ 125.146804809000074, 10.556437492000041 ], [ 125.146530151000093, 10.556651115000024 ], [ 125.146255493000027, 10.55700683500004 ], [ 125.145980835000032, 10.557220459000067 ], [ 125.145912170000088, 10.557647705000022 ], [ 125.145912170000088, 10.558003425000038 ], [ 125.145713806000103, 10.558360099000026 ], [ 125.145301794000034, 10.558430232000038 ], [ 125.144958471000109, 10.558430232000035 ], [ 125.144615173000048, 10.558502197000053 ], [ 125.144210816000069, 10.558360099000026 ], [ 125.144004922, 10.558324136000067 ], [ 125.143798816000057, 10.558288136000042 ], [ 125.143798816000057, 10.558110498000076 ], [ 125.143798828000072, 10.557932854000056 ], [ 125.143798803000095, 10.557932834000042 ], [ 125.143524170000106, 10.557719231000021 ], [ 125.143386841000066, 10.557362556000044 ], [ 125.143287659000066, 10.557087898000075 ], [ 125.14287567100007, 10.557518959000047 ], [ 125.142875659000083, 10.55778815700006 ], [ 125.142875646000121, 10.558057345000067 ], [ 125.142669522000105, 10.558219326000028 ], [ 125.142463684000063, 10.558381080000059 ], [ 125.142150854000079, 10.558811701000025 ], [ 125.141738892000021, 10.559135437000066 ], [ 125.141220092000026, 10.559350967000057 ], [ 125.140701269000047, 10.559350527000051 ], [ 125.140548754000065, 10.559620053000058 ], [ 125.140396118000012, 10.559889793000027 ], [ 125.140083313000119, 10.560320854000054 ], [ 125.139564514000085, 10.560536384000043 ], [ 125.139152527000078, 10.560967445000074 ], [ 125.138729540000114, 10.560972089000073 ], [ 125.138013813000043, 10.560972089000073 ], [ 125.137496949000038, 10.560967445000072 ], [ 125.136985778000053, 10.56085968000002 ], [ 125.13646695500006, 10.56085924000007 ], [ 125.136054968000053, 10.561290301000042 ], [ 125.13569641100004, 10.561684609000052 ], [ 125.135391210000094, 10.561748065000074 ], [ 125.135200475000048, 10.562069453000053 ], [ 125.135078405000058, 10.562390841000022 ], [ 125.135017370000028, 10.562712229000056 ], [ 125.134834266000098, 10.56296972100006 ], [ 125.134834337000029, 10.562970095000022 ], [ 125.134895325000116, 10.563290595000069 ], [ 125.135139440000117, 10.563547648000052 ], [ 125.135078431000025, 10.563869476000034 ], [ 125.134834266000098, 10.564061679000078 ], [ 125.134590149000019, 10.56431961100003 ], [ 125.134338354000093, 10.564575709000051 ], [ 125.133972143000065, 10.564704455000026 ], [ 125.133720398000037, 10.564897537000036 ], [ 125.133476232000021, 10.56508973900003 ], [ 125.133232092000071, 10.565347232000022 ], [ 125.132987976000109, 10.565540313000039 ], [ 125.132369995000104, 10.565796852000062 ], [ 125.111038953000048, 10.568941960000073 ], [ 125.111038516, 10.568942025000069 ], [ 125.111038208000096, 10.568942070000048 ], [ 125.111038762000021, 10.568942042000058 ] ] ] ] } },
{ "type": "Feature", "properties": { "gid": 14, "administrative_level": 4, "admin_level_name": "Barangay level 4", "shape0": "philippines", "shape1": "Eastern Visayas", "shape2": "Southern Leyte", "shape3": "Silago", "shape4": "Laguma", "serial_id": 14, "style_info": null, "view_zoom_rotate": null, "travel_via": null, "bearing_angle": null, "bearing_distance": null, "created_at": "2026-09-25T07:28:23.480Z", "modified_at": "2026-09-25T07:28:23.481Z", "geocoded_address": null, "properties": null }, "geometry": { "type": "MultiPolygon", "coordinates": [ [ [ [ 125.142295837, 10.570730209000031 ], [ 125.142822265000063, 10.570563316000062 ], [ 125.144210816000069, 10.570064545000038 ], [ 125.144844055000036, 10.569731712000021 ], [ 125.145484924000016, 10.568954467000021 ], [ 125.145866394000109, 10.568585395000069 ], [ 125.146339417000036, 10.568758010000064 ], [ 125.14683532700009, 10.56885623900007 ], [ 125.147384644000127, 10.568905830000064 ], [ 125.148094177000075, 10.569423675000055 ], [ 125.148704528000053, 10.569497108000062 ], [ 125.149353028000064, 10.569590569000072 ], [ 125.150199891000057, 10.569631577000054 ], [ 125.150543213000105, 10.569590569000068 ], [ 125.15102386500007, 10.569545745000026 ], [ 125.15134429900003, 10.569107055000075 ], [ 125.151756287000026, 10.568969726000036 ], [ 125.152297974, 10.56912136100004 ], [ 125.152763367000048, 10.569536209000036 ], [ 125.153327942000047, 10.569903373000045 ], [ 125.154029846000071, 10.569976807000046 ], [ 125.154380798000048, 10.570000649000066 ], [ 125.154853821000074, 10.569927215000064 ], [ 125.155158997000072, 10.569853782000052 ], [ 125.15553283700001, 10.569146156000045 ], [ 125.156394959000082, 10.568778037000071 ], [ 125.156867981000119, 10.568681716000071 ], [ 125.157440186000045, 10.568668365000066 ], [ 125.157966614000102, 10.568668365000066 ], [ 125.158493042000032, 10.568778037000072 ], [ 125.159248352000077, 10.56978035000003 ], [ 125.159965515000053, 10.570147514000043 ], [ 125.160469056000025, 10.570188522000024 ], [ 125.160743713000102, 10.569752693000057 ], [ 125.160751343000015, 10.569603920000077 ], [ 125.160842896000091, 10.569335937000062 ], [ 125.16103363, 10.56920719100003 ], [ 125.16248321500008, 10.569037437000077 ], [ 125.16287994400011, 10.56888675600004 ], [ 125.163421631000134, 10.568660736000027 ], [ 125.164001465000069, 10.568396568000026 ], [ 125.164398194000114, 10.568133354000054 ], [ 125.164733887000025, 10.567859650000058 ], [ 125.165061951000112, 10.567691803000058 ], [ 125.165504456, 10.567513466000038 ], [ 125.165962219000107, 10.567352294000045 ], [ 125.166595459000064, 10.567132950000028 ], [ 125.167121888000125, 10.566913604000035 ], [ 125.167648316000054, 10.566694260000077 ], [ 125.168174744000112, 10.566474914000024 ], [ 125.168807983000079, 10.566256523000048 ], [ 125.169334411000023, 10.566366195000059 ], [ 125.169860840000069, 10.566474914000027 ], [ 125.170509339000091, 10.566376686000067 ], [ 125.17101287800007, 10.566584587000024 ], [ 125.171646118000027, 10.566584587000024 ], [ 125.172157288000122, 10.566348076000054 ], [ 125.172737121000068, 10.565976143000055 ], [ 125.173202515000085, 10.565890312000022 ], [ 125.173645019000105, 10.566037178000041 ], [ 125.174171447000049, 10.56581783300004 ], [ 125.174766540000064, 10.565632819000029 ], [ 125.175315857000101, 10.56546115900005 ], [ 125.175765991000048, 10.565427780000048 ], [ 125.176315308000085, 10.565259934000039 ], [ 125.176803589000087, 10.56505012400004 ], [ 125.177185058000077, 10.565021514000023 ], [ 125.177665710000028, 10.56492519300002 ], [ 125.177955627000074, 10.564172744000075 ], [ 125.178482055000018, 10.564392090000068 ], [ 125.178749085000064, 10.564311027000031 ], [ 125.179023743000016, 10.564311027000031 ], [ 125.17934417700009, 10.564311027000027 ], [ 125.17948150600013, 10.56504535600004 ], [ 125.179550171000088, 10.56535530000002 ], [ 125.179870606, 10.565331458000056 ], [ 125.180236816000047, 10.565307617000032 ], [ 125.180641175000119, 10.56521320300004 ], [ 125.180969238000102, 10.565213203000042 ], [ 125.181289673000038, 10.56521320300004 ], [ 125.181564331000118, 10.565212250000059 ], [ 125.181770325000116, 10.565116882000039 ], [ 125.181671143000017, 10.564423560000023 ], [ 125.181831360000047, 10.564198493000047 ], [ 125.182159424, 10.564198493000047 ], [ 125.182479858000079, 10.564198493000049 ], [ 125.182693482000104, 10.564029693000066 ], [ 125.182754517000021, 10.563747406000063 ], [ 125.182807922000066, 10.56346607200004 ], [ 125.182754517000021, 10.563183784000048 ], [ 125.182914734000065, 10.562958717000068 ], [ 125.183181763000121, 10.562846184000021 ], [ 125.18408966100003, 10.56278896300006 ], [ 125.184303000000114, 10.562395999000042 ], [ 125.185637480000082, 10.559981898000045 ], [ 125.185632087000059, 10.559980185000027 ], [ 125.185561239000094, 10.559950353000033 ], [ 125.185542685000087, 10.559945383000066 ], [ 125.185520758000067, 10.559945388000072 ], [ 125.185478592000109, 10.559952029000046 ], [ 125.185426304000089, 10.55995204000004 ], [ 125.185399315000055, 10.559942097000032 ], [ 125.185384133000071, 10.559933810000071 ], [ 125.185333524000043, 10.559899 ], [ 125.18531159500003, 10.559889055000038 ], [ 125.185284604000117, 10.559872480000024 ], [ 125.185277857000074, 10.55987082300004 ], [ 125.185264362000126, 10.559864193000065 ], [ 125.18524412100011, 10.559862540000042 ], [ 125.185213759, 10.559854255000063 ], [ 125.185205324000094, 10.559849283000061 ], [ 125.18519183, 10.559845969000037 ], [ 125.185153032000017, 10.559829396000055 ], [ 125.185146284000083, 10.559824423000064 ], [ 125.185124355000085, 10.559816137000041 ], [ 125.185117609000045, 10.559816138000027 ], [ 125.185112548000021, 10.559812823000073 ], [ 125.185095680000018, 10.559811169000056 ], [ 125.185088934000078, 10.559807854000036 ], [ 125.185072066000103, 10.559807857000063 ], [ 125.185063632000052, 10.55980620100007 ], [ 125.184852659000057, 10.559806712000066 ], [ 125.184818923000094, 10.55979842900007 ], [ 125.184800369000058, 10.559796775000054 ], [ 125.184773381000014, 10.559790148000044 ], [ 125.184756514000028, 10.559788493000044 ], [ 125.184707595000091, 10.559771922000039 ], [ 125.184665427000027, 10.559766957000022 ], [ 125.184614824000036, 10.559753702000025 ], [ 125.184587836000119, 10.559753708000073 ], [ 125.184570970000095, 10.559757028000035 ], [ 125.18454398300004, 10.559758691000068 ], [ 125.184516997000074, 10.55976367100004 ], [ 125.184503505000066, 10.559768649000032 ], [ 125.184490011000108, 10.559770310000031 ], [ 125.184464711000047, 10.559770315000033 ], [ 125.184392179000056, 10.559753749000038 ], [ 125.184368564000025, 10.559745463000066 ], [ 125.184338202000063, 10.559738837000054 ], [ 125.184324707000073, 10.559733865000052 ], [ 125.184316274000025, 10.559733867000034 ], [ 125.184292658000118, 10.55972723900004 ], [ 125.18424880300006, 10.559722274000022 ], [ 125.184233623000068, 10.559722277000047 ], [ 125.184218442000088, 10.55971730600004 ], [ 125.184184704, 10.559700731000019 ], [ 125.184161090000089, 10.559699078000049 ], [ 125.184152657000041, 10.559699080000032 ], [ 125.184147597000106, 10.559700739000052 ], [ 125.184108438000067, 10.559691161000046 ], [ 125.18409947900011, 10.559683289000077 ], [ 125.184090105000124, 10.55967803300007 ], [ 125.18408072900003, 10.559668828000042 ], [ 125.184063320000064, 10.559658315000032 ], [ 125.184051270000055, 10.559653060000072 ], [ 125.18401048200009, 10.55965386500003 ], [ 125.183993614000087, 10.559650552000051 ], [ 125.183980120000129, 10.559650555000077 ], [ 125.183971686000078, 10.559648899000024 ], [ 125.183934580000027, 10.559652222000068 ], [ 125.183905908000042, 10.559662177000064 ], [ 125.183899161000113, 10.559662179000043 ], [ 125.183870492000096, 10.55967710800007 ], [ 125.183863745000053, 10.559682084000029 ], [ 125.183830014000023, 10.559698672000025 ], [ 125.183809775000114, 10.559705309000035 ], [ 125.183784475000039, 10.559703656000066 ], [ 125.183730061000134, 10.559692769000039 ], [ 125.183679199000053, 10.559692807000035 ], [ 125.183656675000066, 10.559687560000041 ], [ 125.183645964000107, 10.559683620000042 ], [ 125.183640607000029, 10.559679676000032 ], [ 125.183381337, 10.559622490000034 ], [ 125.183381337, 10.559620832000064 ], [ 125.183065907000014, 10.559539648000055 ], [ 125.182937895, 10.559494047000044 ], [ 125.182736092000042, 10.55943786800003 ], [ 125.182712232000071, 10.559429232000069 ], [ 125.182551180000019, 10.559397731000047 ], [ 125.182523554000113, 10.55939033000004 ], [ 125.182401593000023, 10.559336680000056 ], [ 125.182393159000071, 10.559335023000072 ], [ 125.182344241000024, 10.559315136000066 ], [ 125.182310505000018, 10.559305194000046 ], [ 125.182244719000096, 10.559280335000039 ], [ 125.18223122400002, 10.559273705000066 ], [ 125.182197489000032, 10.559265420000029 ], [ 125.182182309000055, 10.559267082000076 ], [ 125.182153633000084, 10.559258798000032 ], [ 125.182146886000055, 10.559258799000077 ], [ 125.182131705000074, 10.559255486000039 ], [ 125.182113150000077, 10.559248857000053 ], [ 125.182109776000075, 10.559245541000053 ], [ 125.182060856, 10.559217363000075 ], [ 125.182005187000058, 10.559175921000078 ], [ 125.181974823000019, 10.559159346000056 ], [ 125.18196301400009, 10.559151057000065 ], [ 125.181934338000033, 10.559139456000024 ], [ 125.181909038000057, 10.559139461000028 ], [ 125.181883737000035, 10.559136150000031 ], [ 125.181868556000055, 10.559136153000052 ], [ 125.181851688000052, 10.559131182000044 ], [ 125.181811204000056, 10.55911460900006 ], [ 125.181784214000118, 10.559099691000027 ], [ 125.181780841000091, 10.559099692000075 ], [ 125.181762286000108, 10.559091405000061 ], [ 125.181715053000062, 10.559066542000039 ], [ 125.18170155700011, 10.559054938000031 ], [ 125.181679623000051, 10.559020121000058 ], [ 125.181654310000113, 10.558965408000063 ], [ 125.181640813000044, 10.558948829000029 ], [ 125.181610449000132, 10.558930596000041 ], [ 125.181569966000097, 10.558920655000064 ], [ 125.181559846000027, 10.558920657000044 ], [ 125.181537919000107, 10.558923978000053 ], [ 125.181515994000065, 10.558930614000076 ], [ 125.181502500000079, 10.558928959000067 ], [ 125.18149575300005, 10.558925644000054 ], [ 125.181492378000044, 10.558920670000077 ], [ 125.181489001000045, 10.558905748000029 ], [ 125.181488998000077, 10.558890825000047 ], [ 125.181483935000088, 10.558877560000038 ], [ 125.181477187000041, 10.558872587000051 ], [ 125.181468753000118, 10.558869273000026 ], [ 125.181460320000056, 10.558869274000072 ], [ 125.181446827000059, 10.558872593000045 ], [ 125.181431654000122, 10.55889747000003 ], [ 125.181421536000016, 10.55890742100007 ], [ 125.181414790000076, 10.558910738000064 ], [ 125.181401297000093, 10.558915715000069 ], [ 125.18139455000005, 10.558915717000049 ], [ 125.181374309000034, 10.558910746000038 ], [ 125.181320328000069, 10.558877594000025 ], [ 125.181298396000088, 10.55885770100002 ], [ 125.181293335000092, 10.558849411000041 ], [ 125.181286587000031, 10.558846096000023 ], [ 125.181279839000013, 10.558839465000062 ], [ 125.181224170000064, 10.558802997000043 ], [ 125.181171877000111, 10.558776477000036 ], [ 125.181151634000116, 10.558763216000044 ], [ 125.181116210000027, 10.558748300000049 ], [ 125.181092595000123, 10.558741672000052 ], [ 125.181050424000105, 10.558721782000019 ], [ 125.181030181000096, 10.558708521000026 ], [ 125.180991381000013, 10.558678683000037 ], [ 125.180976197000064, 10.558662104000064 ], [ 125.180966073000036, 10.558643867000056 ], [ 125.180954264000093, 10.558632262000058 ], [ 125.180928960000074, 10.55861402800002 ], [ 125.180917151000031, 10.558602423000021 ], [ 125.180900279000085, 10.558577554000065 ], [ 125.18089521900005, 10.558572581000021 ], [ 125.180878351000047, 10.558572584000045 ], [ 125.18085811100002, 10.558575905000055 ], [ 125.180841244000035, 10.558574250000047 ], [ 125.180835174000094, 10.558562897000057 ], [ 125.180842445000053, 10.55854182300004 ], [ 125.180840739, 10.558532595000029 ], [ 125.180823093000072, 10.558506635000072 ], [ 125.180808562000038, 10.558479090000047 ], [ 125.180797515000123, 10.558474624000041 ], [ 125.180784853000105, 10.558467097000062 ], [ 125.180775304000022, 10.558457983000039 ], [ 125.180762712000046, 10.558455082000021 ], [ 125.180754916000083, 10.558458279000035 ], [ 125.180743962000065, 10.558459980000064 ], [ 125.180732914000032, 10.558455514000055 ], [ 125.180720090000023, 10.558437195000066 ], [ 125.180705559000103, 10.558409649000053 ], [ 125.180705212, 10.558386523000022 ], [ 125.180700206000097, 10.558366549000025 ], [ 125.180688927000119, 10.558346666000034 ], [ 125.180671375000102, 10.558326874000043 ], [ 125.180657122000071, 10.558317828000041 ], [ 125.180646098000025, 10.558314904000042 ], [ 125.180633551000042, 10.558315086000048 ], [ 125.180617938000069, 10.558319939000055 ], [ 125.180595959000016, 10.558318715000039 ], [ 125.180580068000026, 10.558305067000045 ], [ 125.18054976100008, 10.558271581000042 ], [ 125.180540167000103, 10.558259384000053 ], [ 125.180533685000128, 10.558245600000021 ], [ 125.180525682000038, 10.558234922000052 ], [ 125.180503633000058, 10.558229073000062 ], [ 125.180486428000108, 10.558232407000048 ], [ 125.180470699000026, 10.558229551000068 ], [ 125.180457829000019, 10.558208149000052 ], [ 125.180441822000049, 10.55818679200007 ], [ 125.180432159000034, 10.558169970000048 ], [ 125.180427268, 10.558157704000054 ], [ 125.180417650000109, 10.558143965000058 ], [ 125.180403420000076, 10.558136461000062 ], [ 125.180387760000031, 10.558138230000052 ], [ 125.180378328000089, 10.558136825000073 ], [ 125.180375075000029, 10.558129162000057 ], [ 125.180380703000083, 10.558109914000054 ], [ 125.180380425000067, 10.558091413000058 ], [ 125.180373828000029, 10.558069920000035 ], [ 125.180360912000083, 10.558045434000064 ], [ 125.180352978000101, 10.55803938100007 ], [ 125.180321450000065, 10.558029044000021 ], [ 125.180293244000026, 10.558030995000022 ], [ 125.180275808000033, 10.558018911000032 ], [ 125.180260009000108, 10.558011430000022 ], [ 125.18024428, 10.558008574000041 ], [ 125.180233209000107, 10.558002565000036 ], [ 125.180233001000047, 10.557988691000048 ], [ 125.180235929000119, 10.55797477000004 ], [ 125.180235698000033, 10.557959352000067 ], [ 125.180232353000065, 10.557945521000018 ], [ 125.180222758000014, 10.557933325000022 ], [ 125.180214662000026, 10.557916480000074 ], [ 125.180201908000072, 10.557902786000053 ], [ 125.180182996000099, 10.557896892000027 ], [ 125.180165722000069, 10.557895601000039 ], [ 125.180153037000068, 10.557886532000055 ], [ 125.180138598000084, 10.557865153000023 ], [ 125.180132024000045, 10.557845202000067 ], [ 125.180112904000111, 10.557825432000071 ], [ 125.180104902000039, 10.557814754000049 ], [ 125.180085896000037, 10.557802693000042 ], [ 125.18004957100004, 10.557786257000034 ], [ 125.180025667000123, 10.557782147000069 ], [ 125.179989486000053, 10.557784789000035 ], [ 125.179980106000016, 10.557792695000046 ], [ 125.179965284000119, 10.55778012500002 ], [ 125.179951907000031, 10.557772614000044 ], [ 125.179940440000109, 10.557761345000074 ], [ 125.179921327000102, 10.557729415000036 ], [ 125.179909858000087, 10.557714390000056 ], [ 125.179886923000026, 10.55768997500007 ], [ 125.179879278000044, 10.557676827000021 ], [ 125.179851266000014, 10.557638049000047 ], [ 125.179835977000053, 10.557624903000033 ], [ 125.179814955000097, 10.55760987900004 ], [ 125.179797755000109, 10.557600491000072 ], [ 125.179784376000043, 10.557583587000066 ], [ 125.179774818000055, 10.55756292600006 ], [ 125.179769081000032, 10.557540386000028 ], [ 125.179757612000117, 10.557523482000018 ], [ 125.179751878000047, 10.557515969000065 ], [ 125.179740413000104, 10.557512214000038 ], [ 125.179707923000038, 10.557482166000057 ], [ 125.179696456000116, 10.557467140000028 ], [ 125.179688808000037, 10.557450236000021 ], [ 125.179673519000062, 10.557437089000073 ], [ 125.179654410000012, 10.557427701000051 ], [ 125.179637211000127, 10.55742582600004 ], [ 125.179620011000111, 10.557410802000048 ], [ 125.179602809000016, 10.557388264000055 ], [ 125.179593253, 10.557378873000062 ], [ 125.179577965000021, 10.557371362000026 ], [ 125.179566500000078, 10.557369486000027 ], [ 125.179556946000062, 10.557365731000059 ], [ 125.179528274000063, 10.557324411000023 ], [ 125.179512985000073, 10.557309386000043 ], [ 125.179467122000133, 10.55729061100004 ], [ 125.179407886000035, 10.557284987000058 ], [ 125.179100056000024, 10.557288216000073 ], [ 125.178848320000029, 10.557286817000033 ], [ 125.178829184000051, 10.557291163000059 ], [ 125.178808573000069, 10.557291167000072 ], [ 125.178804156000083, 10.557288273000042 ], [ 125.17880415500008, 10.557282484000041 ], [ 125.178801210000088, 10.557278143000076 ], [ 125.178775622000103, 10.557268272000044 ], [ 125.178769285000058, 10.557283234000069 ], [ 125.178770559000114, 10.557308167000031 ], [ 125.17876929100008, 10.557314400000053 ], [ 125.178750453000035, 10.557316387000069 ], [ 125.178727615000071, 10.557331703000042 ], [ 125.178718784000012, 10.557341834000056 ], [ 125.178708480000083, 10.557350520000051 ], [ 125.178673150000023, 10.557359211000065 ], [ 125.178636347000065, 10.55736211100003 ], [ 125.178618682000092, 10.557366457000057 ], [ 125.178606906000013, 10.557372248000037 ], [ 125.178602491000106, 10.557376591000034 ], [ 125.178586299, 10.557386725000075 ], [ 125.178577468000071, 10.557395410000028 ], [ 125.178555389000067, 10.55740843900003 ], [ 125.178540668000096, 10.557409889000038 ], [ 125.178534779000088, 10.557412784000066 ], [ 125.178528891000042, 10.55741278600004 ], [ 125.178515642000107, 10.557417130000035 ], [ 125.178484728000072, 10.557422925000026 ], [ 125.178467064000088, 10.557428717000048 ], [ 125.178446455000085, 10.557431615000041 ], [ 125.178409655000124, 10.557453331000032 ], [ 125.178402295000083, 10.557456227000047 ], [ 125.178397879000045, 10.557460569000055 ], [ 125.178390519000104, 10.557460570000046 ], [ 125.178366962000041, 10.55744899700005 ], [ 125.178359601, 10.557447551000054 ], [ 125.178347823000081, 10.557441765000021 ], [ 125.178319851000097, 10.557437428000071 ], [ 125.178290409000056, 10.557438881000053 ], [ 125.178271272000075, 10.557444674000065 ], [ 125.178260969000021, 10.557453359000021 ], [ 125.178252138000047, 10.557466386000042 ], [ 125.178240362000111, 10.557472177000022 ], [ 125.17823300200007, 10.557473625000053 ], [ 125.178219753000022, 10.557472181000037 ], [ 125.178209446000096, 10.557463499000047 ], [ 125.178206500000101, 10.557457711000039 ], [ 125.178202083000102, 10.557453370000076 ], [ 125.178196194000066, 10.55744903000004 ], [ 125.178182943000024, 10.557443243000023 ], [ 125.178163805000054, 10.557440353000061 ], [ 125.178150556000105, 10.557441802000028 ], [ 125.17813878000004, 10.557446146000075 ], [ 125.178124059000083, 10.557449043000076 ], [ 125.178099035000059, 10.557459179000034 ], [ 125.178069596000114, 10.557479445000066 ], [ 125.178050461000097, 10.557495368000046 ], [ 125.178044575000058, 10.557501158000036 ], [ 125.178034272000104, 10.557517080000023 ], [ 125.178031330000081, 10.557530105000067 ], [ 125.178032803000065, 10.557535894000067 ], [ 125.178043112000069, 10.55755325800004 ], [ 125.178043113000072, 10.557559047000041 ], [ 125.178040171000021, 10.557570626000031 ], [ 125.17803575500011, 10.557576415000028 ], [ 125.178013676000091, 10.55758799700004 ], [ 125.178004844000057, 10.55759668200005 ], [ 125.178001901, 10.557602471000052 ], [ 125.178001904000112, 10.557615497000029 ], [ 125.178006325000069, 10.557634310000028 ], [ 125.178006326000059, 10.557647335000071 ], [ 125.178000440000133, 10.557657466000025 ], [ 125.177975418000088, 10.557679179000047 ], [ 125.177947453000115, 10.557711023000021 ], [ 125.177934208000011, 10.557729839000043 ], [ 125.177919492000115, 10.557760234000057 ], [ 125.177916553000045, 10.557783390000056 ], [ 125.177910668000095, 10.557802205000028 ], [ 125.177909203000027, 10.557842727000038 ], [ 125.177895963000068, 10.55788759300003 ], [ 125.177900127000044, 10.557912075000045 ], [ 125.177909652000054, 10.557919647000062 ], [ 125.177926903000071, 10.557919397000035 ], [ 125.177933223000082, 10.557922390000043 ], [ 125.17793961200006, 10.557930007000037 ], [ 125.177939727000094, 10.557937716000026 ], [ 125.177930341000106, 10.557939394000071 ], [ 125.177873872000063, 10.557934696000073 ], [ 125.177825320000011, 10.557928180000033 ], [ 125.177750119000052, 10.557920987000045 ], [ 125.17759538700011, 10.557902202000038 ], [ 125.17758110200009, 10.557898178000075 ], [ 125.17753514900005, 10.557871085000047 ], [ 125.177350634000049, 10.557823539000028 ], [ 125.177343862000043, 10.557820212000022 ], [ 125.177337091000027, 10.557820213000069 ], [ 125.177284611000118, 10.557810238000059 ], [ 125.177277838, 10.557810239000046 ], [ 125.177257523000094, 10.557805250000056 ], [ 125.177233820000069, 10.55779027700004 ], [ 125.177223661000085, 10.557778629000039 ], [ 125.177154245000111, 10.557735373000069 ], [ 125.177133930000082, 10.557730384000024 ], [ 125.177111922000108, 10.55772872400007 ], [ 125.177091607000079, 10.557723735000023 ], [ 125.177064521000034, 10.557722076000063 ], [ 125.177028969000062, 10.557712097000032 ], [ 125.176996803000065, 10.557707111000068 ], [ 125.176981566000109, 10.557700457000067 ], [ 125.176954479000074, 10.557693805000044 ], [ 125.176905382000086, 10.557672179000061 ], [ 125.176885065000079, 10.557660533000044 ], [ 125.176841047000053, 10.557640571000036 ], [ 125.176780097000119, 10.557603970000059 ], [ 125.176744543000041, 10.557587334000061 ], [ 125.176724229000115, 10.557580681000045 ], [ 125.176658199000016, 10.557544081000062 ], [ 125.176651428, 10.557542418000027 ], [ 125.176607408000123, 10.557512470000061 ], [ 125.176593863000122, 10.557509144000049 ], [ 125.176571854000031, 10.557499163000042 ], [ 125.176565081000035, 10.557492507000061 ], [ 125.176558309000029, 10.55748918000006 ], [ 125.17653968500008, 10.557474205000062 ], [ 125.176515982000055, 10.557460896000066 ], [ 125.176502438000043, 10.557455906000031 ], [ 125.17649735800002, 10.557450914000073 ], [ 125.176488893000069, 10.557445923000044 ], [ 125.176429632, 10.557391015000062 ], [ 125.176411005000091, 10.557361062000043 ], [ 125.176409310000068, 10.557352742000036 ], [ 125.176397456000018, 10.557334437000064 ], [ 125.176390682000033, 10.557319461000077 ], [ 125.176380517000098, 10.557277857000029 ], [ 125.176382207000088, 10.557264543000031 ], [ 125.17637220600011, 10.557189219000064 ], [ 125.176360974000104, 10.55717241900004 ], [ 125.176316438000072, 10.557131429000036 ], [ 125.176293950000058, 10.557096287000036 ], [ 125.176274784000043, 10.557073434000072 ], [ 125.176263644000073, 10.557062801000031 ], [ 125.176252435000052, 10.557047543000065 ], [ 125.176247569000111, 10.557036819000075 ], [ 125.176245862000101, 10.557027591000065 ], [ 125.176229878000086, 10.557007776000034 ], [ 125.176223441000033, 10.556996953000068 ], [ 125.176229345000039, 10.556972194000021 ], [ 125.176229090000106, 10.55695523500003 ], [ 125.176213038000014, 10.556930795000026 ], [ 125.176206649000051, 10.556923177000044 ], [ 125.176195555000035, 10.55691562800007 ], [ 125.176184554000088, 10.55691424500003 ], [ 125.176176759000114, 10.556917442000042 ], [ 125.176170579000072, 10.556923700000027 ], [ 125.176164352000129, 10.556926874000055 ], [ 125.176154850000117, 10.556920844000045 ], [ 125.176153004000071, 10.556902366000031 ], [ 125.176141587000075, 10.556873232000042 ], [ 125.176138220000112, 10.556857860000038 ], [ 125.176122787000054, 10.556770187000039 ], [ 125.176116329000024, 10.556757944000028 ], [ 125.176098870000033, 10.556744318000028 ], [ 125.176084408000065, 10.556721397000047 ], [ 125.176071725000043, 10.55671232800006 ], [ 125.17606688, 10.556703146000075 ], [ 125.176061702000098, 10.556671676000065 ], [ 125.17605874700007, 10.55657919500004 ], [ 125.176064095000015, 10.556517435000046 ], [ 125.176063610000043, 10.556485059000066 ], [ 125.176051291000022, 10.556395798000036 ], [ 125.176049999000043, 10.556367369000041 ], [ 125.176050367000016, 10.556334129000049 ], [ 125.17605306300004, 10.55630479000007 ], [ 125.176058898000065, 10.55627540700004 ], [ 125.176060842000098, 10.55624655400004 ], [ 125.176082926000049, 10.556204153000069 ], [ 125.176085901000093, 10.556193316000073 ], [ 125.176085693000104, 10.556179440000047 ], [ 125.176094339000088, 10.556128427000031 ], [ 125.176112278000119, 10.556075730000032 ], [ 125.176142193000032, 10.556076844000076 ], [ 125.176153101000068, 10.556072061000064 ], [ 125.176163940000023, 10.556062650000056 ], [ 125.176170052000074, 10.55605176800003 ], [ 125.176172911000094, 10.556033222000053 ], [ 125.176169475000052, 10.556013225000072 ], [ 125.176169243000118, 10.555997808000029 ], [ 125.176175238000027, 10.555979216000024 ], [ 125.176184393000099, 10.555962121000052 ], [ 125.176188890000049, 10.555948177000063 ], [ 125.17618610800001, 10.555929903000045 ], [ 125.176192076000021, 10.555924033000053 ], [ 125.176213965000102, 10.55591033400003 ], [ 125.176219936000052, 10.555904463000049 ], [ 125.176225903000045, 10.555888810000056 ], [ 125.17621992700002, 10.555865334000027 ], [ 125.176223907, 10.555859464000036 ], [ 125.176241818000108, 10.555859461000068 ], [ 125.176249780000049, 10.55586141500004 ], [ 125.176249777000066, 10.555851633000033 ], [ 125.176251766000064, 10.555843807000029 ], [ 125.176225892000062, 10.555834029000039 ], [ 125.176209970000073, 10.555832076000058 ], [ 125.176205989000096, 10.555824251000047 ], [ 125.176207977000104, 10.555816424000055 ], [ 125.176207975000025, 10.55580664200005 ], [ 125.176205984000035, 10.555798817000039 ], [ 125.176202002000082, 10.555792948000031 ], [ 125.176178118000053, 10.555777301000035 ], [ 125.176166175000048, 10.555765564000069 ], [ 125.176160203000109, 10.555757739000057 ], [ 125.176152239000089, 10.555742089000034 ], [ 125.17615024700001, 10.555732307000028 ], [ 125.176150244000041, 10.555714699000021 ], [ 125.176154220000072, 10.555695133000029 ], [ 125.176168147000112, 10.555673610000042 ], [ 125.176186055000016, 10.555654042000073 ], [ 125.176190032000022, 10.555638389000023 ], [ 125.176186050000084, 10.555630564000069 ], [ 125.176180079000133, 10.555624696000052 ], [ 125.176152212000019, 10.55560122300005 ], [ 125.176146240000108, 10.555591442000038 ], [ 125.176140266000075, 10.555573835000077 ], [ 125.176140263000093, 10.55555622700007 ], [ 125.176162147000014, 10.555517094000038 ], [ 125.176168113000031, 10.555491658000051 ], [ 125.17617010000005, 10.555476006000047 ], [ 125.176170095000089, 10.555448616000032 ], [ 125.176168103, 10.555440790000034 ], [ 125.176150186000072, 10.555411447000038 ], [ 125.176148195000124, 10.555403621000037 ], [ 125.176148193000017, 10.555393839000034 ], [ 125.176154162000117, 10.555387968000044 ], [ 125.176170081000024, 10.555376227000066 ], [ 125.176178041000071, 10.555372312000033 ], [ 125.176184010000043, 10.555366442000038 ], [ 125.176195947000124, 10.555342962000053 ], [ 125.176195943000025, 10.555323397000052 ], [ 125.176191960000097, 10.55530774600004 ], [ 125.176170159000094, 10.555258618000037 ], [ 125.176154340000025, 10.555240753000019 ], [ 125.176158626000074, 10.555212313000029 ], [ 125.176208280000068, 10.555213422000065 ], [ 125.176218437000102, 10.55516682800004 ], [ 125.176230850000039, 10.555140201000027 ], [ 125.176281633000031, 10.55499487000003 ], [ 125.176292918000058, 10.554950494000023 ], [ 125.176320002000011, 10.554863961000022 ], [ 125.176332416000037, 10.554863961000024 ], [ 125.176340315000061, 10.554857304000054 ], [ 125.17634595800007, 10.554843992000032 ], [ 125.176335801000064, 10.554834007000066 ], [ 125.176357243000098, 10.55475785100003 ], [ 125.176398998000082, 10.554640254000049 ], [ 125.176410283000109, 10.554601819000023 ], [ 125.176419311000018, 10.55453708500005 ], [ 125.176420670000098, 10.554478739000048 ], [ 125.176412708000058, 10.55447287100003 ], [ 125.176396786000041, 10.554468961000051 ], [ 125.17636892400003, 10.554468965000069 ], [ 125.17636295300008, 10.554463098000042 ], [ 125.176364942000063, 10.554455271000053 ], [ 125.176364940000113, 10.554445489000045 ], [ 125.176360956000067, 10.554429838000033 ], [ 125.176357244000087, 10.554399518000023 ], [ 125.176438518000055, 10.554401316000051 ], [ 125.176462426000057, 10.554241323000042 ], [ 125.17646124700002, 10.554224293000059 ], [ 125.176312191000093, 10.554202744000063 ], [ 125.176314840000046, 10.554188564000071 ], [ 125.176313273000119, 10.554177769000036 ], [ 125.176310134000119, 10.554173913000056 ], [ 125.176296016000038, 10.554176227000026 ], [ 125.176288956, 10.554172371000046 ], [ 125.17628425100007, 10.554155407000051 ], [ 125.176270132000028, 10.554125334000046 ], [ 125.176270916, 10.554116081000073 ], [ 125.176268563, 10.554109141000026 ], [ 125.176264641000103, 10.554106828000046 ], [ 125.176259151000082, 10.554095262000033 ], [ 125.176252091000038, 10.554092949000049 ], [ 125.176244248000089, 10.554093720000026 ], [ 125.176238757000093, 10.554092177000026 ], [ 125.176232482000046, 10.554088322000039 ], [ 125.176225423000119, 10.554080611000074 ], [ 125.176224639000111, 10.554072900000051 ], [ 125.176230914000016, 10.554061334000036 ], [ 125.176230914000016, 10.554056707000029 ], [ 125.176228561000016, 10.554052852000043 ], [ 125.176223071000109, 10.554045912000046 ], [ 125.176216011000065, 10.554042056000069 ], [ 125.176194833000054, 10.554037430000051 ], [ 125.176190911000035, 10.554033574000073 ], [ 125.176187774000027, 10.554025092000074 ], [ 125.176187215000041, 10.554016225000053 ], [ 125.176192488000098, 10.554003630000066 ], [ 125.176189473000022, 10.553998445000047 ], [ 125.17618042800008, 10.553989557000019 ], [ 125.176169877, 10.553982891000031 ], [ 125.176163848000087, 10.553982151000071 ], [ 125.176149631000058, 10.553984582000055 ], [ 125.176152543000072, 10.553972523000027 ], [ 125.176162335000072, 10.553952519000063 ], [ 125.176207529000067, 10.553843609000067 ], [ 125.176234040000054, 10.553867806000028 ], [ 125.176254598000028, 10.553878993000069 ], [ 125.176267516000053, 10.55388216500006 ], [ 125.176298195000086, 10.553880572000027 ], [ 125.176343405000026, 10.553869452000072 ], [ 125.176356321000071, 10.553863100000056 ], [ 125.176391840000065, 10.553837696000075 ], [ 125.176396683000021, 10.553831345000047 ], [ 125.176424129000125, 10.553807529000039 ], [ 125.176441888000127, 10.553794826000059 ], [ 125.176456419000047, 10.553780538000069 ], [ 125.17647417700006, 10.553766248000045 ], [ 125.1764887060001, 10.553748784000049 ], [ 125.176500007000072, 10.553739256000028 ], [ 125.176538755000024, 10.55371385200004 ], [ 125.176574273000028, 10.553686860000028 ], [ 125.176669523000086, 10.553594774000031 ], [ 125.176693742000097, 10.553577308000056 ], [ 125.176726030000069, 10.55355031600004 ], [ 125.176771236000036, 10.553523322000046 ], [ 125.176793840000073, 10.553513794000024 ], [ 125.176827745000068, 10.553491564000069 ], [ 125.176868107000018, 10.553461396000044 ], [ 125.176893939000024, 10.553445517000055 ], [ 125.176918158000035, 10.553435988000045 ], [ 125.176947221000091, 10.553429632000077 ], [ 125.176958524000057, 10.553424869000025 ], [ 125.176990816000057, 10.553416926000066 ], [ 125.177005349000069, 10.553416924000031 ], [ 125.177011808000088, 10.553418510000027 ], [ 125.177027956000089, 10.553428031000067 ], [ 125.177027957000078, 10.553432793000068 ], [ 125.177024729000095, 10.553439143000048 ], [ 125.176997732000018, 10.553459282000063 ], [ 125.176991843000096, 10.553460444000049 ], [ 125.176987134000115, 10.553463921000059 ], [ 125.176969469000042, 10.55346856500006 ], [ 125.176942388000029, 10.553481322000037 ], [ 125.176902351000081, 10.553496403000052 ], [ 125.176868208000087, 10.553517271000036 ], [ 125.176847019000107, 10.55353465500002 ], [ 125.176832889000039, 10.553540455000073 ], [ 125.176832898000043, 10.553553192000036 ], [ 125.176841164000066, 10.553580977000024 ], [ 125.176841203000095, 10.553634242000046 ], [ 125.176836501000039, 10.553648141000055 ], [ 125.176836514000115, 10.55366551000003 ], [ 125.176844771000106, 10.553681716000028 ], [ 125.176854200000093, 10.553689815000039 ], [ 125.176863626000113, 10.55369444000007 ], [ 125.176877764000096, 10.553697903000055 ], [ 125.176895431000062, 10.553697891000072 ], [ 125.176901355000041, 10.553688760000057 ], [ 125.176907233000065, 10.553674861000049 ], [ 125.176914295000074, 10.553667908000021 ], [ 125.176929602000087, 10.553659791000028 ], [ 125.176937842000015, 10.55365283800006 ], [ 125.176955502000069, 10.553642404000071 ], [ 125.176967270000105, 10.553627342000024 ], [ 125.176975505000101, 10.553612283000064 ], [ 125.176983743000051, 10.55360301400003 ], [ 125.176990808000028, 10.553600693000021 ], [ 125.177001409000013, 10.553600685000049 ], [ 125.17701082900011, 10.553597205000074 ], [ 125.177017887000048, 10.553584462000059 ], [ 125.177037900000073, 10.553569395000066 ], [ 125.177046137000048, 10.553557810000026 ], [ 125.177047300000027, 10.553538124000054 ], [ 125.177050823000059, 10.553523068000059 ], [ 125.177053176000058, 10.553519592000043 ], [ 125.177070830000062, 10.553499895000073 ], [ 125.17708142700009, 10.553495256000078 ], [ 125.177092028000047, 10.553495248000045 ], [ 125.177097921000041, 10.553499876000044 ], [ 125.177099119000104, 10.553527666000035 ], [ 125.177112075000082, 10.553527656000028 ], [ 125.177117959000029, 10.553519547000064 ], [ 125.177122668000038, 10.553516069000068 ], [ 125.177132088, 10.553512589000036 ], [ 125.17715446800004, 10.553512573000035 ], [ 125.177166249000038, 10.553516039000044 ], [ 125.177168606, 10.55351835300007 ], [ 125.177169789000118, 10.55352414200007 ], [ 125.177169794000065, 10.553531089000046 ], [ 125.177166271000047, 10.553544987000066 ], [ 125.177166291000063, 10.553573936000017 ], [ 125.177167472000065, 10.55357740900007 ], [ 125.177182795000022, 10.553592451000041 ], [ 125.177212256000061, 10.553609800000059 ], [ 125.17722168000013, 10.55361326700006 ], [ 125.177247594000036, 10.553613248000033 ], [ 125.177262901000063, 10.553606290000062 ], [ 125.177278210000068, 10.553601647000049 ], [ 125.17730175600002, 10.553586577000033 ], [ 125.17730410800003, 10.553581944000031 ], [ 125.177298204000067, 10.553561105000027 ], [ 125.177288771, 10.553548374000055 ], [ 125.177288766000075, 10.553541427000026 ], [ 125.177292289000093, 10.553526371000032 ], [ 125.177304053000057, 10.55350667700003 ], [ 125.177329951000047, 10.553485816000034 ], [ 125.177331126000027, 10.553482341000059 ], [ 125.177345248000051, 10.553464962000021 ], [ 125.177357011000012, 10.553444111000035 ], [ 125.177362885000107, 10.553422106000028 ], [ 125.177362855000069, 10.553381578000028 ], [ 125.177358134000087, 10.553368843000044 ], [ 125.177353416000088, 10.55335958200004 ], [ 125.177343986000096, 10.553350326000043 ], [ 125.177335737000035, 10.553344542000048 ], [ 125.177327489000049, 10.553341074000059 ], [ 125.177319236000017, 10.553330659000039 ], [ 125.177316875000074, 10.553323713000053 ], [ 125.177316872, 10.553319081000042 ], [ 125.177325594000095, 10.553291577000037 ], [ 125.177360050000075, 10.553279866000025 ], [ 125.177378410000074, 10.553257415000077 ], [ 125.177410061000046, 10.553204054000048 ], [ 125.177416090000065, 10.553202571000043 ], [ 125.177443228000016, 10.553202565000047 ], [ 125.177467347000047, 10.553198115000045 ], [ 125.177473377000055, 10.553195149000032 ], [ 125.177495929000088, 10.553168139000034 ], [ 125.17752710700006, 10.553106808000052 ], [ 125.17753378700003, 10.553084904000059 ], [ 125.177542695000056, 10.553067381000059 ], [ 125.177607908000013, 10.552976677000061 ], [ 125.177643406000016, 10.552911869000068 ], [ 125.177655239000046, 10.552896913000039 ], [ 125.17768228500006, 10.552850384000063 ], [ 125.177695809000056, 10.55283044300006 ], [ 125.177709332000063, 10.552813825000042 ], [ 125.177741449000095, 10.552780590000054 ], [ 125.17775328200004, 10.552765635000071 ], [ 125.177771876000065, 10.552735723000067 ], [ 125.177792161000085, 10.552720767000039 ], [ 125.177805684000091, 10.552707473000055 ], [ 125.177820897000061, 10.552687532000046 ], [ 125.177834421000057, 10.552664268000056 ], [ 125.177847944000064, 10.552639341000031 ], [ 125.177853693000102, 10.55262042700002 ], [ 125.177934154000013, 10.552534651000025 ], [ 125.177961719000109, 10.55249780500003 ], [ 125.17800008100005, 10.552389812000058 ], [ 125.178010223000101, 10.552376518000074 ], [ 125.178016984000024, 10.552356577000069 ], [ 125.178022056000046, 10.552329989000041 ], [ 125.178027128000053, 10.552276812000059 ], [ 125.178030509000109, 10.552197047000048 ], [ 125.178022058000025, 10.552145532000054 ], [ 125.178020369000023, 10.552082384000071 ], [ 125.178015298000105, 10.552049149000027 ], [ 125.178013608000029, 10.552019237000025 ], [ 125.178010228000062, 10.551997634000033 ], [ 125.178011919000028, 10.55195775100003 ], [ 125.178010229000051, 10.551932825000051 ], [ 125.178006848000109, 10.551906236000034 ], [ 125.178001778000066, 10.551882971000053 ], [ 125.177991637000119, 10.551783265000038 ], [ 125.17798149500004, 10.551761662000045 ], [ 125.177978116000091, 10.551688544000056 ], [ 125.177974735000035, 10.55165530900007 ], [ 125.1779764260001, 10.551637029000061 ], [ 125.177981497000019, 10.551617088000059 ], [ 125.177991640000087, 10.551588838000043 ], [ 125.177993330000064, 10.551568897000038 ], [ 125.177989950000097, 10.551543970000067 ], [ 125.177989950000097, 10.551527352000052 ], [ 125.177993332000042, 10.551495779000048 ], [ 125.177991641000048, 10.551482484000072 ], [ 125.177995003000092, 10.551467517000045 ], [ 125.178011789000038, 10.551463426000055 ], [ 125.178020884000048, 10.551451499000052 ], [ 125.178037055000104, 10.551440565000066 ], [ 125.178042108000099, 10.551433608000025 ], [ 125.178043118000133, 10.551429632000064 ], [ 125.178041095000026, 10.551421683000056 ], [ 125.178022897000119, 10.551408767000051 ], [ 125.178019862000042, 10.551396843000076 ], [ 125.178019860000063, 10.551383924000049 ], [ 125.178017837000084, 10.551379949000022 ], [ 125.177994585000093, 10.551367035000055 ], [ 125.177941006000083, 10.551345182000034 ], [ 125.177911687000119, 10.55132630600002 ], [ 125.177860131000116, 10.55130842900007 ], [ 125.177833845, 10.551291540000021 ], [ 125.177823735000075, 10.551280610000047 ], [ 125.177813623000034, 10.551264712000034 ], [ 125.177806546000042, 10.551258751000033 ], [ 125.177782285000049, 10.551249811000046 ], [ 125.177747913000076, 10.55124286200004 ], [ 125.177727695000044, 10.551233922000051 ], [ 125.177700402000042, 10.551233927000055 ], [ 125.177688273000058, 10.551240885000025 ], [ 125.177683219000073, 10.551241880000074 ], [ 125.177654915000076, 10.551242879000025 ], [ 125.17760335800007, 10.551225001000033 ], [ 125.17757606400005, 10.551218050000045 ], [ 125.177537649000101, 10.551204144000051 ], [ 125.177529562000018, 10.551199177000058 ], [ 125.177518441000075, 10.551196198000069 ], [ 125.177482048000115, 10.55118030400007 ], [ 125.177448687000052, 10.551169379000042 ], [ 125.177440600000068, 10.551165406000052 ], [ 125.177436556000075, 10.551165407000042 ], [ 125.177429480000114, 10.551161433000058 ], [ 125.177405331000045, 10.551153025000071 ], [ 125.177383900000109, 10.551142371000022 ], [ 125.177379407000103, 10.551137956000046 ], [ 125.17736742700005, 10.551132070000051 ], [ 125.177331488000036, 10.551121772000045 ], [ 125.177313517000016, 10.551112943000019 ], [ 125.177300040000091, 10.55110853000002 ], [ 125.177279074000012, 10.551095285000031 ], [ 125.177246129000096, 10.551080571000055 ], [ 125.177243134000037, 10.551077627000039 ], [ 125.177202701000056, 10.551061442000048 ], [ 125.177192219000062, 10.551055554000071 ], [ 125.177171252000122, 10.551039367000044 ], [ 125.177159272000026, 10.551034953000054 ], [ 125.177147293000061, 10.551032011000075 ], [ 125.177138308000067, 10.551032012000064 ], [ 125.177099375000026, 10.551023187000053 ], [ 125.177093385000049, 10.551020244000027 ], [ 125.177060441000094, 10.551011418000028 ], [ 125.177055948000074, 10.551008475000058 ], [ 125.177031988000067, 10.550999647000026 ], [ 125.176976582000066, 10.55098640800003 ], [ 125.176921400000083, 10.550968398000064 ], [ 125.176881985000037, 10.550963936000073 ], [ 125.176854696000078, 10.55095797900003 ], [ 125.17684711600009, 10.550957981000067 ], [ 125.176821345, 10.550952024000024 ], [ 125.176809216000052, 10.550952027000049 ], [ 125.176800562000039, 10.550949597000054 ], [ 125.176765213000081, 10.551101069000024 ], [ 125.176941, 10.551125999000016 ], [ 125.176506042000042, 10.551890373000047 ], [ 125.176265650000133, 10.552026267000031 ], [ 125.173049927000093, 10.553592682000046 ], [ 125.172241211000042, 10.554176331000065 ], [ 125.171524000000105, 10.554108667000033 ], [ 125.170967102000091, 10.554891586000052 ], [ 125.170532226000105, 10.55478286700003 ], [ 125.170173645000105, 10.554978370000068 ], [ 125.169860840000069, 10.555173874000047 ], [ 125.169296265000071, 10.555325508000069 ], [ 125.168838501000096, 10.555520057000022 ], [ 125.168479920000095, 10.555953979000039 ], [ 125.167976379000052, 10.556604385000067 ], [ 125.167633057000103, 10.556734085000073 ], [ 125.167129517000021, 10.55669021600005 ], [ 125.166770935000059, 10.556921958000029 ], [ 125.166542053000072, 10.557182312000064 ], [ 125.166267395000077, 10.557427406000041 ], [ 125.16618240800004, 10.557672095000044 ], [ 125.16609954800002, 10.557716369000044 ], [ 125.165779113000099, 10.557991027000066 ], [ 125.16557312000009, 10.558034896000036 ], [ 125.165367127000081, 10.558150291000061 ], [ 125.164970333000042, 10.558270500000045 ], [ 125.164344833000101, 10.558270500000047 ], [ 125.163818333000108, 10.558270500000049 ], [ 125.163253784000077, 10.558435440000039 ], [ 125.162597656000131, 10.558510780000061 ], [ 125.162139893000017, 10.558498383000028 ], [ 125.16156768800009, 10.558837890000065 ], [ 125.161140442000033, 10.55911540900007 ], [ 125.160522461000028, 10.559304237000047 ], [ 125.160003662, 10.55959320000005 ], [ 125.159591675000129, 10.559858322000025 ], [ 125.159255982000104, 10.560034752000035 ], [ 125.158676147000051, 10.56043720200006 ], [ 125.158111572000053, 10.56083679200003 ], [ 125.157562256000134, 10.561017990000037 ], [ 125.157157898000023, 10.561258316000021 ], [ 125.156433105000033, 10.561619759000051 ], [ 125.156173706000118, 10.561920165000062 ], [ 125.155799865000063, 10.562582016000022 ], [ 125.155822754000042, 10.562792778000073 ], [ 125.155654907000098, 10.563123703000032 ], [ 125.154769833000046, 10.563292499000056 ], [ 125.154037500000072, 10.564056333000051 ], [ 125.153923, 10.564350167000043 ], [ 125.153503500000056, 10.565611833000048 ], [ 125.153137166000079, 10.566168833000059 ], [ 125.15283966700008, 10.566086833000043 ], [ 125.152618333000078, 10.565693833000068 ], [ 125.152435334000089, 10.56526750000006 ], [ 125.152137833000097, 10.564923334000071 ], [ 125.151886000000104, 10.564431166000073 ], [ 125.151397667000083, 10.56415266700003 ], [ 125.150894167000061, 10.563874166000062 ], [ 125.150360167000031, 10.563857999000051 ], [ 125.149917667000082, 10.563652 ], [ 125.149353, 10.563523333000036 ], [ 125.149116500000105, 10.563724499000044 ], [ 125.149238666000102, 10.564169833000049 ], [ 125.149711667000034, 10.565120666000039 ], [ 125.149490334000021, 10.565466833000073 ], [ 125.14907833300002, 10.565639500000032 ], [ 125.148773166000083, 10.565710999000032 ], [ 125.148597666000114, 10.565709167000024 ], [ 125.148178167000083, 10.566038166000055 ], [ 125.147659334000082, 10.566256499000078 ], [ 125.147232, 10.56658466600004 ], [ 125.14681250000001, 10.566912666000063 ], [ 125.146293666000034, 10.567132 ], [ 125.145767166000056, 10.567132 ], [ 125.145240834000091, 10.566694333000044 ], [ 125.144714334000014, 10.56658466600004 ], [ 125.144714334000014, 10.567132 ], [ 125.144821167000046, 10.567678500000058 ], [ 125.144401500000072, 10.568006500000022 ], [ 125.143875166000043, 10.568006500000022 ], [ 125.143562334000094, 10.567569666000052 ], [ 125.143035834000102, 10.567569666000052 ], [ 125.14250950000006, 10.567350333000032 ], [ 125.141990667000087, 10.56746 ], [ 125.141476189000073, 10.567447240000035 ], [ 125.140831, 10.56746 ], [ 125.140312167000047, 10.567569666000054 ], [ 125.139785833, 10.567569666000056 ], [ 125.139473, 10.567132 ], [ 125.139152500000023, 10.566694333000044 ], [ 125.138633667000022, 10.566474833000028 ], [ 125.138107334000097, 10.566584666000036 ], [ 125.137580834000119, 10.566803999000056 ], [ 125.137161333000108, 10.567132 ], [ 125.13674166600002, 10.56746 ], [ 125.136215166000071, 10.567569666000052 ], [ 125.135589666000101, 10.567569666000054 ], [ 125.135063166, 10.567728 ], [ 125.111038762000021, 10.568942042000058 ], [ 125.133277893000027, 10.570517539000038 ], [ 125.133575440000058, 10.570220947000051 ], [ 125.134086609000065, 10.570094108000033 ], [ 125.134094239000092, 10.570192336000046 ], [ 125.134506225000109, 10.570423126000037 ], [ 125.135032654000057, 10.57020378100003 ], [ 125.1355590820001, 10.569765091000022 ], [ 125.136047363000117, 10.569655418000023 ], [ 125.136428833000096, 10.570022583000023 ], [ 125.137023926000111, 10.570277214000042 ], [ 125.137826744000122, 10.570452791000037 ], [ 125.137985229000037, 10.570423126000039 ], [ 125.138504028000071, 10.570642471000042 ], [ 125.139030456000128, 10.570752144000039 ], [ 125.139556884000058, 10.570861816000047 ], [ 125.140190125000117, 10.571081162000043 ], [ 125.140716553000075, 10.571190834000051 ], [ 125.141349793, 10.571300506000055 ], [ 125.142295837, 10.570730209000031 ] ] ] ] } },
{ "type": "Feature", "properties": { "gid": 15, "administrative_level": 4, "admin_level_name": "Barangay level 4", "shape0": "philippines", "shape1": "Eastern Visayas", "shape2": "Southern Leyte", "shape3": "Silago", "shape4": "Pob. District II", "serial_id": 15, "style_info": null, "view_zoom_rotate": null, "travel_via": null, "bearing_angle": null, "bearing_distance": null, "created_at": "2026-09-25T07:28:23.480Z", "modified_at": "2026-09-25T07:28:23.481Z", "geocoded_address": null, "properties": null }, "geometry": { "type": "MultiPolygon", "coordinates": [ [ [ [ 125.132987976000109, 10.565540313000039 ], [ 125.133232092000071, 10.565347232000022 ], [ 125.133476232000021, 10.56508973900003 ], [ 125.133720398000037, 10.564897537000036 ], [ 125.133972143000065, 10.564704455000026 ], [ 125.134338354000093, 10.564575709000051 ], [ 125.134590149000019, 10.56431961100003 ], [ 125.134834266000098, 10.564061679000078 ], [ 125.135078431000025, 10.563869476000034 ], [ 125.135139440000117, 10.563547648000052 ], [ 125.134895325000116, 10.563290595000069 ], [ 125.134834337000029, 10.562970095000022 ], [ 125.134834266000098, 10.56296972100006 ], [ 125.135017370000028, 10.562712229000056 ], [ 125.135078405000058, 10.562390841000022 ], [ 125.135200475000048, 10.562069453000053 ], [ 125.135391210000094, 10.561748065000074 ], [ 125.13569641100004, 10.561684609000052 ], [ 125.136054968000053, 10.561290301000042 ], [ 125.13646695500006, 10.56085924000007 ], [ 125.136985778000053, 10.56085968000002 ], [ 125.137496949000038, 10.560967445000072 ], [ 125.138013813000043, 10.560972089000073 ], [ 125.138729540000114, 10.560972089000073 ], [ 125.139152527000078, 10.560967445000074 ], [ 125.139564514000085, 10.560536384000043 ], [ 125.140083313000119, 10.560320854000054 ], [ 125.140396118000012, 10.559889793000027 ], [ 125.140548754000065, 10.559620053000058 ], [ 125.140701269000047, 10.559350527000051 ], [ 125.141220092000026, 10.559350967000057 ], [ 125.141738892000021, 10.559135437000066 ], [ 125.142150854000079, 10.558811701000025 ], [ 125.142463684000063, 10.558381080000059 ], [ 125.142669522000105, 10.558219326000028 ], [ 125.142875646000121, 10.558057345000067 ], [ 125.142875659000083, 10.55778815700006 ], [ 125.14287567100007, 10.557518959000047 ], [ 125.143287659000066, 10.557087898000075 ], [ 125.143386841000066, 10.557362556000044 ], [ 125.143524170000106, 10.557719231000021 ], [ 125.143798803000095, 10.557932834000042 ], [ 125.143798828000072, 10.557932854000056 ], [ 125.143798816000057, 10.558110498000076 ], [ 125.143798816000057, 10.558288136000042 ], [ 125.144004922, 10.558324136000067 ], [ 125.144210816000069, 10.558360099000026 ], [ 125.144615173000048, 10.558502197000053 ], [ 125.144958471000109, 10.558430232000035 ], [ 125.145301794000034, 10.558430232000038 ], [ 125.145713806000103, 10.558360099000026 ], [ 125.145912170000088, 10.558003425000038 ], [ 125.145912170000088, 10.557647705000022 ], [ 125.145980835000032, 10.557220459000067 ], [ 125.146255493000027, 10.55700683500004 ], [ 125.146530151000093, 10.556651115000024 ], [ 125.146804809000074, 10.556437492000041 ], [ 125.14707946800003, 10.556081772000024 ], [ 125.147285461000038, 10.555796623000049 ], [ 125.14762115500001, 10.555512428000039 ], [ 125.147827149, 10.555227279000064 ], [ 125.148101806000113, 10.554943085000048 ], [ 125.148445130000013, 10.554729461000024 ], [ 125.148849487, 10.554800033000051 ], [ 125.149192785000096, 10.55487111900004 ], [ 125.149536108, 10.554942645000038 ], [ 125.149879456, 10.554800033000051 ], [ 125.150085424000054, 10.554515399000023 ], [ 125.150176978000118, 10.554262675000073 ], [ 125.15018466100004, 10.55416790400005 ], [ 125.150239647000035, 10.553999429000045 ], [ 125.15025029200001, 10.553870013000049 ], [ 125.150231014000042, 10.55377051800002 ], [ 125.150123464000103, 10.553605545000039 ], [ 125.150055834000128, 10.553528449000057 ], [ 125.150040494000123, 10.553475310000065 ], [ 125.1499467000001, 10.553329716000066 ], [ 125.149897497000097, 10.553186302000029 ], [ 125.14990780800008, 10.553140535000065 ], [ 125.149859025000083, 10.553015646000061 ], [ 125.149877550000042, 10.552875079000046 ], [ 125.149892050000062, 10.552805593000071 ], [ 125.150014175000024, 10.552551121000018 ], [ 125.150085003000086, 10.552423213000056 ], [ 125.15014912200003, 10.552302679000036 ], [ 125.150238306000119, 10.552155913000034 ], [ 125.150449532000025, 10.551913091000074 ], [ 125.150622533000046, 10.551739249000036 ], [ 125.151014972000098, 10.55146708800004 ], [ 125.151127208000062, 10.551380002000029 ], [ 125.151476397, 10.551248403000042 ], [ 125.152000936000036, 10.551125693000076 ], [ 125.15224091100005, 10.550712885000051 ], [ 125.152331603000093, 10.550516496000059 ], [ 125.152597059000072, 10.549786013000073 ], [ 125.152700239000069, 10.549457024000047 ], [ 125.152709936000065, 10.549197711000033 ], [ 125.153093936000118, 10.549298438000049 ], [ 125.153429633000101, 10.54972507700006 ], [ 125.153669269000048, 10.549630027000036 ], [ 125.153949394000065, 10.549264493000065 ], [ 125.154210156000076, 10.54903549900007 ], [ 125.154832008000085, 10.548517413000068 ], [ 125.155403657000079, 10.547839318000056 ], [ 125.155772961000011, 10.547379152000076 ], [ 125.155870275000098, 10.546902304000071 ], [ 125.156047553, 10.546590079000051 ], [ 125.156273361000103, 10.546632324000029 ], [ 125.156739228000106, 10.546686554000075 ], [ 125.157303747, 10.546567113000041 ], [ 125.157881597000028, 10.545983982000051 ], [ 125.158525158000074, 10.545465729000057 ], [ 125.15947985800004, 10.544981760000043 ], [ 125.160218975000021, 10.544570627000041 ], [ 125.160819119000053, 10.544215988000078 ], [ 125.161178703000019, 10.543973416000028 ], [ 125.161405517000034, 10.544177935000047 ], [ 125.161600565000086, 10.544371807000058 ], [ 125.161988728000082, 10.544389410000063 ], [ 125.162477644000091, 10.544570877000069 ], [ 125.162611169000115, 10.544260916000045 ], [ 125.162590467000101, 10.543930332000059 ], [ 125.162678729000064, 10.54376244300005 ], [ 125.163131097000019, 10.543684743000027 ], [ 125.163320194000121, 10.543601091000028 ], [ 125.163726800000063, 10.54344820400007 ], [ 125.164012119000063, 10.543378132000043 ], [ 125.164336417000072, 10.543506796000031 ], [ 125.164726595000033, 10.543540407000023 ], [ 125.164676219000057, 10.543305796000025 ], [ 125.164933458000064, 10.543232791000035 ], [ 125.165360466000038, 10.543153252000023 ], [ 125.165704342000012, 10.542935232000049 ], [ 125.166090497000027, 10.542613704000077 ], [ 125.166386042000127, 10.542197710000039 ], [ 125.166547732000041, 10.541924627000071 ], [ 125.166801197000041, 10.541513496000045 ], [ 125.166892980000071, 10.541232623000042 ], [ 125.167671203000054, 10.541020393000053 ], [ 125.169166565000083, 10.540592194000055 ], [ 125.169116425000084, 10.540464774000041 ], [ 125.169112205000033, 10.540465665000058 ], [ 125.169099949000042, 10.540457876000058 ], [ 125.169095587000029, 10.540436048000061 ], [ 125.169085096000131, 10.54041032600003 ], [ 125.169078711000111, 10.540388527000061 ], [ 125.16907180900013, 10.540330917000061 ], [ 125.169067532000113, 10.540315057000043 ], [ 125.169059180000104, 10.540297265000049 ], [ 125.169056440000077, 10.540247556000054 ], [ 125.169044155000037, 10.54023777800006 ], [ 125.169031928000095, 10.540231979000056 ], [ 125.169019757000115, 10.540230158000041 ], [ 125.169005248000076, 10.540206482000031 ], [ 125.169002938000077, 10.540186615000035 ], [ 125.168994529000102, 10.54016484400006 ], [ 125.168990166000071, 10.540143016000059 ], [ 125.168991932000026, 10.540125083000019 ], [ 125.168989651000047, 10.540107206000073 ], [ 125.168981241000111, 10.540085435000037 ], [ 125.168968899000106, 10.54007167700007 ], [ 125.168958466000035, 10.540049934000024 ], [ 125.168937829000015, 10.54002236300005 ], [ 125.168935290000036, 10.539986581000051 ], [ 125.168922518000059, 10.539942982000072 ], [ 125.168924198000013, 10.539919081000049 ], [ 125.168917468000018, 10.539873408000066 ], [ 125.168909087000088, 10.539853626000024 ], [ 125.1688987980001, 10.539841830000055 ], [ 125.168880499000025, 10.539836115000071 ], [ 125.168864339000038, 10.539838329000077 ], [ 125.168848007000065, 10.539828608000049 ], [ 125.168831446000013, 10.539802970000038 ], [ 125.168818617000056, 10.539755392000076 ], [ 125.168820096000104, 10.539717564000055 ], [ 125.168813739000043, 10.539697754000031 ], [ 125.168799431000025, 10.539688004000027 ], [ 125.168783213000097, 10.539686240000039 ], [ 125.168771014000058, 10.539682430000028 ], [ 125.168758615000115, 10.539664694000066 ], [ 125.168746072000104, 10.539637010000037 ], [ 125.168739629, 10.539611232000029 ], [ 125.168732699000088, 10.539551633000029 ], [ 125.168722209000066, 10.539525911000053 ], [ 125.168717933000039, 10.539510051000034 ], [ 125.16870758600011, 10.539494277000074 ], [ 125.168699377000053, 10.539486431000055 ], [ 125.168687121000048, 10.539478642000063 ], [ 125.16869040600011, 10.539467637000026 ], [ 125.168698398000046, 10.539455061000069 ], [ 125.168706389000022, 10.539436198000033 ], [ 125.168706380000131, 10.539385899000024 ], [ 125.168704781000102, 10.539379612000062 ], [ 125.168695184000057, 10.539360751000062 ], [ 125.168690387000083, 10.539356037000061 ], [ 125.168677595000091, 10.53934817900006 ], [ 125.168656808000051, 10.539329321000027 ], [ 125.168635482, 10.539301360000023 ], [ 125.168637305000061, 10.539287406000028 ], [ 125.168632570000113, 10.539239715000063 ], [ 125.168628179000066, 10.539215898000066 ], [ 125.168619770000092, 10.539194127000027 ], [ 125.168625468000087, 10.539168179000058 ], [ 125.16862712000011, 10.539142288000049 ], [ 125.168622815000063, 10.539124439000034 ], [ 125.168634498000074, 10.539092439000058 ], [ 125.168632274000061, 10.539078541000039 ], [ 125.168615913000053, 10.539066829000033 ], [ 125.168599638000046, 10.539061086000059 ], [ 125.168591458000023, 10.539055231000075 ], [ 125.168587210000055, 10.539041361000047 ], [ 125.16859308100004, 10.539027350000024 ], [ 125.168594789000053, 10.539005438000059 ], [ 125.168586523000045, 10.538993614000047 ], [ 125.168574295000099, 10.538987814000048 ], [ 125.16856608600007, 10.538979969000028 ], [ 125.168557677000095, 10.538958198000044 ], [ 125.168559357000035, 10.538934296000035 ], [ 125.168554937000067, 10.53890848900005 ], [ 125.16854459000001, 10.538892715000033 ], [ 125.168539941000049, 10.538850992000048 ], [ 125.16854358800002, 10.538823084000057 ], [ 125.168555443000059, 10.538803020000042 ], [ 125.168559232000021, 10.538785059000075 ], [ 125.168554870000108, 10.538763231000075 ], [ 125.168540304000089, 10.53873557600002 ], [ 125.168529728000067, 10.538703885000075 ], [ 125.168512508000049, 10.538632490000053 ], [ 125.168501932000026, 10.538600800000042 ], [ 125.168491069000083, 10.538549215000046 ], [ 125.168482717000074, 10.538531422000062 ], [ 125.168468294000036, 10.538513714000031 ], [ 125.168455866000059, 10.538493989000074 ], [ 125.16844130000004, 10.538466333000029 ], [ 125.168430810000032, 10.538440611000055 ], [ 125.168412053000111, 10.538403065000068 ], [ 125.168403644000037, 10.538381293000043 ], [ 125.168389646000037, 10.538364254000044 ], [ 125.168375253000036, 10.538339107000066 ], [ 125.16836565600012, 10.538312387000078 ], [ 125.168362457000072, 10.538306100000055 ], [ 125.168357660000069, 10.538301386000057 ], [ 125.168356060000065, 10.538293527000063 ], [ 125.168343267000068, 10.538276239000027 ], [ 125.168332071, 10.53825580600005 ], [ 125.168332070000034, 10.538249519000031 ], [ 125.168336713000045, 10.538230995000047 ], [ 125.168328868000117, 10.538219655000033 ], [ 125.168250526000065, 10.538214952000034 ], [ 125.168223346000104, 10.53820866900003 ], [ 125.168202560000054, 10.538207100000022 ], [ 125.168180176000064, 10.538202388000061 ], [ 125.168173780000075, 10.538199246000033 ], [ 125.168154594000043, 10.538194533000025 ], [ 125.168129008000037, 10.538166244000022 ], [ 125.168122613000037, 10.538164673000036 ], [ 125.168109821000044, 10.538155244000052 ], [ 125.168090634000023, 10.538147388000027 ], [ 125.168082640000094, 10.538147389000073 ], [ 125.168063455000052, 10.53815368000005 ], [ 125.168030007000098, 10.538158949000033 ], [ 125.168005926000106, 10.538148120000072 ], [ 125.16796944400005, 10.53814464800007 ], [ 125.167947213000048, 10.53814694700003 ], [ 125.167918997000015, 10.538155299000037 ], [ 125.167906970000118, 10.538163425000052 ], [ 125.167880778000054, 10.538171749000071 ], [ 125.167858813000052, 10.538183577000041 ], [ 125.167804458000091, 10.538208735000067 ], [ 125.167778879000011, 10.538218170000047 ], [ 125.167759694000111, 10.538222889000055 ], [ 125.167716526000063, 10.538221324000061 ], [ 125.167705335000051, 10.538224469000053 ], [ 125.167673357000027, 10.538218187000041 ], [ 125.167660567000084, 10.538221333000021 ], [ 125.167641381000081, 10.538216620000073 ], [ 125.167623792000086, 10.538204048000068 ], [ 125.167596609000057, 10.538180475000047 ], [ 125.167585416000051, 10.538174189000072 ], [ 125.167572625000062, 10.538171048000036 ], [ 125.167545446000091, 10.538175767000041 ], [ 125.167521466000039, 10.538188346000027 ], [ 125.167510277000034, 10.538207210000053 ], [ 125.167505483000014, 10.538221357000053 ], [ 125.167500688000018, 10.538226073000029 ], [ 125.16749109400007, 10.538224503000036 ], [ 125.167479902000068, 10.538218217000063 ], [ 125.167459116000018, 10.538211933000071 ], [ 125.167446325000029, 10.538205648000028 ], [ 125.167441527000051, 10.538199361000068 ], [ 125.167443125000091, 10.538193074000048 ], [ 125.167491084000062, 10.538158486000043 ], [ 125.167527850000056, 10.538120756000069 ], [ 125.167532644000076, 10.538108180000052 ], [ 125.167532642000083, 10.538092462000064 ], [ 125.167527843, 10.538078316000052 ], [ 125.167513451000104, 10.538062600000044 ], [ 125.167481472000077, 10.538042171000026 ], [ 125.167467080000037, 10.538023311000071 ], [ 125.167451087000032, 10.537998164000042 ], [ 125.167446289000054, 10.53798559000006 ], [ 125.167436694000131, 10.537974589000042 ], [ 125.167431897000029, 10.537971446000027 ], [ 125.167419106000025, 10.537966732000029 ], [ 125.16736855300006, 10.537966740000057 ], [ 125.167330353000025, 10.537921462000041 ], [ 125.167308781000074, 10.537916451000056 ], [ 125.167305583000029, 10.53791802300003 ], [ 125.167278404000058, 10.53792117100005 ], [ 125.167272009000058, 10.537919600000066 ], [ 125.167260816000066, 10.537910171000018 ], [ 125.167241626000092, 10.537885024000046 ], [ 125.167240026000073, 10.537878738000074 ], [ 125.16724002300009, 10.537861447000067 ], [ 125.167235226000116, 10.537855161000035 ], [ 125.167182459000074, 10.537812729000052 ], [ 125.167177660000121, 10.53780015500007 ], [ 125.167176056000031, 10.53777029100007 ], [ 125.167171256000088, 10.537743570000032 ], [ 125.167171253000106, 10.537729424000077 ], [ 125.167160056000071, 10.537696417000063 ], [ 125.167150462000095, 10.53768227200004 ], [ 125.167148861000086, 10.537674413000047 ], [ 125.167142464000108, 10.537661839000064 ], [ 125.167132869000071, 10.537650838000049 ], [ 125.167126473000067, 10.53764612300006 ], [ 125.167113682000036, 10.537641410000051 ], [ 125.167099292000117, 10.537633553000031 ], [ 125.167083302000052, 10.537622552000075 ], [ 125.167078505000077, 10.537616266000043 ], [ 125.167075306, 10.53760840700005 ], [ 125.167075305000012, 10.537602120000029 ], [ 125.167078500000116, 10.537589544000069 ], [ 125.167081697000071, 10.537583257000055 ], [ 125.167081696000082, 10.537576969000044 ], [ 125.167080096000063, 10.53757068200002 ], [ 125.167075299000089, 10.537564395000059 ], [ 125.167027759, 10.537552549000052 ], [ 125.167011212000034, 10.537546452000072 ], [ 125.167002937, 10.53753222000006 ], [ 125.166990523000095, 10.537503755000046 ], [ 125.166982248000068, 10.537493589000062 ], [ 125.166955359000099, 10.537475293000057 ], [ 125.166930540000067, 10.537467163000032 ], [ 125.166913993000094, 10.537467166000054 ], [ 125.166893310000091, 10.53746310300005 ], [ 125.166882968000095, 10.537454970000054 ], [ 125.166872621000039, 10.53741633900006 ], [ 125.166866414000083, 10.53740617300002 ], [ 125.166831250000087, 10.537377712000023 ], [ 125.166812633000063, 10.537355348000064 ], [ 125.16679401600004, 10.537339084000052 ], [ 125.166785743000105, 10.537332986000024 ], [ 125.16677126400009, 10.537328921000039 ], [ 125.166762991000041, 10.537322822000021 ], [ 125.166758854000037, 10.537312655000051 ], [ 125.166752647000067, 10.53730655700002 ], [ 125.166729896000106, 10.537300461000029 ], [ 125.166721621000079, 10.537292329000026 ], [ 125.166719551000028, 10.537280129000065 ], [ 125.166719547000071, 10.537251662000074 ], [ 125.166713340000101, 10.53723743000006 ], [ 125.166702997000016, 10.537225231000036 ], [ 125.166686449000053, 10.53721100100006 ], [ 125.166669902000081, 10.53720083600007 ], [ 125.166655424000055, 10.537196772000071 ], [ 125.166643015000091, 10.53719880700004 ], [ 125.166636811000103, 10.537204908000035 ], [ 125.166620266000109, 10.537206944000047 ], [ 125.166609922000035, 10.537192712000031 ], [ 125.166599577000056, 10.537164247000021 ], [ 125.166591302000029, 10.537154082000027 ], [ 125.166574755000056, 10.537143917000035 ], [ 125.16654579800003, 10.537133755000069 ], [ 125.166527184000088, 10.537129691000072 ], [ 125.166512706000063, 10.537129694000043 ], [ 125.166496160000051, 10.537123595000024 ], [ 125.166487886000027, 10.537115464000067 ], [ 125.166475726000058, 10.537090209000041 ], [ 125.166463314000111, 10.537073944000038 ], [ 125.166448835000111, 10.53706784700006 ], [ 125.166419879000031, 10.537061751000065 ], [ 125.166401262000022, 10.537041420000037 ], [ 125.166388851000093, 10.537031255000045 ], [ 125.166382646000116, 10.537021090000055 ], [ 125.166380575000076, 10.537010923000025 ], [ 125.16637436900011, 10.536998724000055 ], [ 125.166366095000072, 10.536990592000054 ], [ 125.166351617000032, 10.536990594000033 ], [ 125.166337140000124, 10.536992630000043 ], [ 125.166328867000061, 10.536990598000045 ], [ 125.16632266000012, 10.536978399000075 ], [ 125.166318520000132, 10.536953999000048 ], [ 125.166310245000105, 10.536937734000045 ], [ 125.166297835000023, 10.536933669000064 ], [ 125.166289561000113, 10.536927570000048 ], [ 125.166273015000129, 10.536923506000049 ], [ 125.166258536000086, 10.536915375000033 ], [ 125.16625233000002, 10.53690927600007 ], [ 125.166235780000093, 10.536878778000075 ], [ 125.166227505000037, 10.536866579000048 ], [ 125.166206819000095, 10.536844216000079 ], [ 125.166198546000032, 10.536838117000057 ], [ 125.166188204000036, 10.536834052000073 ], [ 125.166175795000058, 10.53683608700004 ], [ 125.166165453000076, 10.536829988000024 ], [ 125.166169587000013, 10.536817788000066 ], [ 125.166175791000128, 10.536811687000068 ], [ 125.166173720000089, 10.536787287000035 ], [ 125.166169581000077, 10.536779154000044 ], [ 125.166148897000099, 10.536766957000054 ], [ 125.166136486000042, 10.536754759000075 ], [ 125.166124077000077, 10.536756795000031 ], [ 125.166119942000023, 10.536764928000023 ], [ 125.166113738000035, 10.536764929000073 ], [ 125.166105463, 10.536756797000066 ], [ 125.166086845000123, 10.53672833300004 ], [ 125.166082707000115, 10.536716134000073 ], [ 125.16610958800004, 10.536681563000059 ], [ 125.166109587000051, 10.536673430000063 ], [ 125.166103380000095, 10.536661231000039 ], [ 125.166095106000057, 10.536653099000031 ], [ 125.166084764000061, 10.536644967000029 ], [ 125.16606201400009, 10.536649037000075 ], [ 125.166051675000077, 10.536659204000044 ], [ 125.166047543000118, 10.536685639000039 ], [ 125.166037202000112, 10.536689707000047 ], [ 125.166024791000041, 10.536675476000029 ], [ 125.166024787000097, 10.536649043000066 ], [ 125.166014442000119, 10.536620577000061 ], [ 125.166002031000076, 10.536612446000049 ], [ 125.16599168900008, 10.536610414000048 ], [ 125.165973075000011, 10.536610417000075 ], [ 125.165966871000023, 10.536612451000051 ], [ 125.165948256000107, 10.536602287000051 ], [ 125.165917228000012, 10.536573825000064 ], [ 125.165911022000046, 10.536563660000066 ], [ 125.165894474000069, 10.536551462000034 ], [ 125.165882064000016, 10.536545364000061 ], [ 125.165875858000049, 10.536539265000046 ], [ 125.165871720000041, 10.536525032000041 ], [ 125.16588826400006, 10.536516896000022 ], [ 125.165900672000035, 10.53650469400003 ], [ 125.165900671000045, 10.536498594000019 ], [ 125.165892395000029, 10.536482329000021 ], [ 125.16585929900009, 10.536453867000033 ], [ 125.165834479000068, 10.536443704000021 ], [ 125.165824138000076, 10.536443706000057 ], [ 125.165797251000086, 10.536437610000064 ], [ 125.16576846800001, 10.536420503000047 ], [ 125.16573940100011, 10.536417332000042 ], [ 125.165726482000082, 10.53641415900006 ], [ 125.165716791, 10.536406222000039 ], [ 125.165707100000077, 10.536393523000068 ], [ 125.165697410000021, 10.536383998000074 ], [ 125.165690950000112, 10.536380824000044 ], [ 125.165686105000077, 10.536376062000043 ], [ 125.165654708000034, 10.536368937000075 ], [ 125.165648805000032, 10.536361887000055 ], [ 125.165643219000117, 10.536350908000028 ], [ 125.165643290000048, 10.536343918000057 ], [ 125.1656468340001, 10.53633431400004 ], [ 125.165646426000094, 10.536326623000035 ], [ 125.165625997, 10.536309183000071 ], [ 125.165593587000103, 10.536295678000045 ], [ 125.165585594000063, 10.536289574000021 ], [ 125.165582928000049, 10.536285649000034 ], [ 125.165576268000109, 10.536282598000067 ], [ 125.165565173000104, 10.536283479000074 ], [ 125.165553638, 10.536290905000042 ], [ 125.165437397000119, 10.536223690000037 ], [ 125.165437397000119, 10.536222102000067 ], [ 125.165224214000077, 10.536066548000065 ], [ 125.165174094000022, 10.536056343000041 ], [ 125.165162924000015, 10.536050854000052 ], [ 125.165134999000088, 10.536025238000038 ], [ 125.165108938000117, 10.536012432000062 ], [ 125.165103352000074, 10.536006943000077 ], [ 125.165088459000117, 10.535999625000043 ], [ 125.165075429000026, 10.535994137000046 ], [ 125.165054952000105, 10.535990480000063 ], [ 125.165047506000079, 10.535983161000047 ], [ 125.165041920000036, 10.535975841000036 ], [ 125.165038196000083, 10.535964862000071 ], [ 125.165025571000115, 10.535944332000041 ], [ 125.164980349000075, 10.535899886000038 ], [ 125.164980348000086, 10.535896711000021 ], [ 125.164917180000089, 10.535816647000047 ], [ 125.16490600900012, 10.535798348000068 ], [ 125.164906528000074, 10.53578839100004 ], [ 125.164897391000068, 10.535763346000065 ], [ 125.164889039000059, 10.535745553000027 ], [ 125.164882653000049, 10.53572375400006 ], [ 125.16485765400013, 10.535674354000037 ], [ 125.164799677000019, 10.535583627000051 ], [ 125.164787135000097, 10.535555943000075 ], [ 125.164772655000093, 10.535534256000062 ], [ 125.164762223000039, 10.535512512000025 ], [ 125.164743552000132, 10.535480934000075 ], [ 125.164683180000097, 10.53536437200006 ], [ 125.164612804000072, 10.535255908000067 ], [ 125.164542545000032, 10.535155402000042 ], [ 125.164482429000017, 10.535056745000077 ], [ 125.164467749000096, 10.535021132000056 ], [ 125.164463303000062, 10.534993336000069 ], [ 125.164462701000033, 10.534951556000063 ], [ 125.164456115000021, 10.534915832000026 ], [ 125.164453605000077, 10.534882039000024 ], [ 125.164443784000028, 10.534832622000065 ], [ 125.164436311000046, 10.534735222000052 ], [ 125.164431806000053, 10.534703447000025 ], [ 125.164408345000084, 10.534620199000074 ], [ 125.164401845000043, 10.534590442000022 ], [ 125.164392949000103, 10.534534849000067 ], [ 125.164394429000026, 10.534497021000048 ], [ 125.164393885000095, 10.534459222000066 ], [ 125.164387300000044, 10.534423496000045 ], [ 125.164384961000096, 10.534401640000056 ], [ 125.164386727000078, 10.534383707000076 ], [ 125.164386413000102, 10.534361823000042 ], [ 125.164382051000061, 10.534339995000037 ], [ 125.164369251000039, 10.534294406000072 ], [ 125.164362123000032, 10.534220881000067 ], [ 125.164358982000081, 10.534143320000055 ], [ 125.164354450000033, 10.534109556000031 ], [ 125.164365131000054, 10.534007925000024 ], [ 125.164366754000071, 10.533980044000028 ], [ 125.164356971000089, 10.533862779000057 ], [ 125.164358566000047, 10.533832909000068 ], [ 125.164357650000071, 10.533769246000077 ], [ 125.164355227000101, 10.533741422000046 ], [ 125.164350807000133, 10.533715615000062 ], [ 125.164342226000031, 10.533681907000073 ], [ 125.164341832000119, 10.533654461000026 ], [ 125.164335590000064, 10.533642608000036 ], [ 125.164330970000037, 10.533602875000044 ], [ 125.164322389000077, 10.533569167000051 ], [ 125.164317913000104, 10.533539381000024 ], [ 125.16432321100001, 10.533485581000035 ], [ 125.164320758000031, 10.533455767000021 ], [ 125.164320272000055, 10.533421947000019 ], [ 125.164325885000025, 10.533390031000067 ], [ 125.164325455000025, 10.533360189000064 ], [ 125.16432100800013, 10.533332393000022 ], [ 125.164328243000114, 10.533272596000074 ], [ 125.164323824, 10.533246790000021 ], [ 125.164321257000097, 10.533209018000035 ], [ 125.164320170000124, 10.533133419000025 ], [ 125.164323559000081, 10.53308760500005 ], [ 125.164329229000032, 10.533059668000019 ], [ 125.164326833000032, 10.533033834000035 ], [ 125.164328429000079, 10.533003964000045 ], [ 125.164325975000111, 10.53297415000003 ], [ 125.164321584000049, 10.532950333000031 ], [ 125.164306933000049, 10.532916709000062 ], [ 125.164314628000042, 10.532888744000047 ], [ 125.164320154000052, 10.532850860000051 ], [ 125.164321805000114, 10.532824969000044 ], [ 125.164317329000028, 10.532795183000076 ], [ 125.164320060000023, 10.532703612000034 ], [ 125.164319488000046, 10.532663823000064 ], [ 125.164323221000018, 10.532641883000053 ], [ 125.164322848000097, 10.532616020000034 ], [ 125.164329941000119, 10.532546276000058 ], [ 125.164321445000041, 10.532518431000028 ], [ 125.164321330000021, 10.532510473000055 ], [ 125.164312893000087, 10.532486712000036 ], [ 125.164302460000044, 10.532464969000046 ], [ 125.164302031000034, 10.53243512700004 ], [ 125.164307616000087, 10.532401222000034 ], [ 125.164309181000021, 10.532369362000058 ], [ 125.16430233700008, 10.53231573100004 ], [ 125.164303846000053, 10.532279893000064 ], [ 125.164309402000072, 10.532243998000069 ], [ 125.16429633700011, 10.532039225000062 ], [ 125.164297073000057, 10.531949671000065 ], [ 125.164294420000033, 10.531905932000029 ], [ 125.164303832000101, 10.531795180000074 ], [ 125.164300088000132, 10.53176454600003 ], [ 125.164295101000107, 10.531747391000065 ], [ 125.164295096000046, 10.531722884000034 ], [ 125.164300074000039, 10.531671417000039 ], [ 125.164305054000025, 10.531638332000057 ], [ 125.16429382, 10.531530500000029 ], [ 125.164293431000047, 10.531511359000035 ], [ 125.164295763000041, 10.531483789000047 ], [ 125.164305104000036, 10.53144243300005 ], [ 125.164302762000034, 10.531405674000043 ], [ 125.164317452000091, 10.531349560000024 ], [ 125.164316698000121, 10.531292073000028 ], [ 125.164301832000092, 10.531207708000068 ], [ 125.164294244000075, 10.531153689000064 ], [ 125.164293314, 10.531082676000036 ], [ 125.164296266000065, 10.531045436000056 ], [ 125.164293873000034, 10.530862831000034 ], [ 125.16430004300004, 10.530808639000043 ], [ 125.164299467000077, 10.530764678000025 ], [ 125.164312162000101, 10.530683346000046 ], [ 125.164322081000023, 10.530652782000059 ], [ 125.164328429000079, 10.530612116000041 ], [ 125.164331248000067, 10.530564730000036 ], [ 125.164330539000048, 10.530510625000034 ], [ 125.164326523000113, 10.530466708000064 ], [ 125.16432608, 10.53043289300007 ], [ 125.164334626000013, 10.530297500000072 ], [ 125.164340973000108, 10.530256834000054 ], [ 125.164338359000126, 10.530057321000072 ], [ 125.164334565000104, 10.530030312000065 ], [ 125.164334033000046, 10.529989733000034 ], [ 125.164326135000024, 10.529912044000071 ], [ 125.16433878600003, 10.529827331000037 ], [ 125.164341649000107, 10.529783326000027 ], [ 125.16437405000012, 10.529630720000057 ], [ 125.164380353000055, 10.529586672000049 ], [ 125.164389210000095, 10.529474948000027 ], [ 125.164395247000016, 10.52941061100006 ], [ 125.16439846500009, 10.52939365900005 ], [ 125.164398243000065, 10.529376751000031 ], [ 125.164407358000076, 10.529284845000065 ], [ 125.164413883000066, 10.529257705000079 ], [ 125.164422694000109, 10.529142601000045 ], [ 125.164429042000052, 10.52910193500003 ], [ 125.164434680000127, 10.529007164000062 ], [ 125.164444334000109, 10.528956310000069 ], [ 125.164450636000083, 10.528912262000061 ], [ 125.16445261, 10.528874649000045 ], [ 125.164331718000099, 10.528852766000053 ], [ 125.164015305000021, 10.528805188000035 ], [ 125.163367975000043, 10.528711560000033 ], [ 125.162162975000101, 10.528439560000036 ], [ 125.159705975000065, 10.528351560000035 ], [ 125.159275, 10.528745 ], [ 125.159328, 10.528819 ], [ 125.159289, 10.52894 ], [ 125.159269000000108, 10.529013 ], [ 125.15913900000011, 10.52911 ], [ 125.158942174000117, 10.529313624000055 ], [ 125.158618518000026, 10.52938986100003 ], [ 125.158306344000039, 10.529523601000051 ], [ 125.158093, 10.529706 ], [ 125.157960000000131, 10.529897 ], [ 125.157912, 10.530101999000065 ], [ 125.157826000000114, 10.530539 ], [ 125.157924, 10.531495 ], [ 125.157944, 10.531653 ], [ 125.158032381000126, 10.532360615000073 ], [ 125.157889983000018, 10.532602875000064 ], [ 125.157427324000082, 10.533011832000057 ], [ 125.15722912800004, 10.533199634000027 ], [ 125.156997608000111, 10.533376694000026 ], [ 125.156834491000041, 10.533827481000062 ], [ 125.156847559000099, 10.534112552000066 ], [ 125.156642983000097, 10.534340707000069 ], [ 125.156442983000048, 10.534492706000036 ], [ 125.156025984000067, 10.534395706000053 ], [ 125.155912983, 10.534283707000045 ], [ 125.15566698300006, 10.534116707000067 ], [ 125.155471983000098, 10.534661707000051 ], [ 125.155554984000119, 10.535035707000079 ], [ 125.155408983000029, 10.535186707000037 ], [ 125.155192983, 10.535712707000073 ], [ 125.154694984000116, 10.536008707000065 ], [ 125.154429983000128, 10.536036707000052 ], [ 125.153823853000063, 10.536385536000067 ], [ 125.153533256000046, 10.536457530000064 ], [ 125.153015741000104, 10.536949115000027 ], [ 125.152925039000024, 10.537454247000028 ], [ 125.152000759000089, 10.53842569300002 ], [ 125.152257881000082, 10.538742008000041 ], [ 125.152687822000075, 10.539205211000022 ], [ 125.152875790000067, 10.540044555000065 ], [ 125.15297699000007, 10.540798187000062 ], [ 125.152961984000058, 10.541068707000022 ], [ 125.15263398400009, 10.541546707000064 ], [ 125.152198984000051, 10.541974707000064 ], [ 125.151893983000051, 10.542482707000033 ], [ 125.151786983000079, 10.542960707000077 ], [ 125.151824983000111, 10.543348706000074 ], [ 125.151977983000052, 10.543847707000054 ], [ 125.152041866000104, 10.544342498000049 ], [ 125.151840210000046, 10.544976234000044 ], [ 125.151557923000041, 10.545034408000049 ], [ 125.151222229000041, 10.545034408000049 ], [ 125.150939942000051, 10.545093536000023 ], [ 125.150690130000044, 10.54521265900007 ], [ 125.150497046000069, 10.545340101000022 ], [ 125.150244412000021, 10.545670851000068 ], [ 125.150102155, 10.54593504400003 ], [ 125.150093079000058, 10.546270370000059 ], [ 125.149917602000073, 10.546564102000046 ], [ 125.149696350000113, 10.546740532000056 ], [ 125.149406433000067, 10.546858787000074 ], [ 125.149070740000084, 10.546858787000078 ], [ 125.148788452000062, 10.546799660000032 ], [ 125.148506165000072, 10.546740532000058 ], [ 125.148223877000092, 10.546799660000032 ], [ 125.147941589000084, 10.546858787000076 ], [ 125.147773743000016, 10.546812057000068 ], [ 125.147528917000045, 10.546880676000059 ], [ 125.147390886000025, 10.546955645000024 ], [ 125.147224426000108, 10.547055244000035 ], [ 125.146903992000034, 10.547195434000056 ], [ 125.146820068, 10.547246933000052 ], [ 125.146568299000023, 10.547526360000063 ], [ 125.146247864000088, 10.54770088200007 ], [ 125.146080017000031, 10.54777050000007 ], [ 125.145659949000105, 10.547891430000048 ], [ 125.145408630000034, 10.547979354000063 ], [ 125.144889832000104, 10.548014640000074 ], [ 125.144554138000117, 10.54803180600004 ], [ 125.144050598000035, 10.548101425000024 ], [ 125.143783569000107, 10.548257828000033 ], [ 125.143280029000039, 10.548537254000051 ], [ 125.142776489000084, 10.548937797000066 ], [ 125.142631531000021, 10.549059867000041 ], [ 125.142326355000023, 10.549181938000061 ], [ 125.142158508000094, 10.549217223000028 ], [ 125.142096984000105, 10.549676707000062 ], [ 125.142180984000106, 10.549849707000023 ], [ 125.142361983000114, 10.550155707000044 ], [ 125.142530984000018, 10.550319707000025 ], [ 125.142653983000045, 10.550334707000044 ], [ 125.142768983000124, 10.550449707000041 ], [ 125.142695651000054, 10.55070933600007 ], [ 125.142549984000084, 10.550904707000027 ], [ 125.142385983000054, 10.551351707000036 ], [ 125.142404983, 10.551473706000024 ], [ 125.142207983000048, 10.551657707000063 ], [ 125.142052256000042, 10.551764082000028 ], [ 125.141888983000058, 10.55197270700006 ], [ 125.141887984000036, 10.552231707000033 ], [ 125.141832983000086, 10.552474706000053 ], [ 125.141661983000077, 10.552749707000032 ], [ 125.141607984000075, 10.553017706000048 ], [ 125.141569984000057, 10.553156706000037 ], [ 125.141345983000065, 10.55339570700005 ], [ 125.141305983000066, 10.553547706000073 ], [ 125.141409983000017, 10.553737706000046 ], [ 125.141541983000025, 10.55396170700004 ], [ 125.141670984000029, 10.554110706000076 ], [ 125.141532984000037, 10.554389707000039 ], [ 125.141349983000055, 10.554575706000037 ], [ 125.141234983000118, 10.554639706000046 ], [ 125.140876983000126, 10.554599706000031 ], [ 125.140636984000025, 10.554616706000047 ], [ 125.140411983000035, 10.554756706000035 ], [ 125.140141983000035, 10.554798707000034 ], [ 125.139976984000086, 10.554772706000048 ], [ 125.140011984, 10.554600706000027 ], [ 125.140084983000065, 10.554299706000053 ], [ 125.140156983000125, 10.55410570600003 ], [ 125.139914984000029, 10.554039707000072 ], [ 125.139638984000058, 10.55407670700003 ], [ 125.139318983000067, 10.554112706000069 ], [ 125.139088983000079, 10.554101707000028 ], [ 125.138679983000088, 10.55410870600002 ], [ 125.138479983000039, 10.554148706000035 ], [ 125.138297984000019, 10.554283706000035 ], [ 125.137809984000128, 10.554526707000036 ], [ 125.13735198300003, 10.554654706000065 ], [ 125.136878983000088, 10.554760707000069 ], [ 125.136199983000097, 10.554827706000028 ], [ 125.135253984000087, 10.555102706000071 ], [ 125.13446798300005, 10.555341706000036 ], [ 125.133918983000072, 10.555361706000042 ], [ 125.133857711, 10.555579845000064 ], [ 125.13404844500009, 10.556056683000067 ], [ 125.134315475000108, 10.556691830000034 ], [ 125.134315475000108, 10.55728692200006 ], [ 125.133956892000015, 10.558081334000065 ], [ 125.133476241000054, 10.558617298000057 ], [ 125.13298033, 10.559054082000046 ], [ 125.132583602000054, 10.559390729000027 ], [ 125.13271330200007, 10.560072605000073 ], [ 125.13243101400009, 10.560404485000046 ], [ 125.131905983000024, 10.560924707000027 ], [ 125.132044983000014, 10.561094706000063 ], [ 125.132284983000091, 10.561241706000033 ], [ 125.13258598400013, 10.561280706000046 ], [ 125.132633983000119, 10.561536706000027 ], [ 125.1327779840001, 10.561574706000041 ], [ 125.132835984000053, 10.561521706000063 ], [ 125.133039983000131, 10.561639706000049 ], [ 125.133012984000061, 10.561850706000026 ], [ 125.133031984000013, 10.56217170700006 ], [ 125.132951984000101, 10.562384707000033 ], [ 125.132859983000131, 10.562719707000044 ], [ 125.132722984000111, 10.562774707000075 ], [ 125.132453983000119, 10.562676707000035 ], [ 125.13210498300009, 10.562640707000071 ], [ 125.131993984000033, 10.562732706000078 ], [ 125.131774885000027, 10.563121502000056 ], [ 125.13156890900008, 10.563398361000052 ], [ 125.131553633000053, 10.563710872000057 ], [ 125.131256087000111, 10.563869182000074 ], [ 125.131011946000072, 10.564061825000067 ], [ 125.130706770000074, 10.564190571000038 ], [ 125.130393966000057, 10.564319317000068 ], [ 125.130149825000117, 10.564575855000042 ], [ 125.130455001000087, 10.56470460100007 ], [ 125.130767806000122, 10.564640705000043 ], [ 125.131072982000092, 10.564575855000042 ], [ 125.131446822000058, 10.564575855000042 ], [ 125.131813033000086, 10.564575855000044 ], [ 125.131996138000105, 10.564833347000047 ], [ 125.132057173000035, 10.565154735000023 ], [ 125.132179244000113, 10.565540020000071 ], [ 125.132369995000104, 10.565796852000062 ], [ 125.132987976000109, 10.565540313000039 ] ] ] ] } },
{ "type": "Feature", "properties": { "gid": 5, "administrative_level": 4, "admin_level_name": "Barangay level 4", "shape0": "philippines", "shape1": "Eastern Visayas", "shape2": "Southern Leyte", "shape3": "Silago", "shape4": "Pob. District I", "serial_id": 5, "style_info": null, "view_zoom_rotate": null, "travel_via": null, "bearing_angle": null, "bearing_distance": null, "created_at": "2026-09-25T07:28:23.480Z", "modified_at": "2026-09-25T07:28:23.481Z", "geocoded_address": null, "properties": null }, "geometry": { "type": "MultiPolygon", "coordinates": [ [ [ [ 125.164456142000077, 10.528807347000056 ], [ 125.16445547800005, 10.528756623000049 ], [ 125.164461691000042, 10.528705812000055 ], [ 125.164484572000106, 10.528614205000054 ], [ 125.164494269000102, 10.528566733000046 ], [ 125.164503436000018, 10.528478681000024 ], [ 125.164509916000043, 10.528448159000048 ], [ 125.164516174000028, 10.528400731000032 ], [ 125.164587456000035, 10.528064996000069 ], [ 125.16459040800008, 10.528027756000027 ], [ 125.164609184000028, 10.527885468000019 ], [ 125.164598222000109, 10.527836501000026 ], [ 125.164601085000072, 10.527792497000064 ], [ 125.164607698000054, 10.527772121000051 ], [ 125.164607388000036, 10.527748450000049 ], [ 125.164613292, 10.527673968000045 ], [ 125.164612672000075, 10.527626626000027 ], [ 125.164615535000067, 10.527582622000066 ], [ 125.164621926000109, 10.527545338000039 ], [ 125.164634355000089, 10.52744371600005 ], [ 125.164644186000032, 10.527406389000021 ], [ 125.164653352000087, 10.527318337000052 ], [ 125.164661632000033, 10.527162654000049 ], [ 125.164673440000129, 10.527013691000034 ], [ 125.164695301000052, 10.526844307000031 ], [ 125.164704955000047, 10.526793453000041 ], [ 125.164717339000063, 10.52668844900006 ], [ 125.164759616000069, 10.52650189600007 ], [ 125.164775617000032, 10.526410375000069 ], [ 125.164795013000131, 10.526315428000032 ], [ 125.164801006000062, 10.526247709000073 ], [ 125.164800475000121, 10.526207130000044 ], [ 125.16479311600007, 10.526170817000038 ], [ 125.164796023, 10.526130194000075 ], [ 125.164812733000062, 10.526092779000065 ], [ 125.164826314000038, 10.526079079000052 ], [ 125.164846241000063, 10.526024712000035 ], [ 125.164858980000091, 10.525946762000046 ], [ 125.164857119000089, 10.525804736000055 ], [ 125.164860071, 10.525767494000037 ], [ 125.164873208000017, 10.525719979000032 ], [ 125.164887835000059, 10.525523630000068 ], [ 125.164883820000114, 10.525479713000038 ], [ 125.164872881000065, 10.525432501000068 ], [ 125.164842220000068, 10.525192758000058 ], [ 125.164834853000116, 10.525155648000068 ], [ 125.164830927000025, 10.525118494000028 ], [ 125.164830262, 10.525067770000019 ], [ 125.164826380000022, 10.525033998000026 ], [ 125.164815662000024, 10.525003694000077 ], [ 125.16478743800009, 10.524949937000031 ], [ 125.164770108000099, 10.524940011000069 ], [ 125.164749427000046, 10.524936890000051 ], [ 125.16472879100003, 10.524937152000064 ], [ 125.164709131000123, 10.524923663000038 ], [ 125.164715406000042, 10.524900638000075 ], [ 125.164725213000096, 10.524880717000032 ], [ 125.164731621000101, 10.52485753900004 ], [ 125.164731362000097, 10.524837745000069 ], [ 125.16471772400007, 10.524821420000025 ], [ 125.164697418000074, 10.524808480000043 ], [ 125.164677242000025, 10.524805436000063 ], [ 125.164650399000038, 10.524805776000047 ], [ 125.164630656000099, 10.524835721000045 ], [ 125.164614095000033, 10.524852429000076 ], [ 125.164590693000051, 10.524859324000035 ], [ 125.16456707600004, 10.524849725000024 ], [ 125.164536142000088, 10.524794025000062 ], [ 125.164508780000105, 10.524754777000055 ], [ 125.164485119000119, 10.524741879000034 ], [ 125.164451521000046, 10.524739005000072 ], [ 125.164434874000122, 10.524749114000031 ], [ 125.164414828000091, 10.524755967000033 ], [ 125.164384500000097, 10.524746453000031 ], [ 125.164354128000014, 10.524733640000022 ], [ 125.16431475800006, 10.524711269000022 ], [ 125.164310707000027, 10.524691371000076 ], [ 125.164310704000044, 10.524675452000054 ], [ 125.164306654000029, 10.524655555000038 ], [ 125.164294508000012, 10.524643617000038 ], [ 125.164278316000036, 10.52463566000006 ], [ 125.16426212500005, 10.524631683000052 ], [ 125.164245933000089, 10.524631685000031 ], [ 125.164233791000029, 10.524635667000037 ], [ 125.164221650000059, 10.524651587000049 ], [ 125.164213556000064, 10.524659548000045 ], [ 125.164181177000046, 10.524683431000025 ], [ 125.164169036000089, 10.524699351000036 ], [ 125.164152846000093, 10.52470731300002 ], [ 125.16413665600011, 10.524711295000033 ], [ 125.164124514000051, 10.524723236000055 ], [ 125.164112372000091, 10.524727217000072 ], [ 125.164096180000115, 10.524723240000071 ], [ 125.164075941000092, 10.524723243000038 ], [ 125.164059748000128, 10.524711306000027 ], [ 125.164055698000084, 10.524695388000055 ], [ 125.164047600000117, 10.524679470000025 ], [ 125.164031407000053, 10.524667534000059 ], [ 125.164011168000116, 10.524667537000031 ], [ 125.163984195000012, 10.524670938000039 ], [ 125.163982911000062, 10.524613258000043 ], [ 125.164149822000027, 10.524562377000057 ], [ 125.164163185000021, 10.524560498000028 ], [ 125.16418800100007, 10.524551110000061 ], [ 125.164199456000134, 10.524549231000037 ], [ 125.16421854500004, 10.524541720000055 ], [ 125.164231907000044, 10.524532333000023 ], [ 125.164245268000073, 10.524515439000028 ], [ 125.164266063000014, 10.524493572000038 ], [ 125.164267676, 10.52447928400005 ], [ 125.164270904000091, 10.524472933000027 ], [ 125.164277359000039, 10.52444753000003 ], [ 125.16427735700006, 10.524433242000041 ], [ 125.16427412400003, 10.524411016000045 ], [ 125.164274114000023, 10.524345924000043 ], [ 125.164277343000094, 10.524333223000042 ], [ 125.164283800000021, 10.52432845900006 ], [ 125.16429671800006, 10.524323694000033 ], [ 125.164314294000079, 10.524323013000069 ], [ 125.164323839000062, 10.524319258000046 ], [ 125.164354383000045, 10.524313622000022 ], [ 125.164388744, 10.524300478000043 ], [ 125.164440285000069, 10.524272316000063 ], [ 125.164461282000048, 10.524249789000063 ], [ 125.164497551000082, 10.524225383000045 ], [ 125.164520456000105, 10.524202857000031 ], [ 125.164526182000031, 10.524195348000035 ], [ 125.164890762000041, 10.523857441000075 ], [ 125.164892670000086, 10.523853687000043 ], [ 125.164922607000108, 10.523822941000049 ], [ 125.164934060000064, 10.523813554000073 ], [ 125.164939786000105, 10.523806046000061 ], [ 125.164947422000054, 10.523802290000049 ], [ 125.164968419000047, 10.523787272000048 ], [ 125.165273826000089, 10.523496297000063 ], [ 125.165302456000063, 10.523466261000069 ], [ 125.165344451000024, 10.523436224000021 ], [ 125.165367356000047, 10.523415574000071 ], [ 125.165390263000063, 10.523404308000071 ], [ 125.165395989000103, 10.523396800000057 ], [ 125.165409351000108, 10.523385536000035 ], [ 125.16543225800001, 10.523376148000068 ], [ 125.165439894000087, 10.523370516000053 ], [ 125.165451345000065, 10.523353621000069 ], [ 125.165468524000062, 10.523332972000048 ], [ 125.165487611000117, 10.523314200000073 ], [ 125.165491428000095, 10.523308568000061 ], [ 125.165504790000128, 10.52329730500003 ], [ 125.165512425000088, 10.52328604200005 ], [ 125.165539145000025, 10.523244745000055 ], [ 125.16555594700003, 10.523205682000025 ], [ 125.165574004000078, 10.523169271000031 ], [ 125.165600195000025, 10.523085467000042 ], [ 125.165614571000106, 10.523025662000062 ], [ 125.165620478000051, 10.523013663000027 ], [ 125.16562622900004, 10.52298974100006 ], [ 125.165638043000058, 10.52296574200005 ], [ 125.165640918, 10.522953781000066 ], [ 125.165646825000067, 10.522941781000043 ], [ 125.165666953000013, 10.522858055000029 ], [ 125.165672860000086, 10.522846055000061 ], [ 125.1656786100001, 10.522822133000034 ], [ 125.165684517000031, 10.52281013400005 ], [ 125.165690268000063, 10.522786212000028 ], [ 125.165704957000116, 10.522750252000037 ], [ 125.165716459, 10.522702408000047 ], [ 125.165747757000076, 10.522621927000047 ], [ 125.165756100000067, 10.522587450000058 ], [ 125.165761108000098, 10.522574315000044 ], [ 125.165786148000038, 10.522531627000035 ], [ 125.165799505000109, 10.52252177400004 ], [ 125.165806183000086, 10.522513565000054 ], [ 125.165809521000043, 10.522508639000021 ], [ 125.165812859000098, 10.522498788000062 ], [ 125.165813680000056, 10.522476205000034 ], [ 125.1658241, 10.522462837000035 ], [ 125.165825458000086, 10.522453481000067 ], [ 125.165824551000014, 10.522449471000071 ], [ 125.165813673000116, 10.522432542000047 ], [ 125.165811405000099, 10.522420513000045 ], [ 125.165823186000011, 10.522411154000054 ], [ 125.165845909000041, 10.522398367000049 ], [ 125.165861890000087, 10.522366932000065 ], [ 125.165869877000091, 10.522335498000073 ], [ 125.165869874000023, 10.522315852000077 ], [ 125.165888423000084, 10.522284806000073 ], [ 125.16589719500007, 10.522255219000042 ], [ 125.165942480000012, 10.521866 ], [ 125.165950874000032, 10.521745664000038 ], [ 125.165957121000019, 10.521724037000071 ], [ 125.165965935000031, 10.52170268700007 ], [ 125.165972331000049, 10.521665966000054 ], [ 125.165977399000099, 10.521616063000065 ], [ 125.165989210000035, 10.521527594000077 ], [ 125.165997387000075, 10.521488710000028 ], [ 125.166005693000102, 10.521458439000069 ], [ 125.166009652000071, 10.521430384000041 ], [ 125.166013189000068, 10.521374297000021 ], [ 125.166010059000072, 10.521311889000062 ], [ 125.16601408300005, 10.52128814100007 ], [ 125.166015884000103, 10.521262271000067 ], [ 125.166017620000048, 10.521232096000062 ], [ 125.166017134000072, 10.521199799000044 ], [ 125.166020963000065, 10.521163132000027 ], [ 125.166022408000131, 10.52111357800004 ], [ 125.166043549000051, 10.520917294000071 ], [ 125.16605094800002, 10.520826736000059 ], [ 125.166058930000077, 10.52077493400003 ], [ 125.166066199000042, 10.520675763000042 ], [ 125.166073922000024, 10.520606735000056 ], [ 125.166087924000067, 10.520518235000056 ], [ 125.166093651000097, 10.520462158000043 ], [ 125.166097156000092, 10.520403960000065 ], [ 125.166103013000111, 10.520356495000042 ], [ 125.166117176000057, 10.52027876000005 ], [ 125.166133485000032, 10.520229866000021 ], [ 125.166139699000041, 10.52020608600003 ], [ 125.166141370000119, 10.520171604000041 ], [ 125.166153376000011, 10.520096054000023 ], [ 125.166178359000028, 10.520009547000029 ], [ 125.16619490800008, 10.519971769000053 ], [ 125.166192490000071, 10.519929658000022 ], [ 125.166214876000041, 10.519844917000055 ], [ 125.16622940700006, 10.519803823000071 ], [ 125.166243928000085, 10.519709131000068 ], [ 125.166253007000037, 10.519664465000062 ], [ 125.166251184000089, 10.519628734000035 ], [ 125.166265715, 10.519589427000026 ], [ 125.166320025000132, 10.519458680000067 ], [ 125.166339001000097, 10.519422494000025 ], [ 125.166349484000079, 10.519396982000044 ], [ 125.16637061400003, 10.519360773000075 ], [ 125.166383164000081, 10.51932760300002 ], [ 125.166393740000103, 10.519310557000042 ], [ 125.166423199000064, 10.519248858000026 ], [ 125.166442339000014, 10.519227487000022 ], [ 125.166444398000067, 10.51921899800004 ], [ 125.166444211000126, 10.519202067000039 ], [ 125.166446153000038, 10.519182996000039 ], [ 125.166454460000054, 10.519155390000034 ], [ 125.166462954000053, 10.519144716000026 ], [ 125.166486516000091, 10.519133881000075 ], [ 125.166492880000092, 10.519125346000065 ], [ 125.166507621000051, 10.519095556000025 ], [ 125.166518197000073, 10.519078509000051 ], [ 125.166556337000088, 10.51902306900007 ], [ 125.166564830000098, 10.519012395000061 ], [ 125.166575500000036, 10.519003814000028 ], [ 125.166581864, 10.518995279000025 ], [ 125.166583900000077, 10.518984674000022 ], [ 125.166583667000054, 10.518963510000049 ], [ 125.166585726000108, 10.518955021000068 ], [ 125.16660287600007, 10.518948488000035 ], [ 125.166630463000047, 10.518912210000053 ], [ 125.166649650000068, 10.518895072000019 ], [ 125.166666660000033, 10.518875840000019 ], [ 125.166683507000016, 10.518841793000037 ], [ 125.166696072000036, 10.518809909000025 ], [ 125.166707956000096, 10.518795600000031 ], [ 125.166715283000045, 10.518783484000039 ], [ 125.166718977000059, 10.518774054000062 ], [ 125.166764071000117, 10.518719053000043 ], [ 125.166811098000053, 10.518665904000045 ], [ 125.166827981000111, 10.51864316700005 ], [ 125.166844840000081, 10.518618554000053 ], [ 125.16688215100011, 10.518552390000025 ], [ 125.166911927000115, 10.51849382900002 ], [ 125.166921076000108, 10.518463683000048 ], [ 125.166926359000058, 10.518429831000049 ], [ 125.166927874000081, 10.518399783000062 ], [ 125.166927358000066, 10.518360374000052 ], [ 125.166920044000108, 10.518342250000044 ], [ 125.166923396000016, 10.518336233000069 ], [ 125.166923262000068, 10.518324076000056 ], [ 125.1669165200001, 10.518273488000034 ], [ 125.166906127000061, 10.518265493000056 ], [ 125.166881241000056, 10.518251574000031 ], [ 125.166874991000114, 10.518245561000072 ], [ 125.166870758000087, 10.518235474000049 ], [ 125.166864195000031, 10.51820109500005 ], [ 125.166851763000068, 10.518195149000062 ], [ 125.166827056000102, 10.518197439000062 ], [ 125.166816685000057, 10.518191470000028 ], [ 125.166810391000027, 10.518181406000053 ], [ 125.166810586000111, 10.518145520000074 ], [ 125.166856717000087, 10.518131632000062 ], [ 125.166758141000045, 10.518085090000056 ], [ 125.166609278000024, 10.517892726000072 ], [ 125.166494865000118, 10.517916278000028 ], [ 125.166224298000088, 10.517767416000027 ], [ 125.166209629000022, 10.517551917000048 ], [ 125.166071830000078, 10.517485197000042 ], [ 125.165916346, 10.517407749000029 ], [ 125.165849123000044, 10.517247570000052 ], [ 125.165705457000044, 10.517098624000026 ], [ 125.16550697400011, 10.517040370000073 ], [ 125.165323745000023, 10.516927298000041 ], [ 125.165212937000078, 10.516739041000051 ], [ 125.16505493800004, 10.516679696000038 ], [ 125.164907919000044, 10.516691263000041 ], [ 125.164681776000066, 10.516685899000036 ], [ 125.164556383000104, 10.516771730000075 ], [ 125.164256394000077, 10.516835852000039 ], [ 125.163999069000056, 10.516851693000033 ], [ 125.163853895000088, 10.516695370000038 ], [ 125.163626745000116, 10.516609288000041 ], [ 125.163396495000029, 10.51649512700004 ], [ 125.163233466000079, 10.516513819000068 ], [ 125.163067756000032, 10.516414158000028 ], [ 125.162986955000065, 10.516230594000035 ], [ 125.162867093000045, 10.516241491000072 ], [ 125.162810096000044, 10.516328159000066 ], [ 125.162569033000068, 10.516488170000059 ], [ 125.162258148000092, 10.516345929000067 ], [ 125.162055390000077, 10.516227325000047 ], [ 125.161801083000114, 10.516264960000056 ], [ 125.161565049000032, 10.516187931000049 ], [ 125.161246285000061, 10.516157420000072 ], [ 125.160992733000057, 10.516204946000069 ], [ 125.160762566000017, 10.516021969000063 ], [ 125.160557124000093, 10.515881320000062 ], [ 125.16043382700002, 10.515672778000067 ], [ 125.160533656000112, 10.515431967000037 ], [ 125.160673550000084, 10.515218563000078 ], [ 125.1606128640001, 10.515115968000034 ], [ 125.160479676, 10.515046148000069 ], [ 125.160411531, 10.514833247000068 ], [ 125.160598196000024, 10.514646833000029 ], [ 125.16049702600003, 10.514545245000022 ], [ 125.160464420000039, 10.514335362000052 ], [ 125.160410190000121, 10.514168143000063 ], [ 125.160264094000027, 10.514146099000074 ], [ 125.160228638000049, 10.513857845000077 ], [ 125.160082793000015, 10.513512343000059 ], [ 125.159967961000021, 10.513232220000077 ], [ 125.159846088000094, 10.513183772000046 ], [ 125.159767968000111, 10.512920748000052 ], [ 125.159550877000015, 10.512854448000043 ], [ 125.159433782000079, 10.51287783300006 ], [ 125.159346191000054, 10.512712374000046 ], [ 125.159337893000043, 10.512303086000031 ], [ 125.159273939000073, 10.512053976000061 ], [ 125.159134548000111, 10.511928750000036 ], [ 125.158897922000051, 10.511932588000038 ], [ 125.158561645000091, 10.511777457000049 ], [ 125.158096282000088, 10.511767399000064 ], [ 125.157917245000021, 10.51182221600004 ], [ 125.157736447000048, 10.511672766000059 ], [ 125.157682299000044, 10.511499680000043 ], [ 125.157508543000063, 10.51150328500006 ], [ 125.157342497000059, 10.511503787000036 ], [ 125.15724845200009, 10.511164823000058 ], [ 125.157129346000048, 10.510927532000041 ], [ 125.156939663000117, 10.510746483000048 ], [ 125.15670924500013, 10.510646486000045 ], [ 125.15646206200006, 10.510555962000069 ], [ 125.156270116000087, 10.510582449000026 ], [ 125.155925453, 10.510554789000029 ], [ 125.155796120000105, 10.510401232000049 ], [ 125.155555476000018, 10.510299476000059 ], [ 125.155545585000027, 10.510096550000071 ], [ 125.155442487000059, 10.509789689000057 ], [ 125.155280968000056, 10.509539824000056 ], [ 125.155116850000013, 10.509351231000037 ], [ 125.154910824000012, 10.509348130000037 ], [ 125.15472516400007, 10.50925877800006 ], [ 125.154538918000071, 10.509037161000037 ], [ 125.15435862400011, 10.508861644000033 ], [ 125.154101886000021, 10.508549167000067 ], [ 125.153861576000054, 10.508289076000041 ], [ 125.153628978000029, 10.508167287000047 ], [ 125.153473830000067, 10.50781658900007 ], [ 125.153348940000114, 10.507403779000066 ], [ 125.153307868000056, 10.507170428000052 ], [ 125.153195551000067, 10.506934058000068 ], [ 125.153078288000074, 10.506803719000061 ], [ 125.152892796000046, 10.506565757000034 ], [ 125.152776455000094, 10.506284460000073 ], [ 125.15255737300005, 10.505670547000021 ], [ 125.152436825000095, 10.505538520000073 ], [ 125.152412492000053, 10.505223520000071 ], [ 125.152348159000098, 10.504999520000071 ], [ 125.152181325000015, 10.504855187000031 ], [ 125.151851158000127, 10.504437686000076 ], [ 125.151667159000098, 10.504254353000023 ], [ 125.151394991000075, 10.503435187000036 ], [ 125.151260658000069, 10.503219021000065 ], [ 125.151132658000051, 10.503114854000048 ], [ 125.150949325000056, 10.502627354000023 ], [ 125.150963491000084, 10.502383187000017 ], [ 125.150919325000018, 10.502197354000032 ], [ 125.150732992000044, 10.50183985400002 ], [ 125.150622158000033, 10.501649354000048 ], [ 125.15048465800011, 10.501567520000037 ], [ 125.150096492000102, 10.501304853000018 ], [ 125.149766992000082, 10.50106802000005 ], [ 125.149602159000111, 10.500827854000022 ], [ 125.149467460000096, 10.500914427000053 ], [ 125.150054923000084, 10.50177559500003 ], [ 125.150123588000042, 10.502271506000056 ], [ 125.150360099000082, 10.50300011300004 ], [ 125.150436393000064, 10.503316733000075 ], [ 125.150535575000049, 10.504018637000058 ], [ 125.150917045000028, 10.504761549000021 ], [ 125.150939933000018, 10.505202147000032 ], [ 125.150798897000087, 10.505790763000052 ], [ 125.150853200000043, 10.505990340000039 ], [ 125.151314894000066, 10.506686621000028 ], [ 125.151405326000045, 10.507292600000026 ], [ 125.151321347000021, 10.507618836000061 ], [ 125.150622797000096, 10.507568732000037 ], [ 125.149604990000043, 10.507827887000076 ], [ 125.149442400000098, 10.508355441000045 ], [ 125.149101249000068, 10.509576651000032 ], [ 125.148719779000103, 10.509920928000042 ], [ 125.148911890000036, 10.510168715000075 ], [ 125.149712008000037, 10.510481359000039 ], [ 125.149528495000027, 10.510801169000048 ], [ 125.14933976600004, 10.511141946000066 ], [ 125.149012307000021, 10.511868037000058 ], [ 125.149228215000107, 10.512288157000057 ], [ 125.149371795000079, 10.512567538000042 ], [ 125.150243196000019, 10.513570664000042 ], [ 125.15077208700005, 10.51427826500003 ], [ 125.151826318000076, 10.51441650600003 ], [ 125.152069084000118, 10.515251013000066 ], [ 125.152229301000048, 10.51603588700004 ], [ 125.152114860000097, 10.516856047000031 ], [ 125.152076722000047, 10.51750564500003 ], [ 125.151496887, 10.517756462000021 ], [ 125.150939889000014, 10.518150456000058 ], [ 125.15082026100005, 10.518480300000022 ], [ 125.150924674000066, 10.51919636300005 ], [ 125.151206962000074, 10.519435736000046 ], [ 125.151792189000048, 10.519592413000055 ], [ 125.152229301000048, 10.520135733000075 ], [ 125.152511589000028, 10.521027418000074 ], [ 125.152752750000104, 10.521461373000022 ], [ 125.153120452000053, 10.52174403500004 ], [ 125.153587138000034, 10.521916348000047 ], [ 125.154006950000039, 10.522234770000066 ], [ 125.15463256000011, 10.522346350000021 ], [ 125.154968253000092, 10.522748801000036 ], [ 125.155311576000045, 10.523005339000067 ], [ 125.15583037500005, 10.523011061000034 ], [ 125.156265250000061, 10.523107382000031 ], [ 125.156745903000115, 10.523078772000076 ], [ 125.15744780700004, 10.523426862000063 ], [ 125.155761711000082, 10.524280401000054 ], [ 125.155220023000098, 10.524771543000044 ], [ 125.154960624000068, 10.525561186000058 ], [ 125.154548637000062, 10.526011320000066 ], [ 125.154129020000028, 10.526678892000062 ], [ 125.153930656000057, 10.527101370000024 ], [ 125.153221905, 10.527896603000045 ], [ 125.154368, 10.527922 ], [ 125.154971, 10.527903 ], [ 125.155001, 10.527885 ], [ 125.155171000000124, 10.527837999000042 ], [ 125.155398000000105, 10.527812 ], [ 125.15565, 10.527742999000052 ], [ 125.155757000000122, 10.527695 ], [ 125.155847000000122, 10.527679 ], [ 125.156030000000101, 10.527659 ], [ 125.156238, 10.527672 ], [ 125.156679, 10.527584 ], [ 125.156764, 10.527546999000037 ], [ 125.156842000000111, 10.527543 ], [ 125.156938, 10.527552 ], [ 125.157118, 10.527621 ], [ 125.157245000000103, 10.527652 ], [ 125.15741, 10.52770299900004 ], [ 125.157582, 10.52775 ], [ 125.157785000000104, 10.527759999000066 ], [ 125.157918000000109, 10.52780099900002 ], [ 125.158127, 10.527858999000044 ], [ 125.158211, 10.527909 ], [ 125.158322000000112, 10.528110999000035 ], [ 125.158414000000121, 10.528275 ], [ 125.158492, 10.528399 ], [ 125.158627, 10.528581999000037 ], [ 125.158830388000069, 10.528650074000041 ], [ 125.158986, 10.528737999000045 ], [ 125.159089000000108, 10.528723 ], [ 125.159189, 10.528715999000044 ], [ 125.159275, 10.528745 ], [ 125.159705975000065, 10.528351560000035 ], [ 125.162162975000101, 10.528439560000036 ], [ 125.163367975000043, 10.528711560000033 ], [ 125.164015305000021, 10.528805188000035 ], [ 125.164331718000099, 10.528852766000053 ], [ 125.16445261, 10.528874649000045 ], [ 125.164456142000077, 10.528807347000056 ] ] ] ] } },
{ "type": "Feature", "properties": { "gid": 6, "administrative_level": 4, "admin_level_name": "Barangay level 4", "shape0": "philippines", "shape1": "Eastern Visayas", "shape2": "Southern Leyte", "shape3": "Silago", "shape4": "Puntana", "serial_id": 6, "style_info": null, "view_zoom_rotate": null, "travel_via": null, "bearing_angle": null, "bearing_distance": null, "created_at": "2026-09-25T07:28:23.480Z", "modified_at": "2026-09-25T07:28:23.481Z", "geocoded_address": null, "properties": null }, "geometry": { "type": "MultiPolygon", "coordinates": [ [ [ [ 125.128464957000105, 10.536104083000055 ], [ 125.129249834000021, 10.535802671000054 ], [ 125.129579575000108, 10.535708333000056 ], [ 125.130007208000066, 10.535531604000026 ], [ 125.1301710890001, 10.534798152000063 ], [ 125.130177531000086, 10.533704308000038 ], [ 125.129784, 10.532774999000026 ], [ 125.129453, 10.532380999000054 ], [ 125.129697, 10.531902 ], [ 125.130189661000031, 10.531033549000027 ], [ 125.130864242000044, 10.530006257000023 ], [ 125.131683142000057, 10.529013637000046 ], [ 125.1321886610001, 10.528385066000054 ], [ 125.133288433000075, 10.527138293000062 ], [ 125.134633784000016, 10.526549305000058 ], [ 125.135188, 10.526211 ], [ 125.135692186000028, 10.525332967000052 ], [ 125.135760000000133, 10.524611 ], [ 125.135929, 10.52411499900006 ], [ 125.136168000000112, 10.524094999000056 ], [ 125.136842000000115, 10.524742 ], [ 125.137268, 10.52526499900006 ], [ 125.137565000000123, 10.525713999000059 ], [ 125.137939, 10.526401 ], [ 125.138462537000024, 10.526871024000059 ], [ 125.13918, 10.527211 ], [ 125.139941, 10.527739 ], [ 125.1406, 10.528103 ], [ 125.140969, 10.528312 ], [ 125.141677, 10.528227 ], [ 125.142417, 10.527992 ], [ 125.143215, 10.527594 ], [ 125.143751, 10.527215999000079 ], [ 125.14429, 10.526953 ], [ 125.144644, 10.527107 ], [ 125.145173000000128, 10.527346 ], [ 125.145588, 10.527304 ], [ 125.145915, 10.527052999000034 ], [ 125.146375, 10.527209 ], [ 125.146682, 10.527425 ], [ 125.147063000000117, 10.527236999000023 ], [ 125.147268523000093, 10.526309678000073 ], [ 125.14741444000002, 10.525774010000019 ], [ 125.147721663000084, 10.525324991000048 ], [ 125.148135, 10.525356 ], [ 125.148603000000108, 10.525847 ], [ 125.148875, 10.526591999000061 ], [ 125.149165, 10.52679 ], [ 125.149712, 10.526947 ], [ 125.150271, 10.527289999000059 ], [ 125.150963, 10.527484999000022 ], [ 125.151771, 10.527767 ], [ 125.152534, 10.527749 ], [ 125.153221905, 10.527896603000045 ], [ 125.153930656000057, 10.527101370000024 ], [ 125.154129020000028, 10.526678892000062 ], [ 125.154548637000062, 10.526011320000066 ], [ 125.154960624000068, 10.525561186000058 ], [ 125.155220023000098, 10.524771543000044 ], [ 125.155761711000082, 10.524280401000054 ], [ 125.15744780700004, 10.523426862000063 ], [ 125.156745903000115, 10.523078772000076 ], [ 125.156265250000061, 10.523107382000031 ], [ 125.15583037500005, 10.523011061000034 ], [ 125.155311576000045, 10.523005339000067 ], [ 125.154968253000092, 10.522748801000036 ], [ 125.15463256000011, 10.522346350000021 ], [ 125.154006950000039, 10.522234770000066 ], [ 125.153587138000034, 10.521916348000047 ], [ 125.153120452000053, 10.52174403500004 ], [ 125.152752750000104, 10.521461373000022 ], [ 125.152511589000028, 10.521027418000074 ], [ 125.152229301000048, 10.520135733000075 ], [ 125.151792189000048, 10.519592413000055 ], [ 125.151206962000074, 10.519435736000046 ], [ 125.150924674000066, 10.51919636300005 ], [ 125.15082026100005, 10.518480300000022 ], [ 125.150939889000014, 10.518150456000058 ], [ 125.151496887, 10.517756462000021 ], [ 125.152076722000047, 10.51750564500003 ], [ 125.152114860000097, 10.516856047000031 ], [ 125.152229301000048, 10.51603588700004 ], [ 125.152069084000118, 10.515251013000066 ], [ 125.151826318000076, 10.51441650600003 ], [ 125.15077208700005, 10.51427826500003 ], [ 125.150243196000019, 10.513570664000042 ], [ 125.149371795000079, 10.512567538000042 ], [ 125.149228215000107, 10.512288157000057 ], [ 125.149012307000021, 10.511868037000058 ], [ 125.14933976600004, 10.511141946000066 ], [ 125.149528495000027, 10.510801169000048 ], [ 125.149712008000037, 10.510481359000039 ], [ 125.148911890000036, 10.510168715000075 ], [ 125.148719779000103, 10.509920928000042 ], [ 125.149101249000068, 10.509576651000032 ], [ 125.149442400000098, 10.508355441000045 ], [ 125.149604990000043, 10.507827887000076 ], [ 125.150622797000096, 10.507568732000037 ], [ 125.151321347000021, 10.507618836000061 ], [ 125.151405326000045, 10.507292600000026 ], [ 125.151314894000066, 10.506686621000028 ], [ 125.150853200000043, 10.505990340000039 ], [ 125.150798897000087, 10.505790763000052 ], [ 125.150939933000018, 10.505202147000032 ], [ 125.150917045000028, 10.504761549000021 ], [ 125.150535575000049, 10.504018637000058 ], [ 125.150436393000064, 10.503316733000075 ], [ 125.150360099000082, 10.50300011300004 ], [ 125.150123588000042, 10.502271506000056 ], [ 125.150054923000084, 10.50177559500003 ], [ 125.149467460000096, 10.500914427000053 ], [ 125.149009696000022, 10.499588820000042 ], [ 125.118516387000113, 10.488545705000037 ], [ 125.114015426000037, 10.495136259000049 ], [ 125.111978448000073, 10.498961999000073 ], [ 125.109750471000112, 10.503004724000048 ], [ 125.107316492000109, 10.50660748100006 ], [ 125.102487527000122, 10.511885131000042 ], [ 125.101304535000054, 10.513322034000057 ], [ 125.101259543000097, 10.515031914000073 ], [ 125.101259169000073, 10.515032627000039 ], [ 125.117919639000093, 10.522805293000031 ], [ 125.119680408, 10.524187088000074 ], [ 125.119061557, 10.524909178000032 ], [ 125.118978504000097, 10.524989128000069 ], [ 125.118841175000043, 10.525162697000042 ], [ 125.118879322000112, 10.525616646000058 ], [ 125.119176868000068, 10.525930404000063 ], [ 125.119649891000122, 10.526593208000065 ], [ 125.120550159000118, 10.527220726000053 ], [ 125.121084217000103, 10.527674675000073 ], [ 125.121085722000075, 10.527674335000029 ], [ 125.121086121000076, 10.527674674000021 ], [ 125.121131241000072, 10.527664486000047 ], [ 125.122032165000078, 10.527461051000044 ], [ 125.122602482000048, 10.527451546000062 ], [ 125.122604370000104, 10.527451515000054 ], [ 125.122604827000032, 10.527452459000072 ], [ 125.122779846000071, 10.527813911000067 ], [ 125.122940063000101, 10.52839088400003 ], [ 125.123329162000118, 10.52883720400007 ], [ 125.123649597000068, 10.529301643000052 ], [ 125.124023438000123, 10.529599189000065 ], [ 125.124343872000054, 10.529933929000036 ], [ 125.124938965000069, 10.530324935000065 ], [ 125.125534058000085, 10.530673980000074 ], [ 125.126304627000096, 10.53147602100006 ], [ 125.126571655000035, 10.531998635000035 ], [ 125.126640320000078, 10.532696723000072 ], [ 125.126708984000075, 10.533568382000054 ], [ 125.127204895000091, 10.534201622000069 ], [ 125.127220154000042, 10.534412383000072 ], [ 125.127235412000104, 10.535069465000049 ], [ 125.12730407800008, 10.53568363200003 ], [ 125.127273560000049, 10.536357880000025 ], [ 125.128464957000105, 10.536104083000055 ] ] ] ] } },
{ "type": "Feature", "properties": { "gid": 8, "administrative_level": 4, "admin_level_name": "Barangay level 4", "shape0": "philippines", "shape1": "Eastern Visayas", "shape2": "Southern Leyte", "shape3": "Silago", "shape4": "Katipunan", "serial_id": 8, "style_info": null, "view_zoom_rotate": null, "travel_via": null, "bearing_angle": null, "bearing_distance": null, "created_at": "2026-09-25T07:28:23.480Z", "modified_at": "2026-09-25T07:28:23.481Z", "geocoded_address": null, "properties": null }, "geometry": { "type": "MultiPolygon", "coordinates": [ [ [ [ 125.095496259000029, 10.560122661000035 ], [ 125.097395251000066, 10.558129225000073 ], [ 125.098768241000016, 10.556813520000047 ], [ 125.102210867000068, 10.553251212000019 ], [ 125.103529613000106, 10.551891322000074 ], [ 125.104055532000061, 10.551347627000041 ], [ 125.105443559000037, 10.549919053000053 ], [ 125.112051898000118, 10.54308067900007 ], [ 125.110526727000092, 10.538813198000071 ], [ 125.11167871400005, 10.536466358000041 ], [ 125.112371449000094, 10.534643173000061 ], [ 125.112615589000043, 10.534382820000074 ], [ 125.112974171, 10.533816337000077 ], [ 125.113080982000042, 10.533384323000064 ], [ 125.113531116000118, 10.533311844000023 ], [ 125.113531980000062, 10.533312011000019 ], [ 125.114652637000063, 10.533529281000025 ], [ 125.11465301500003, 10.533528985000032 ], [ 125.11465454100005, 10.533529281000028 ], [ 125.115066528000057, 10.533206939000022 ], [ 125.115805869000042, 10.532587646000023 ], [ 125.116521839000029, 10.532944679000023 ], [ 125.116857532000054, 10.53322315200006 ], [ 125.117200855000064, 10.533964157000073 ], [ 125.117086414000042, 10.53440094000007 ], [ 125.11737633100006, 10.534942627000021 ], [ 125.117673878000119, 10.535511970000073 ], [ 125.117994312000064, 10.535962105000067 ], [ 125.11799516400005, 10.535960627000064 ], [ 125.118322376000037, 10.535392761000024 ], [ 125.118520740000022, 10.53477096500006 ], [ 125.118940357000042, 10.534122467000032 ], [ 125.119207386000085, 10.534083366000063 ], [ 125.119207525000093, 10.534083624000061 ], [ 125.119428638000045, 10.534493446000058 ], [ 125.120046619000036, 10.535274505000075 ], [ 125.120862965000015, 10.535406112000031 ], [ 125.121320728000114, 10.535923004000042 ], [ 125.121709827, 10.536041260000044 ], [ 125.127271656000062, 10.536357879000036 ], [ 125.127271661, 10.536357771000041 ], [ 125.127273560000049, 10.536357880000025 ], [ 125.12730407800008, 10.53568363200003 ], [ 125.127235412000104, 10.535069465000049 ], [ 125.127220154000042, 10.534412383000072 ], [ 125.127204895000091, 10.534201622000069 ], [ 125.126708984000075, 10.533568382000054 ], [ 125.126640320000078, 10.532696723000072 ], [ 125.126571655000035, 10.531998635000035 ], [ 125.126304627000096, 10.53147602100006 ], [ 125.125534058000085, 10.530673980000074 ], [ 125.124938965000069, 10.530324935000065 ], [ 125.124343872000054, 10.529933929000036 ], [ 125.124023438000123, 10.529599189000065 ], [ 125.123649597000068, 10.529301643000052 ], [ 125.123329162000118, 10.52883720400007 ], [ 125.122940063000101, 10.52839088400003 ], [ 125.122779846000071, 10.527813911000067 ], [ 125.122604827000032, 10.527452459000072 ], [ 125.122604370000104, 10.527451515000054 ], [ 125.122602482000048, 10.527451546000062 ], [ 125.122032165000078, 10.527461051000044 ], [ 125.121131241000072, 10.527664486000047 ], [ 125.121086121000076, 10.527674674000021 ], [ 125.121085722000075, 10.527674335000029 ], [ 125.121084217000103, 10.527674675000073 ], [ 125.120550159000118, 10.527220726000053 ], [ 125.119649891000122, 10.526593208000065 ], [ 125.119176868000068, 10.525930404000063 ], [ 125.118879322000112, 10.525616646000058 ], [ 125.118841175000043, 10.525162697000042 ], [ 125.118978504000097, 10.524989128000069 ], [ 125.119061557, 10.524909178000032 ], [ 125.119680408, 10.524187088000074 ], [ 125.117919639000093, 10.522805293000031 ], [ 125.101259169000073, 10.515032627000039 ], [ 125.099481563000055, 10.518424683000033 ], [ 125.09569758300006, 10.52124350100007 ], [ 125.092729596000027, 10.522510425000064 ], [ 125.088762616000054, 10.525144257000022 ], [ 125.086549633000118, 10.528131056000062 ], [ 125.081215679000024, 10.530572466000022 ], [ 125.081658536000077, 10.531807358000036 ], [ 125.08260504700003, 10.53358084000007 ], [ 125.082604678000067, 10.533584261000044 ], [ 125.082497725000067, 10.534576285000069 ], [ 125.080894278000073, 10.536700695000038 ], [ 125.079210834000051, 10.538218817000029 ], [ 125.077686849000088, 10.539593141000067 ], [ 125.076435270000047, 10.539760940000063 ], [ 125.076103211000017, 10.539805459000034 ], [ 125.074253718000023, 10.539627511000049 ], [ 125.073057635000069, 10.540233700000046 ], [ 125.072374113000023, 10.541438199000025 ], [ 125.073551975000115, 10.542649332000053 ], [ 125.085943758000084, 10.555391140000038 ], [ 125.095228058000103, 10.560404635000053 ], [ 125.095496259000029, 10.560122661000035 ] ] ] ] } },
{ "type": "Feature", "properties": { "gid": 9, "administrative_level": 4, "admin_level_name": "Barangay level 4", "shape0": "philippines", "shape1": "Eastern Visayas", "shape2": "Southern Leyte", "shape3": "Silago", "shape4": "Imelda", "serial_id": 9, "style_info": null, "view_zoom_rotate": null, "travel_via": null, "bearing_angle": null, "bearing_distance": null, "created_at": "2026-09-25T07:28:23.480Z", "modified_at": "2026-09-25T07:28:23.481Z", "geocoded_address": null, "properties": null }, "geometry": { "type": "MultiPolygon", "coordinates": [ [ [ [ 125.111038202000046, 10.568942 ], [ 125.110951067000087, 10.567834305000074 ], [ 125.111101884000036, 10.567434062000075 ], [ 125.111171491000036, 10.567312249000052 ], [ 125.111231800000041, 10.567173960000046 ], [ 125.111281703000046, 10.56699901500002 ], [ 125.111142488000056, 10.566598772000079 ], [ 125.111090282000077, 10.566407352000056 ], [ 125.111043877000043, 10.566047713000046 ], [ 125.110985871000025, 10.565647469000053 ], [ 125.111005348000049, 10.565570660000045 ], [ 125.111043877000043, 10.565421245000037 ], [ 125.111212096000045, 10.564997799000025 ], [ 125.111536664000027, 10.564865850000047 ], [ 125.112361, 10.564477 ], [ 125.112996507000048, 10.564373492000072 ], [ 125.11298394500011, 10.564049368000042 ], [ 125.112388611000029, 10.563533783000025 ], [ 125.112188988000085, 10.562996931000043 ], [ 125.112557686000059, 10.561798956000075 ], [ 125.113118861000089, 10.561191962000064 ], [ 125.113169485000071, 10.560489673000063 ], [ 125.11389722100013, 10.559925437000061 ], [ 125.114525, 10.559152 ], [ 125.114427712000065, 10.558769776000076 ], [ 125.114703353000095, 10.557858064000072 ], [ 125.115187529000082, 10.55733932800007 ], [ 125.115359924000018, 10.556614289000034 ], [ 125.116317486000071, 10.555620760000068 ], [ 125.116288565000104, 10.554633838000029 ], [ 125.116428306000103, 10.553996761000066 ], [ 125.116601823000124, 10.553436233000069 ], [ 125.117254351000042, 10.553223471000026 ], [ 125.117798666000112, 10.553395311000029 ], [ 125.118472909000047, 10.553116593000025 ], [ 125.118913037000084, 10.552642021000054 ], [ 125.119522728000106, 10.552648901000055 ], [ 125.119795468, 10.552010931000039 ], [ 125.120508781000012, 10.550964193000027 ], [ 125.121143075000063, 10.549709594000035 ], [ 125.122033945000126, 10.548694567000041 ], [ 125.123153687000013, 10.548491478000074 ], [ 125.123378865000063, 10.547621649000064 ], [ 125.123252657000094, 10.546997326000053 ], [ 125.123678828000052, 10.546106064000069 ], [ 125.123733, 10.545343 ], [ 125.123515758000053, 10.544955529000047 ], [ 125.123543, 10.543811 ], [ 125.123104493000028, 10.543170520000047 ], [ 125.122999252000113, 10.542370569000068 ], [ 125.123463332000014, 10.542159063000042 ], [ 125.124051134000069, 10.542209956000018 ], [ 125.124132807000038, 10.541189393000025 ], [ 125.12437386100008, 10.54078196200004 ], [ 125.125215150000031, 10.540622761000064 ], [ 125.125354043, 10.539865043000077 ], [ 125.125261839000018, 10.539350171000024 ], [ 125.125516857000079, 10.537747144000036 ], [ 125.125845595000115, 10.537196541000073 ], [ 125.127273560000049, 10.536357880000025 ], [ 125.127271661, 10.536357771000041 ], [ 125.127271656000062, 10.536357879000036 ], [ 125.121709827, 10.536041260000044 ], [ 125.121320728000114, 10.535923004000042 ], [ 125.120862965000015, 10.535406112000031 ], [ 125.120046619000036, 10.535274505000075 ], [ 125.119428638000045, 10.534493446000058 ], [ 125.119207525000093, 10.534083624000061 ], [ 125.119207386000085, 10.534083366000063 ], [ 125.118940357000042, 10.534122467000032 ], [ 125.118520740000022, 10.53477096500006 ], [ 125.118322376000037, 10.535392761000024 ], [ 125.11799516400005, 10.535960627000064 ], [ 125.117994312000064, 10.535962105000067 ], [ 125.117673878000119, 10.535511970000073 ], [ 125.11737633100006, 10.534942627000021 ], [ 125.117086414000042, 10.53440094000007 ], [ 125.117200855000064, 10.533964157000073 ], [ 125.116857532000054, 10.53322315200006 ], [ 125.116521839000029, 10.532944679000023 ], [ 125.115805869000042, 10.532587646000023 ], [ 125.115066528000057, 10.533206939000022 ], [ 125.11465454100005, 10.533529281000028 ], [ 125.11465301500003, 10.533528985000032 ], [ 125.114652637000063, 10.533529281000025 ], [ 125.113531980000062, 10.533312011000019 ], [ 125.113531116000118, 10.533311844000023 ], [ 125.113080982000042, 10.533384323000064 ], [ 125.112974171, 10.533816337000077 ], [ 125.112615589000043, 10.534382820000074 ], [ 125.112371449000094, 10.534643173000061 ], [ 125.11167871400005, 10.536466358000041 ], [ 125.110526727000092, 10.538813198000071 ], [ 125.112051898000118, 10.54308067900007 ], [ 125.105443559000037, 10.549919053000053 ], [ 125.104055532000061, 10.551347627000041 ], [ 125.103529613000106, 10.551891322000074 ], [ 125.102210867000068, 10.553251212000019 ], [ 125.098768241000016, 10.556813520000047 ], [ 125.097395251000066, 10.558129225000073 ], [ 125.095496259000029, 10.560122661000035 ], [ 125.095228058000103, 10.560404635000053 ], [ 125.095229316000086, 10.560405314000036 ], [ 125.111038208000096, 10.568942070000048 ], [ 125.111038202000046, 10.568942 ] ] ] ] } },
{ "type": "Feature", "properties": { "gid": 11, "administrative_level": 4, "admin_level_name": "Barangay level 4", "shape0": "philippines", "shape1": "Eastern Visayas", "shape2": "Southern Leyte", "shape3": "Silago", "shape4": "Salvacion", "serial_id": 11, "style_info": null, "view_zoom_rotate": null, "travel_via": null, "bearing_angle": null, "bearing_distance": null, "created_at": "2026-09-25T07:28:23.480Z", "modified_at": "2026-09-25T07:28:23.481Z", "geocoded_address": null, "properties": null }, "geometry": { "type": "MultiPolygon", "coordinates": [ [ [ [ 125.166168213000105, 10.573310852000073 ], [ 125.166412354000045, 10.57309722800005 ], [ 125.16667240400011, 10.572593300000053 ], [ 125.167747373000111, 10.572752659000058 ], [ 125.16852463400005, 10.572745085000065 ], [ 125.170443831000057, 10.572962206000058 ], [ 125.170763810000039, 10.572751620000076 ], [ 125.171273224000075, 10.572682308000026 ], [ 125.171548710000025, 10.572450093000041 ], [ 125.172080994000112, 10.57188701600006 ], [ 125.172576904000039, 10.57152462000005 ], [ 125.173004151000114, 10.571220397000047 ], [ 125.173301697000056, 10.570720673000039 ], [ 125.17362784800001, 10.57019290900007 ], [ 125.174071523000066, 10.570233722000067 ], [ 125.174447456000038, 10.570099521000033 ], [ 125.175355274000026, 10.569939718000056 ], [ 125.177008084000022, 10.57010928300002 ], [ 125.177497254000059, 10.570314291000047 ], [ 125.17779714400001, 10.570399961000021 ], [ 125.178196250000042, 10.570408174000022 ], [ 125.178911205000077, 10.571192899000037 ], [ 125.179245509000111, 10.571442843000057 ], [ 125.179687500000128, 10.571689605000074 ], [ 125.180000305000036, 10.571615219000023 ], [ 125.180198670000095, 10.571695327000041 ], [ 125.180442810000045, 10.571730613000058 ], [ 125.180689390000126, 10.571849630000029 ], [ 125.181056251000086, 10.572000639000066 ], [ 125.181489928000019, 10.572195056000055 ], [ 125.181681922000067, 10.57269823300004 ], [ 125.181741217000081, 10.573246198000049 ], [ 125.181427002000078, 10.574293136000051 ], [ 125.181451199000094, 10.575006882000027 ], [ 125.182079183000027, 10.574738872000067 ], [ 125.182279974000039, 10.574811790000068 ], [ 125.182529780000095, 10.574735754000075 ], [ 125.182902826000017, 10.574386399000048 ], [ 125.183097839000084, 10.574382781000056 ], [ 125.183691071000126, 10.574412839000047 ], [ 125.18432212800009, 10.574009339000044 ], [ 125.184781436000108, 10.573766680000064 ], [ 125.184853080000039, 10.573761460000073 ], [ 125.184879767000098, 10.573794669000053 ], [ 125.184919535000063, 10.573719537000045 ], [ 125.184947668000063, 10.573774936000062 ], [ 125.184959344000063, 10.57379023200002 ], [ 125.184965487000113, 10.573802302000045 ], [ 125.184967129000043, 10.573805529000026 ], [ 125.184978805, 10.573820825000039 ], [ 125.184982697, 10.573828475000029 ], [ 125.184998265000118, 10.573847595000073 ], [ 125.185006048000119, 10.573855243000024 ], [ 125.185087765000048, 10.57390112300004 ], [ 125.185103329000057, 10.573901119000029 ], [ 125.185118894000084, 10.573904941000023 ], [ 125.185185036, 10.57390492600007 ], [ 125.185200598000051, 10.573897274000043 ], [ 125.18521616000011, 10.573893446000058 ], [ 125.185231721000036, 10.573881968000022 ], [ 125.185239500000094, 10.573870492000026 ], [ 125.185255063000113, 10.573866664000036 ], [ 125.185278408000059, 10.573866659000032 ], [ 125.185310839000081, 10.57388213400003 ], [ 125.185328322000046, 10.573884586000075 ], [ 125.185333317000072, 10.573883357000055 ], [ 125.185337063000034, 10.573880901000054 ], [ 125.185347050000018, 10.573867396000026 ], [ 125.18535079500009, 10.573857574000044 ], [ 125.185354534000112, 10.573830568000062 ], [ 125.185360776000053, 10.573821974000053 ], [ 125.1853645220001, 10.57381951800005 ], [ 125.185374512000067, 10.573818288000043 ], [ 125.185384503000037, 10.573823196000037 ], [ 125.185406794000087, 10.573816911000051 ], [ 125.185441804000121, 10.573786305000054 ], [ 125.185449582000047, 10.573771005000024 ], [ 125.185457806000031, 10.573766961000048 ], [ 125.185465144000105, 10.573763352000071 ], [ 125.185472923000034, 10.573751876000074 ], [ 125.1854884830001, 10.573736574000064 ], [ 125.185501860000045, 10.573707782000042 ], [ 125.185500607000094, 10.573684459000047 ], [ 125.1855118430001, 10.573673409000035 ], [ 125.185540561000053, 10.573656217000064 ], [ 125.185554294000099, 10.573640255000043 ], [ 125.185566776000101, 10.573614474000069 ], [ 125.185570517000087, 10.573592377000068 ], [ 125.185566767000068, 10.573572737000061 ], [ 125.185566762, 10.573553096000069 ], [ 125.185576746000024, 10.573526088000051 ], [ 125.185604208000072, 10.573476980000066 ], [ 125.185630425000113, 10.573443830000032 ], [ 125.185685359000104, 10.573389806000021 ], [ 125.185714072000124, 10.573354201000027 ], [ 125.185767758000097, 10.573305087000049 ], [ 125.185793975000038, 10.573275620000059 ], [ 125.186069865000036, 10.572891337000046 ], [ 125.18623583800003, 10.572723768000058 ], [ 125.186319068000103, 10.572655557000074 ], [ 125.186342135000032, 10.572649887000066 ], [ 125.186354567000095, 10.572651265000047 ], [ 125.186366940000099, 10.572648068000037 ], [ 125.186377651000058, 10.572635739000074 ], [ 125.186388268000087, 10.57261578400005 ], [ 125.186395952000112, 10.572609591000061 ], [ 125.186401932000095, 10.572591217000024 ], [ 125.186409540000113, 10.572578924000025 ], [ 125.186416980000118, 10.572552905000064 ], [ 125.186427728, 10.572543626000027 ], [ 125.186433710000074, 10.572525251000059 ], [ 125.18644748600002, 10.57250983500006 ], [ 125.186452010000039, 10.572499104000029 ], [ 125.186461225000016, 10.572491368000044 ], [ 125.186476684000027, 10.572486609000068 ], [ 125.186487432000035, 10.572477330000027 ], [ 125.18649520800011, 10.572478764000039 ], [ 125.186504573000093, 10.572483229000056 ], [ 125.186514185000078, 10.572481114000031 ], [ 125.186520658000077, 10.572475809000025 ], [ 125.186537102000102, 10.572438555000074 ], [ 125.18654681000011, 10.572422642000051 ], [ 125.186551123000058, 10.572409912000069 ], [ 125.186551118, 10.572384454000032 ], [ 125.186554085000012, 10.572370788000057 ], [ 125.186564871000087, 10.572348510000039 ], [ 125.186581045000025, 10.572297591000051 ], [ 125.186589678, 10.572298650000048 ], [ 125.186605866000036, 10.572306072000062 ], [ 125.186615663000111, 10.572304975000064 ], [ 125.186629458000084, 10.572291084000028 ], [ 125.186635533000072, 10.572280334000027 ], [ 125.186649291000094, 10.572263393000073 ], [ 125.186666058, 10.572238790000027 ], [ 125.186694752000093, 10.572174386000032 ], [ 125.18670544400004, 10.572160531000064 ], [ 125.186717707000071, 10.572148183000023 ], [ 125.186754643000086, 10.572123341000065 ], [ 125.186791386000081, 10.572090614000047 ], [ 125.18680987300003, 10.572079718000056 ], [ 125.186815967000015, 10.572070494000059 ], [ 125.186818790000075, 10.572047581000049 ], [ 125.186827893000114, 10.572030693000043 ], [ 125.186850941000117, 10.572012117000039 ], [ 125.186866380000083, 10.572005833000047 ], [ 125.186881783000103, 10.571996499000022 ], [ 125.186913878000041, 10.571956461000072 ], [ 125.186920028000031, 10.571951812000062 ], [ 125.186932253, 10.571936414000049 ], [ 125.18698987300003, 10.571884978000073 ], [ 125.187015770000031, 10.571859508000047 ], [ 125.187020084000096, 10.571842532000064 ], [ 125.187043132000099, 10.571800441000052 ], [ 125.187047433000075, 10.571783510000042 ], [ 125.187057478000028, 10.571775043000059 ], [ 125.187080438000066, 10.571765162000077 ], [ 125.187093352000034, 10.571751051000035 ], [ 125.187099089000071, 10.571734120000032 ], [ 125.187110567000104, 10.571718598000075 ], [ 125.187116305000018, 10.57170731000002 ], [ 125.187123475, 10.571680503000039 ], [ 125.187136609000063, 10.571664260000034 ], [ 125.18714523900006, 10.571643038000046 ], [ 125.187162500000113, 10.571609083000055 ], [ 125.187175447000058, 10.571587860000024 ], [ 125.187235870000109, 10.571507211000041 ], [ 125.187257455000022, 10.571498719000033 ], [ 125.187309256000049, 10.57147324400006 ], [ 125.187326522000049, 10.571460508000028 ], [ 125.187330836000129, 10.571443531000057 ], [ 125.187322196000068, 10.571422313000026 ], [ 125.187322169000041, 10.57129923800005 ], [ 125.187326482000117, 10.57128226100002 ], [ 125.187326478000045, 10.571265285000036 ], [ 125.18732215700004, 10.571248311000033 ], [ 125.187291932000107, 10.571227097000076 ], [ 125.1872723460001, 10.57121963700007 ], [ 125.187265464, 10.571211506000051 ], [ 125.187263744, 10.571197798000071 ], [ 125.187277464000104, 10.571177807000025 ], [ 125.187281932, 10.571162500000071 ], [ 125.187293653000097, 10.571105924000051 ], [ 125.18730402700011, 10.571066143000049 ], [ 125.187311261000104, 10.57102334800004 ], [ 125.187321673000042, 10.570986617000074 ], [ 125.18733047800005, 10.570945328000048 ], [ 125.187333002000074, 10.570898013000031 ], [ 125.187330927000062, 10.57085532800005 ], [ 125.18733191900003, 10.570809556000027 ], [ 125.18732540900011, 10.570784871000058 ], [ 125.187326643, 10.570758926000051 ], [ 125.187317072000056, 10.570537410000041 ], [ 125.187317046000089, 10.570423975000036 ], [ 125.187312603000024, 10.57040216200005 ], [ 125.187308161000018, 10.570384711000029 ], [ 125.187290399000076, 10.570345449000058 ], [ 125.187285958000075, 10.570332361000055 ], [ 125.187272630000052, 10.570271284000057 ], [ 125.187263749000053, 10.570253834000029 ], [ 125.187263745000124, 10.570236383000067 ], [ 125.187259303000019, 10.570218932000044 ], [ 125.187250423000023, 10.570201482000073 ], [ 125.187237105000023, 10.57018403400002 ], [ 125.187211060000109, 10.570127187000024 ], [ 125.187142237000103, 10.569891709000046 ], [ 125.187132667, 10.569870468000033 ], [ 125.18712780700001, 10.569853747000023 ], [ 125.187124405000077, 10.569829382000023 ], [ 125.18712577000008, 10.569814112000074 ], [ 125.187122424000123, 10.569794322000062 ], [ 125.187095378000109, 10.569739730000039 ], [ 125.187081190000086, 10.569721594000042 ], [ 125.187065471000096, 10.569705002000036 ], [ 125.187049695000042, 10.569683834000045 ], [ 125.187037022000041, 10.569662629000048 ], [ 125.187025919000021, 10.56964293000004 ], [ 125.187017938000068, 10.569624721000023 ], [ 125.187007288000018, 10.569594748000041 ], [ 125.186984821000024, 10.569586259000063 ], [ 125.186967535, 10.569559083000057 ], [ 125.186955432000104, 10.569530208000058 ], [ 125.186917402000077, 10.569474158000046 ], [ 125.186912215, 10.569460569000057 ], [ 125.186908758000087, 10.569457173000046 ], [ 125.186901841, 10.569438488000062 ], [ 125.18690183800004, 10.569424898000024 ], [ 125.186902578000058, 10.569414464000031 ], [ 125.186917133000051, 10.56937871100007 ], [ 125.186920347000083, 10.569351897000047 ], [ 125.186915506000105, 10.569336701000053 ], [ 125.18691230900005, 10.56932911200005 ], [ 125.18689348700002, 10.569312556000057 ], [ 125.186884010000085, 10.569298940000067 ], [ 125.18687109400004, 10.569257909000044 ], [ 125.186861524000051, 10.569236668000027 ], [ 125.186855020000053, 10.569212339000044 ], [ 125.18684866500007, 10.569200212000055 ], [ 125.186831393000034, 10.569183638000027 ], [ 125.186829731000088, 10.569174505000037 ], [ 125.186834291000096, 10.569166825000021 ], [ 125.186832571000082, 10.569153117000042 ], [ 125.18682612300006, 10.56913336400004 ], [ 125.186818235000032, 10.569122780000043 ], [ 125.186804197000029, 10.569116845000053 ], [ 125.186793225000088, 10.569107823000023 ], [ 125.186781899000039, 10.56906982300006 ], [ 125.186767562000114, 10.569039486000063 ], [ 125.186762684000087, 10.569021240000039 ], [ 125.186748310000112, 10.568987853000067 ], [ 125.186745002000066, 10.56897111300003 ], [ 125.186737039000036, 10.56895442900003 ], [ 125.186721319000071, 10.56893783600003 ], [ 125.186711843000012, 10.568924220000042 ], [ 125.186690942000041, 10.568864681000033 ], [ 125.186678325000116, 10.568848051000032 ], [ 125.186670512000077, 10.56884356800003 ], [ 125.186641368000096, 10.568844463000062 ], [ 125.186637580000038, 10.568829582000035 ], [ 125.186628113000097, 10.568807261000073 ], [ 125.186531246000072, 10.568816251000044 ], [ 125.186495645000036, 10.568797988000027 ], [ 125.186489957000063, 10.568749622000041 ], [ 125.186530960000013, 10.568724718000055 ], [ 125.186557203000021, 10.568713730000072 ], [ 125.186619397000086, 10.568692284000065 ], [ 125.186564032000092, 10.568464304000031 ], [ 125.186515384000032, 10.568204681000053 ], [ 125.186496829, 10.568128100000022 ], [ 125.186487596000021, 10.568053970000051 ], [ 125.186485754000046, 10.568024027000034 ], [ 125.186480003000057, 10.567998058000054 ], [ 125.18647452200004, 10.567987724000035 ], [ 125.186473041000113, 10.56797862600007 ], [ 125.186475556000119, 10.56797076400005 ], [ 125.186476656000067, 10.567957714000045 ], [ 125.186472276000032, 10.567934329000025 ], [ 125.186468143000084, 10.56792527500005 ], [ 125.186465290000115, 10.567913594000059 ], [ 125.186452190000068, 10.567845824000072 ], [ 125.186437049000119, 10.567813495000053 ], [ 125.186439565000114, 10.56780563400002 ], [ 125.18643770100006, 10.567774387000041 ], [ 125.186440217000055, 10.567766526000069 ], [ 125.186441340000101, 10.56775477900004 ], [ 125.186445136000103, 10.567744290000064 ], [ 125.186448574000124, 10.567712955000047 ], [ 125.186442710000051, 10.567680472000061 ], [ 125.186435747000033, 10.567661040000075 ], [ 125.18641694400003, 10.567647018000059 ], [ 125.186411508000106, 10.567639289000054 ], [ 125.186408543000084, 10.567621093000072 ], [ 125.186412317000062, 10.567609301000061 ], [ 125.186424087000091, 10.567599982000047 ], [ 125.18642662600007, 10.567593424000052 ], [ 125.186426513000029, 10.567586910000044 ], [ 125.18642898500002, 10.567576443000062 ], [ 125.186440822, 10.567571033000034 ], [ 125.186455064000043, 10.56755124700004 ], [ 125.186461623000028, 10.567547228000024 ], [ 125.186472046000077, 10.567536628000029 ], [ 125.186474495000084, 10.567524859000059 ], [ 125.186471665000113, 10.567514480000057 ], [ 125.186471507000078, 10.567505360000037 ], [ 125.186475326000036, 10.567496174000041 ], [ 125.186476494000104, 10.567487032000031 ], [ 125.186475056000063, 10.567480540000075 ], [ 125.186469665000118, 10.567475417000026 ], [ 125.186466879000022, 10.567467644000031 ], [ 125.18647330400006, 10.567455808000036 ], [ 125.186483749000104, 10.567446511000071 ], [ 125.18650834600011, 10.567412217000028 ], [ 125.186514861000106, 10.567405593000045 ], [ 125.186542041000067, 10.567367346000026 ], [ 125.186547164000089, 10.567356835000055 ], [ 125.186560259000089, 10.567347494000044 ], [ 125.186577465000028, 10.567345904000035 ], [ 125.186598603000093, 10.567341642000029 ], [ 125.186609139000112, 10.56733755700003 ], [ 125.186648539000075, 10.567316049000052 ], [ 125.18666547700002, 10.567298825000021 ], [ 125.186697688000095, 10.567244855000068 ], [ 125.186715906000018, 10.567225003000033 ], [ 125.186730305000069, 10.56721433800004 ], [ 125.186740840000098, 10.567210252000052 ], [ 125.186763326000104, 10.567207271000029 ], [ 125.186773839000011, 10.567201883000052 ], [ 125.186779050000041, 10.567196583000053 ], [ 125.186801334000037, 10.567181876000062 ], [ 125.186819596000092, 10.567164630000036 ], [ 125.186839229000057, 10.567149967000034 ], [ 125.186874430000103, 10.567115496000042 ], [ 125.186877428000116, 10.567091838000067 ], [ 125.186895713000013, 10.567075895000073 ], [ 125.186916671000063, 10.567061210000077 ], [ 125.186929834, 10.567055778000052 ], [ 125.186944829000026, 10.567046554000058 ], [ 125.186966911, 10.567020122000031 ], [ 125.186988687000067, 10.56700918400003 ], [ 125.186992573000126, 10.567003906000021 ], [ 125.187029143, 10.566972020000037 ], [ 125.187048776000111, 10.566957357000035 ], [ 125.187099924000123, 10.566925227000068 ], [ 125.187114368000039, 10.566917167000039 ], [ 125.187131485, 10.566910366000059 ], [ 125.187180073000036, 10.566883491000056 ], [ 125.187243059000011, 10.566845951000062 ], [ 125.187256133000119, 10.56683530800006 ], [ 125.187269251000103, 10.566827270000031 ], [ 125.187308651000066, 10.566805761000069 ], [ 125.187357352000063, 10.566785401000061 ], [ 125.187378377000059, 10.566774625000052 ], [ 125.187391540000036, 10.566769193000024 ], [ 125.187403423000092, 10.566766388000074 ], [ 125.187420495000083, 10.566756981000029 ], [ 125.18742844700013, 10.566756848000065 ], [ 125.187446890000032, 10.566750025000031 ], [ 125.187461468000038, 10.566749782000047 ], [ 125.187474812000119, 10.566754772000024 ], [ 125.187496084000017, 10.566758327000057 ], [ 125.187529015000109, 10.566746050000063 ], [ 125.187543347000101, 10.566731475000038 ], [ 125.187545840000098, 10.566722311000035 ], [ 125.187544425000056, 10.566717122000057 ], [ 125.187526904000038, 10.566700472000038 ], [ 125.187524118000056, 10.566692699000042 ], [ 125.187529397000034, 10.566691308000031 ], [ 125.187545436000036, 10.56669885900004 ], [ 125.187554825, 10.566705219000026 ], [ 125.187570978000068, 10.56670329800005 ], [ 125.187580915000012, 10.56669578700007 ], [ 125.187604726000018, 10.566692784000054 ], [ 125.187615238000021, 10.566687396000074 ], [ 125.187625819000132, 10.56668591600004 ], [ 125.18763370300006, 10.566681875000027 ], [ 125.187644261000059, 10.56667909300006 ], [ 125.187713986000063, 10.566647956000054 ], [ 125.187811004000096, 10.56658508700002 ], [ 125.187860872000087, 10.566555585000062 ], [ 125.187876551000059, 10.566542292000063 ], [ 125.187939043000029, 10.566476089000046 ], [ 125.187990977000027, 10.566412668000051 ], [ 125.188002046000065, 10.566405661000031 ], [ 125.188016159000099, 10.56641224900005 ], [ 125.188025571000026, 10.566419911000024 ], [ 125.188033545000067, 10.566421080000053 ], [ 125.188044080000054, 10.566416996000044 ], [ 125.188053155000048, 10.566405116000054 ], [ 125.188064746000023, 10.566385374000051 ], [ 125.188067217000025, 10.566374907000066 ], [ 125.188071058000119, 10.566367024000044 ], [ 125.188077550000116, 10.566359096000042 ], [ 125.188081369000088, 10.566349910000042 ], [ 125.188082582000106, 10.566343373000052 ], [ 125.188074428000064, 10.56633178000004 ], [ 125.188076966000054, 10.566325222000046 ], [ 125.188086243000043, 10.566325067000035 ], [ 125.188094263000039, 10.566328843000063 ], [ 125.188104865000014, 10.566328667000052 ], [ 125.18811138, 10.566322042000023 ], [ 125.1881217130001, 10.566306231000056 ], [ 125.188150645000064, 10.566292716000019 ], [ 125.188158103000092, 10.566263921000028 ], [ 125.188151072000096, 10.566240580000056 ], [ 125.188142962000043, 10.566231593000053 ], [ 125.188137504000125, 10.566222561000075 ], [ 125.188136066000084, 10.566216069000061 ], [ 125.188137883000081, 10.566204008000055 ], [ 125.188145700000049, 10.566196058000058 ], [ 125.188160143000133, 10.566187998000034 ], [ 125.188166658000128, 10.566181372000074 ], [ 125.188178226000105, 10.566160329000072 ], [ 125.188219086000117, 10.566069725000034 ], [ 125.188240605000033, 10.566010721000053 ], [ 125.18827899300004, 10.565930585000045 ], [ 125.188311052000017, 10.565845766000049 ], [ 125.188325130000081, 10.565779269000075 ], [ 125.188350476000096, 10.565704459000074 ], [ 125.188360337000077, 10.565687833000025 ], [ 125.188378647000036, 10.565649041000027 ], [ 125.188400381000079, 10.565589723000073 ], [ 125.188414398000077, 10.565556908000076 ], [ 125.188419542, 10.565547700000025 ], [ 125.188424753000064, 10.565542400000027 ], [ 125.188511143000014, 10.565308722000053 ], [ 125.188590578000117, 10.565101305000042 ], [ 125.188603112000024, 10.565059392000022 ], [ 125.188612995000071, 10.565017524000039 ], [ 125.188785482000057, 10.564564923000034 ], [ 125.188810798000077, 10.564370958000039 ], [ 125.188809361000054, 10.564365315000028 ], [ 125.188809354000114, 10.564334277000057 ], [ 125.188815092000027, 10.564322989000061 ], [ 125.188820830000054, 10.564306058000058 ], [ 125.188820827000086, 10.564299003000031 ], [ 125.188822262000016, 10.564297592000058 ], [ 125.188860509000065, 10.564132910000069 ], [ 125.188864681000055, 10.564084016000038 ], [ 125.188872026000013, 10.564048707000037 ], [ 125.188877080000125, 10.564034287000025 ], [ 125.188886133000111, 10.564021104000064 ], [ 125.188892535000022, 10.564007965000028 ], [ 125.188900172000103, 10.563989592000041 ], [ 125.188905181000123, 10.563972567000063 ], [ 125.188903607000043, 10.563955603000069 ], [ 125.18890738100005, 10.563943812000046 ], [ 125.188910750000105, 10.563908569000033 ], [ 125.188918207000029, 10.563879773000053 ], [ 125.188927084000056, 10.563857519000065 ], [ 125.18892702800008, 10.563853153000021 ], [ 125.188930891000041, 10.563846571000054 ], [ 125.188944010000114, 10.563838534000068 ], [ 125.188958116000094, 10.563810931000035 ], [ 125.188955196000038, 10.563795341000059 ], [ 125.18895494800006, 10.563781010000069 ], [ 125.188957352000102, 10.563766634000045 ], [ 125.18895559900011, 10.563741902000059 ], [ 125.188961866000113, 10.563720946000041 ], [ 125.188970806000029, 10.563701249000076 ], [ 125.188985048000077, 10.563681463000025 ], [ 125.188990169000022, 10.56367095200005 ], [ 125.188992596000048, 10.563657879000061 ], [ 125.188987114000057, 10.563647545000039 ], [ 125.188979072000052, 10.563642466000031 ], [ 125.188975008000057, 10.563637295000035 ], [ 125.188977297000065, 10.563616430000023 ], [ 125.188995290000094, 10.563583550000033 ], [ 125.189005150000085, 10.56354038000006 ], [ 125.189017999000043, 10.563516707000073 ], [ 125.189023031000033, 10.563500985000074 ], [ 125.189024064000023, 10.563484026000028 ], [ 125.189035317000062, 10.563444741000069 ], [ 125.189038912000129, 10.563422526000066 ], [ 125.189040707000132, 10.563372974000059 ], [ 125.189051893000055, 10.563329781000048 ], [ 125.189064763000047, 10.563230521000035 ], [ 125.189071344000013, 10.563150915000051 ], [ 125.189073163000117, 10.563102665000031 ], [ 125.189072556000028, 10.563067488000057 ], [ 125.18908938800007, 10.562967349000074 ], [ 125.189088669000071, 10.562925658000042 ], [ 125.189094643000104, 10.562810875000023 ], [ 125.189092621000086, 10.56277050800003 ], [ 125.189097247000063, 10.562731335000022 ], [ 125.189100931000112, 10.562714331000048 ], [ 125.189105918000109, 10.56269600300004 ], [ 125.189112297000065, 10.562681561000034 ], [ 125.1891159810001, 10.562664558000051 ], [ 125.189116587000058, 10.562622844000032 ], [ 125.189107444000115, 10.562553926000021 ], [ 125.189099446000128, 10.562474563000022 ], [ 125.189097401000026, 10.562432894000038 ], [ 125.189085607000052, 10.562364019000027 ], [ 125.189081810000062, 10.562297618000061 ], [ 125.189074929000071, 10.562282940000044 ], [ 125.189071919000071, 10.56226213900004 ], [ 125.189064799000107, 10.562233587000037 ], [ 125.189040850000083, 10.562074992000019 ], [ 125.188995063000121, 10.561918334000037 ], [ 125.188944770000049, 10.561771923000038 ], [ 125.188852116000035, 10.561597795000068 ], [ 125.188739084000076, 10.561434474000068 ], [ 125.188580873000078, 10.561282940000069 ], [ 125.188501478000049, 10.561214646000051 ], [ 125.188435722, 10.56115417800004 ], [ 125.1883947030001, 10.561122709000074 ], [ 125.188353750000033, 10.561096566000062 ], [ 125.188321084000108, 10.56108363900006 ], [ 125.188288452000052, 10.561073374000044 ], [ 125.18822999300005, 10.561034293000034 ], [ 125.188180787000093, 10.560992849000057 ], [ 125.188152670000022, 10.560977310000055 ], [ 125.188117522000098, 10.56094795400003 ], [ 125.188061292000043, 10.560929209000051 ], [ 125.188010334000069, 10.560906766000071 ], [ 125.18796113300003, 10.560891231000026 ], [ 125.187878542000036, 10.560856704000058 ], [ 125.187792436000095, 10.560810086000059 ], [ 125.187744992000034, 10.56079455100007 ], [ 125.187661799, 10.560761076000063 ], [ 125.187629016000088, 10.560749668000026 ], [ 125.187536619000056, 10.560710217000066 ], [ 125.187532846000082, 10.560679553000053 ], [ 125.187534123000077, 10.560635294000063 ], [ 125.187526401000028, 10.560616328000034 ], [ 125.187503241000073, 10.560589778000066 ], [ 125.187492948000099, 10.560580929000022 ], [ 125.187472366000065, 10.56057461000006 ], [ 125.187421196000059, 10.560576800000034 ], [ 125.1874039490001, 10.560579896000036 ], [ 125.187389836000079, 10.560579906000042 ], [ 125.187385131000042, 10.56057836800005 ], [ 125.187378854000045, 10.560573748000024 ], [ 125.187369437000029, 10.56056296400004 ], [ 125.187366295000047, 10.560555258000022 ], [ 125.187366283000074, 10.56053984300007 ], [ 125.187361573000103, 10.560532138000042 ], [ 125.187349022000049, 10.560522898000045 ], [ 125.187330198000041, 10.560515204000067 ], [ 125.187320787000104, 10.560512128000029 ], [ 125.187300769000089, 10.560513125000053 ], [ 125.187260110000025, 10.560510945000033 ], [ 125.187208715000125, 10.560516880000021 ], [ 125.187168793000069, 10.560525381000048 ], [ 125.187162047000015, 10.560528699000031 ], [ 125.187140119000105, 10.560527046000059 ], [ 125.187111447000021, 10.560533684000065 ], [ 125.187091209000073, 10.560545296000042 ], [ 125.187084465000112, 10.56055856200004 ], [ 125.187076032000064, 10.560558564000075 ], [ 125.187049043000115, 10.560551937000071 ], [ 125.1870288, 10.56054033400005 ], [ 125.187023739000111, 10.560535362000055 ], [ 125.186991687000045, 10.560517129000061 ], [ 125.186973130000069, 10.560502210000038 ], [ 125.186929270000078, 10.560477347000074 ], [ 125.186890470000094, 10.56045082600002 ], [ 125.186838176000023, 10.560422649000031 ], [ 125.186817933000057, 10.560409388000039 ], [ 125.186796004000016, 10.560399444000039 ], [ 125.186782508000078, 10.560389497000072 ], [ 125.186750456000041, 10.560371266000063 ], [ 125.186519356000076, 10.560271828000054 ], [ 125.18641387300012, 10.560237643000049 ], [ 125.18639556200003, 10.560227362000033 ], [ 125.18636155500009, 10.560211941000034 ], [ 125.185637480000082, 10.559981898000045 ], [ 125.184303000000114, 10.562395999000042 ], [ 125.18408966100003, 10.56278896300006 ], [ 125.183181763000121, 10.562846184000021 ], [ 125.182914734000065, 10.562958717000068 ], [ 125.182754517000021, 10.563183784000048 ], [ 125.182807922000066, 10.56346607200004 ], [ 125.182754517000021, 10.563747406000063 ], [ 125.182693482000104, 10.564029693000066 ], [ 125.182479858000079, 10.564198493000049 ], [ 125.182159424, 10.564198493000047 ], [ 125.181831360000047, 10.564198493000047 ], [ 125.181671143000017, 10.564423560000023 ], [ 125.181770325000116, 10.565116882000039 ], [ 125.181564331000118, 10.565212250000059 ], [ 125.181289673000038, 10.56521320300004 ], [ 125.180969238000102, 10.565213203000042 ], [ 125.180641175000119, 10.56521320300004 ], [ 125.180236816000047, 10.565307617000032 ], [ 125.179870606, 10.565331458000056 ], [ 125.179550171000088, 10.56535530000002 ], [ 125.17948150600013, 10.56504535600004 ], [ 125.17934417700009, 10.564311027000027 ], [ 125.179023743000016, 10.564311027000031 ], [ 125.178749085000064, 10.564311027000031 ], [ 125.178482055000018, 10.564392090000068 ], [ 125.177955627000074, 10.564172744000075 ], [ 125.177665710000028, 10.56492519300002 ], [ 125.177185058000077, 10.565021514000023 ], [ 125.176803589000087, 10.56505012400004 ], [ 125.176315308000085, 10.565259934000039 ], [ 125.175765991000048, 10.565427780000048 ], [ 125.175315857000101, 10.56546115900005 ], [ 125.174766540000064, 10.565632819000029 ], [ 125.174171447000049, 10.56581783300004 ], [ 125.173645019000105, 10.566037178000041 ], [ 125.173202515000085, 10.565890312000022 ], [ 125.172737121000068, 10.565976143000055 ], [ 125.172157288000122, 10.566348076000054 ], [ 125.171646118000027, 10.566584587000024 ], [ 125.17101287800007, 10.566584587000024 ], [ 125.170509339000091, 10.566376686000067 ], [ 125.169860840000069, 10.566474914000027 ], [ 125.169334411000023, 10.566366195000059 ], [ 125.168807983000079, 10.566256523000048 ], [ 125.168174744000112, 10.566474914000024 ], [ 125.167648316000054, 10.566694260000077 ], [ 125.167121888000125, 10.566913604000035 ], [ 125.166595459000064, 10.567132950000028 ], [ 125.165962219000107, 10.567352294000045 ], [ 125.165504456, 10.567513466000038 ], [ 125.165061951000112, 10.567691803000058 ], [ 125.164733887000025, 10.567859650000058 ], [ 125.164398194000114, 10.568133354000054 ], [ 125.164001465000069, 10.568396568000026 ], [ 125.163421631000134, 10.568660736000027 ], [ 125.16287994400011, 10.56888675600004 ], [ 125.16248321500008, 10.569037437000077 ], [ 125.16103363, 10.56920719100003 ], [ 125.160842896000091, 10.569335937000062 ], [ 125.160751343000015, 10.569603920000077 ], [ 125.160743713000102, 10.569752693000057 ], [ 125.160469056000025, 10.570188522000024 ], [ 125.159965515000053, 10.570147514000043 ], [ 125.159248352000077, 10.56978035000003 ], [ 125.158493042000032, 10.568778037000072 ], [ 125.157966614000102, 10.568668365000066 ], [ 125.157440186000045, 10.568668365000066 ], [ 125.156867981000119, 10.568681716000071 ], [ 125.156394959000082, 10.568778037000071 ], [ 125.15553283700001, 10.569146156000045 ], [ 125.155158997000072, 10.569853782000052 ], [ 125.154853821000074, 10.569927215000064 ], [ 125.154380798000048, 10.570000649000066 ], [ 125.154029846000071, 10.569976807000046 ], [ 125.153327942000047, 10.569903373000045 ], [ 125.152763367000048, 10.569536209000036 ], [ 125.152297974, 10.56912136100004 ], [ 125.151756287000026, 10.568969726000036 ], [ 125.15134429900003, 10.569107055000075 ], [ 125.15102386500007, 10.569545745000026 ], [ 125.150543213000105, 10.569590569000068 ], [ 125.150199891000057, 10.569631577000054 ], [ 125.149353028000064, 10.569590569000072 ], [ 125.148704528000053, 10.569497108000062 ], [ 125.148094177000075, 10.569423675000055 ], [ 125.147384644000127, 10.568905830000064 ], [ 125.14683532700009, 10.56885623900007 ], [ 125.146339417000036, 10.568758010000064 ], [ 125.145866394000109, 10.568585395000069 ], [ 125.145484924000016, 10.568954467000021 ], [ 125.144844055000036, 10.569731712000021 ], [ 125.144210816000069, 10.570064545000038 ], [ 125.142822265000063, 10.570563316000062 ], [ 125.142295837, 10.570730209000031 ], [ 125.141349793, 10.571300506000055 ], [ 125.140716553000075, 10.571190834000051 ], [ 125.140190125000117, 10.571081162000043 ], [ 125.139556884000058, 10.570861816000047 ], [ 125.139030456000128, 10.570752144000039 ], [ 125.138504028000071, 10.570642471000042 ], [ 125.137985229000037, 10.570423126000039 ], [ 125.137826744000122, 10.570452791000037 ], [ 125.137023926000111, 10.570277214000042 ], [ 125.136428833000096, 10.570022583000023 ], [ 125.136047363000117, 10.569655418000023 ], [ 125.1355590820001, 10.569765091000022 ], [ 125.135032654000057, 10.57020378100003 ], [ 125.134506225000109, 10.570423126000037 ], [ 125.134094239000092, 10.570192336000046 ], [ 125.134086609000065, 10.570094108000033 ], [ 125.133575440000058, 10.570220947000051 ], [ 125.133277893000027, 10.570517539000038 ], [ 125.111038762000021, 10.568942042000058 ], [ 125.111038208000096, 10.568942070000048 ], [ 125.133361816000047, 10.572674751000022 ], [ 125.134124756000105, 10.572827339000069 ], [ 125.134468079000058, 10.573302268000077 ], [ 125.135147095000093, 10.573184013000057 ], [ 125.135604859000054, 10.573540688000037 ], [ 125.13617706300009, 10.573658943000055 ], [ 125.136749268000017, 10.573778152000047 ], [ 125.137428284000052, 10.573897362000023 ], [ 125.138000488000088, 10.573897362000025 ], [ 125.138572692000025, 10.573897362000027 ], [ 125.139144898000055, 10.574134827000025 ], [ 125.139709472000064, 10.574372292000019 ], [ 125.14028167700009, 10.574372292000021 ], [ 125.140853882000087, 10.574491500000022 ], [ 125.141426087000013, 10.574491500000022 ], [ 125.141990661000037, 10.574728966000066 ], [ 125.142562867000052, 10.574848175000056 ], [ 125.143135071000088, 10.574967384000047 ], [ 125.143592835000064, 10.575324059000026 ], [ 125.144157410000034, 10.575442314000041 ], [ 125.144615173000048, 10.575798988000031 ], [ 125.145072937, 10.576155663000064 ], [ 125.145645142000049, 10.576274871000065 ], [ 125.146324158000084, 10.576274871000068 ], [ 125.146781922000045, 10.576631546000042 ], [ 125.147468567000047, 10.576869010000049 ], [ 125.147926331, 10.57722568500003 ], [ 125.148269653000071, 10.577701568000064 ], [ 125.14883422900003, 10.577939034000055 ], [ 125.149520874000032, 10.578058242000054 ], [ 125.150184632000105, 10.578394890000027 ], [ 125.150581360000047, 10.578464507000035 ], [ 125.150985718000015, 10.578534126000022 ], [ 125.151382446000071, 10.578534126000021 ], [ 125.15158607, 10.578384683000024 ], [ 125.151756600000112, 10.578199810000058 ], [ 125.152458923000054, 10.577972920000036 ], [ 125.153554346000078, 10.577685764000023 ], [ 125.154799636000021, 10.577430483000054 ], [ 125.155391702000088, 10.577289341000039 ], [ 125.155696258000035, 10.577248872000041 ], [ 125.156006128000058, 10.577175464000048 ], [ 125.156266576, 10.577168199000026 ], [ 125.156600449000067, 10.577159061000032 ], [ 125.1569150360001, 10.576967717000059 ], [ 125.157368160000047, 10.576772683000058 ], [ 125.159427096000059, 10.576361013000051 ], [ 125.160080312000105, 10.576246863000049 ], [ 125.160699353000041, 10.576001334000072 ], [ 125.161328403000084, 10.575602188000058 ], [ 125.16192335300002, 10.575082632000029 ], [ 125.162343024000066, 10.574860402000066 ], [ 125.163095495000107, 10.574674276000053 ], [ 125.1636962890001, 10.574668884000063 ], [ 125.163993835000042, 10.57448005700007 ], [ 125.164314270000091, 10.574346542000059 ], [ 125.164535523000055, 10.574238777000057 ], [ 125.164733887000025, 10.574090958000058 ], [ 125.165176391000045, 10.57370281200002 ], [ 125.165443421000077, 10.573639869000031 ], [ 125.165611268000021, 10.573562622000052 ], [ 125.165863037, 10.573468208000067 ], [ 125.166168213000105, 10.573310852000073 ] ] ] ] } },
{ "type": "Feature", "properties": { "gid": 10, "administrative_level": 4, "admin_level_name": "Barangay level 4", "shape0": "philippines", "shape1": "Eastern Visayas", "shape2": "Southern Leyte", "shape3": "Silago", "shape4": "Hingatungan", "serial_id": 10, "style_info": null, "view_zoom_rotate": null, "travel_via": null, "bearing_angle": null, "bearing_distance": null, "created_at": "2026-09-25T07:28:23.480Z", "modified_at": "2026-09-25T07:36:44.467Z", "geocoded_address": null, "properties": null }, "geometry": { "type": "MultiPolygon", "coordinates": [ [ [ [ 125.173279, 10.600749 ], [ 125.173869483, 10.600573314 ], [ 125.173867753, 10.600700517 ], [ 125.174140814, 10.600588045 ], [ 125.174326158, 10.600506572 ], [ 125.174446874, 10.60046932 ], [ 125.174525317, 10.600450691 ], [ 125.174638925, 10.600385519 ], [ 125.174801806, 10.600307644 ], [ 125.174887013, 10.600270399 ], [ 125.175014823, 10.600202898 ], [ 125.1751308, 10.60014936 ], [ 125.17519234, 10.600128407 ], [ 125.175227842, 10.600105133 ], [ 125.175254499, 10.600092379 ], [ 125.175285267, 10.600071433 ], [ 125.175294734, 10.600066777 ], [ 125.175301834, 10.600059796 ], [ 125.175339704, 10.600041174 ], [ 125.175351539, 10.600041172 ], [ 125.175379942, 10.600031859 ], [ 125.175391778, 10.600031856 ], [ 125.175422548, 10.600020217 ], [ 125.175432016, 10.600020215 ], [ 125.175441484, 10.600015559 ], [ 125.175465154, 10.600010901 ], [ 125.175500657, 10.599996933 ], [ 125.17554563, 10.599987617 ], [ 125.175559833, 10.599987614 ], [ 125.175621376, 10.599978294 ], [ 125.175690022, 10.59997828 ], [ 125.175706591, 10.59997595 ], [ 125.175761034, 10.599975939 ], [ 125.175772869, 10.599973609 ], [ 125.175910162, 10.599973581 ], [ 125.175975294, 10.599959938 ], [ 125.176105982, 10.599939668 ], [ 125.176122155, 10.599939665 ], [ 125.176135092, 10.599933303 ], [ 125.176144795, 10.599933301 ], [ 125.176160967, 10.599930119 ], [ 125.176173904, 10.599920578 ], [ 125.176186842, 10.599920575 ], [ 125.176199779, 10.599914214 ], [ 125.176212716, 10.599911032 ], [ 125.176228889, 10.599911028 ], [ 125.176264474, 10.599936456 ], [ 125.176290352, 10.599942809 ], [ 125.176306525, 10.599942805 ], [ 125.176332399, 10.599933262 ], [ 125.176345336, 10.59993008 ], [ 125.176384145, 10.599901458 ], [ 125.176400315, 10.599891916 ], [ 125.176413251, 10.599879196 ], [ 125.176426187, 10.599872835 ], [ 125.176439123, 10.599863293 ], [ 125.176461763, 10.599853751 ], [ 125.176474699, 10.59984421 ], [ 125.176500574, 10.599834667 ], [ 125.176526447, 10.599821944 ], [ 125.176565262, 10.599825115 ], [ 125.1765782, 10.599821933 ], [ 125.176591137, 10.599815572 ], [ 125.176617005, 10.599777414 ], [ 125.176620236, 10.599764696 ], [ 125.176629938, 10.599755156 ], [ 125.176688153, 10.59972335 ], [ 125.176905712, 10.599586592 ], [ 125.177024253, 10.599496274 ], [ 125.177166616, 10.599382528 ], [ 125.177295636, 10.599299401 ], [ 125.177384614, 10.59923815 ], [ 125.177455795, 10.599181277 ], [ 125.177504734, 10.599148464 ], [ 125.177615961, 10.599089394 ], [ 125.177835901, 10.598955298 ], [ 125.178374158, 10.59862019 ], [ 125.178658032, 10.598452591 ], [ 125.17880239, 10.598334636 ], [ 125.178906203, 10.598226423 ], [ 125.17905494, 10.598103501 ], [ 125.179106848, 10.598056539 ], [ 125.179164986, 10.598007535 ], [ 125.179216897, 10.597968738 ], [ 125.179306183, 10.59790952 ], [ 125.179356016, 10.597870724 ], [ 125.179407929, 10.597844175 ], [ 125.179422463, 10.597831924 ], [ 125.179430769, 10.59782784 ], [ 125.179436998, 10.597821715 ], [ 125.179447381, 10.597815588 ], [ 125.179455687, 10.597813545 ], [ 125.179463993, 10.597807419 ], [ 125.179501372, 10.597799246 ], [ 125.179513833, 10.597799243 ], [ 125.179522139, 10.597795159 ], [ 125.179588595, 10.597793102 ], [ 125.179596901, 10.597791059 ], [ 125.17962182, 10.597780847 ], [ 125.179646737, 10.597764511 ], [ 125.179665426, 10.597756342 ], [ 125.179684116, 10.597750213 ], [ 125.1796945, 10.597750211 ], [ 125.179729749, 10.597738511 ], [ 125.179743196, 10.597725288 ], [ 125.179768748, 10.597717351 ], [ 125.179791612, 10.597714702 ], [ 125.179816775, 10.597703338 ], [ 125.179835463, 10.597691086 ], [ 125.180006053, 10.597555688 ], [ 125.180017175, 10.597549125 ], [ 125.180046092, 10.597522876 ], [ 125.18005499, 10.597518501 ], [ 125.180083907, 10.597498813 ], [ 125.18009058, 10.597492251 ], [ 125.180103928, 10.597485687 ], [ 125.180110601, 10.597479125 ], [ 125.180128396, 10.597468187 ], [ 125.180155091, 10.59745506 ], [ 125.180186234, 10.597433185 ], [ 125.180217377, 10.597420057 ], [ 125.180252968, 10.597398181 ], [ 125.180272989, 10.597389429 ], [ 125.180293009, 10.597376304 ], [ 125.180328601, 10.597356614 ], [ 125.180341948, 10.59734349 ], [ 125.180364191, 10.59732599 ], [ 125.180464266, 10.597228291 ], [ 125.180472266, 10.597217791 ], [ 125.180488269, 10.597202038 ], [ 125.180509611, 10.597186281 ], [ 125.180520279, 10.597175778 ], [ 125.180546957, 10.597157394 ], [ 125.180562961, 10.597141641 ], [ 125.180570958, 10.597128517 ], [ 125.180602965, 10.59709701 ], [ 125.180624306, 10.597081253 ], [ 125.180637642, 10.597068125 ], [ 125.180648315, 10.597062871 ], [ 125.180674987, 10.597036615 ], [ 125.180682988, 10.597026115 ], [ 125.180693657, 10.597018236 ], [ 125.180701657, 10.597007736 ], [ 125.180717664, 10.59699723 ], [ 125.180755021, 10.596981461 ], [ 125.180808404, 10.596981423 ], [ 125.180827097, 10.596994528 ], [ 125.180835111, 10.597002393 ], [ 125.180851143, 10.597025994 ], [ 125.180861838, 10.597049599 ], [ 125.180869855, 10.597062711 ], [ 125.180872533, 10.597075828 ], [ 125.180891244, 10.597109921 ], [ 125.18089392, 10.597120414 ], [ 125.180920631, 10.597146631 ], [ 125.180933981, 10.597151869 ], [ 125.180941994, 10.597159734 ], [ 125.180987379, 10.597172819 ], [ 125.181003394, 10.597172808 ], [ 125.181024751, 10.59717804 ], [ 125.181038097, 10.59717803 ], [ 125.181075471, 10.597185874 ], [ 125.181110166, 10.597180602 ], [ 125.181142196, 10.597180579 ], [ 125.181152874, 10.597183195 ], [ 125.181192911, 10.597183166 ], [ 125.18121159, 10.597175281 ], [ 125.181230258, 10.597154279 ], [ 125.181230231, 10.597117548 ], [ 125.18122221, 10.597099188 ], [ 125.181219531, 10.597086072 ], [ 125.181214184, 10.597075582 ], [ 125.181211507, 10.597065089 ], [ 125.181211476, 10.597023111 ], [ 125.181216801, 10.597004742 ], [ 125.18122747, 10.59699424 ], [ 125.1812408, 10.596973241 ], [ 125.181248797, 10.596960117 ], [ 125.181251459, 10.596949621 ], [ 125.181256789, 10.596939122 ], [ 125.181270121, 10.596920747 ], [ 125.181291465, 10.596907614 ], [ 125.18131281, 10.596897104 ], [ 125.181323487, 10.596897096 ], [ 125.18133683, 10.596894463 ], [ 125.181374199, 10.596894436 ], [ 125.181384873, 10.596891805 ], [ 125.181406213, 10.596873424 ], [ 125.181408874, 10.596862928 ], [ 125.181408866, 10.596852433 ], [ 125.181390166, 10.596831458 ], [ 125.181379484, 10.596823594 ], [ 125.181368804, 10.596818355 ], [ 125.181355444, 10.596799999 ], [ 125.181344762, 10.596792136 ], [ 125.181328735, 10.596776406 ], [ 125.181304699, 10.596758058 ], [ 125.181288672, 10.596742327 ], [ 125.181285995, 10.596731835 ], [ 125.181280649, 10.596721344 ], [ 125.181280641, 10.59671085 ], [ 125.181283303, 10.596700353 ], [ 125.181301963, 10.596668856 ], [ 125.181317967, 10.596653103 ], [ 125.181349979, 10.596629467 ], [ 125.181355303, 10.596611098 ], [ 125.181357955, 10.596587483 ], [ 125.181363282, 10.596571737 ], [ 125.181363273, 10.596558619 ], [ 125.181355247, 10.596535012 ], [ 125.181347231, 10.596524523 ], [ 125.181336553, 10.596521906 ], [ 125.181285823, 10.596500955 ], [ 125.181275141, 10.596493092 ], [ 125.181263781, 10.59647908 ], [ 125.181246725, 10.596467111 ], [ 125.181232104, 10.596450352 ], [ 125.181227007, 10.596372944 ], [ 125.181226975, 10.596330966 ], [ 125.181232278, 10.596283737 ], [ 125.181237605, 10.596267991 ], [ 125.181242923, 10.596239127 ], [ 125.181242908, 10.596220762 ], [ 125.181248231, 10.596199769 ], [ 125.181250882, 10.596176155 ], [ 125.181256211, 10.596163033 ], [ 125.181256162, 10.596097442 ], [ 125.181261479, 10.596068578 ], [ 125.181261459, 10.596042342 ], [ 125.181266776, 10.596013478 ], [ 125.181266768, 10.596002984 ], [ 125.181285411, 10.595947874 ], [ 125.181285405, 10.595940003 ], [ 125.181293403, 10.595926879 ], [ 125.181306723, 10.595892762 ], [ 125.181314725, 10.595884886 ], [ 125.181317384, 10.595871766 ], [ 125.181322714, 10.595861267 ], [ 125.181358995, 10.595845329 ], [ 125.181368766, 10.595847248 ], [ 125.181400035, 10.595849162 ], [ 125.181409806, 10.595845317 ], [ 125.181421529, 10.59583571 ], [ 125.181431297, 10.595822261 ], [ 125.181439112, 10.595814576 ], [ 125.181441064, 10.595804971 ], [ 125.181444971, 10.595797286 ], [ 125.181446923, 10.595787681 ], [ 125.181452782, 10.595772312 ], [ 125.181458644, 10.595766548 ], [ 125.181462551, 10.595758863 ], [ 125.181478183, 10.595751176 ], [ 125.181499676, 10.595735803 ], [ 125.181505539, 10.595733881 ], [ 125.181528986, 10.595718508 ], [ 125.181564159, 10.595701212 ], [ 125.181591757, 10.595691601 ], [ 125.181597619, 10.595685837 ], [ 125.181605435, 10.595681993 ], [ 125.181626929, 10.595666621 ], [ 125.18164256, 10.595658933 ], [ 125.18166015, 10.595658929 ], [ 125.18169337, 10.595653159 ], [ 125.181701187, 10.595653157 ], [ 125.18171682, 10.595647391 ], [ 125.181722682, 10.595643547 ], [ 125.181788475, 10.595621892 ], [ 125.181857068, 10.595628488 ], [ 125.181877242, 10.595627162 ], [ 125.181959284, 10.595627146 ], [ 125.182007702, 10.595624492 ], [ 125.18206688, 10.595625802 ], [ 125.182080329, 10.595623156 ], [ 125.182095123, 10.595623153 ], [ 125.182201369, 10.595600657 ], [ 125.182230958, 10.595599329 ], [ 125.182294167, 10.595584774 ], [ 125.182338547, 10.595571545 ], [ 125.182378893, 10.595556995 ], [ 125.182392342, 10.595554347 ], [ 125.182400411, 10.59555038 ], [ 125.182485136, 10.595522601 ], [ 125.182528173, 10.595517304 ], [ 125.182564487, 10.595517297 ], [ 125.182577937, 10.595519938 ], [ 125.182594076, 10.595519935 ], [ 125.18261156, 10.595517287 ], [ 125.182645181, 10.595502738 ], [ 125.182694936, 10.595460424 ], [ 125.182716452, 10.595452487 ], [ 125.182771591, 10.595427357 ], [ 125.182783185, 10.595424879 ], [ 125.182796863, 10.595417192 ], [ 125.182915421, 10.595365691 ], [ 125.182956458, 10.595357997 ], [ 125.18298186, 10.595344545 ], [ 125.183015079, 10.595331091 ], [ 125.183026804, 10.595329167 ], [ 125.183042437, 10.595323401 ], [ 125.1830483, 10.595323399 ], [ 125.183073703, 10.595313789 ], [ 125.183085428, 10.595311865 ], [ 125.183093244, 10.5953061 ], [ 125.183101061, 10.595306098 ], [ 125.183112785, 10.595300333 ], [ 125.183136234, 10.595292644 ], [ 125.183165545, 10.595277269 ], [ 125.183175316, 10.595275346 ], [ 125.183185086, 10.595269581 ], [ 125.183226121, 10.595254204 ], [ 125.183259339, 10.595234987 ], [ 125.183444998, 10.595113175 ], [ 125.183762579, 10.594915221 ], [ 125.183774737, 10.594904471 ], [ 125.184105603, 10.594648009 ], [ 125.184117879, 10.594640464 ], [ 125.184140897, 10.594622355 ], [ 125.184150103, 10.594610285 ], [ 125.184165448, 10.594598212 ], [ 125.184170052, 10.594595194 ], [ 125.184197677, 10.594589154 ], [ 125.184217627, 10.59457859 ], [ 125.184243714, 10.594560481 ], [ 125.184249852, 10.594552936 ], [ 125.18425599, 10.594548409 ], [ 125.184269798, 10.594528794 ], [ 125.184286677, 10.594512196 ], [ 125.184323506, 10.594482016 ], [ 125.184357263, 10.594447311 ], [ 125.184372607, 10.594429204 ], [ 125.184403294, 10.594386957 ], [ 125.184421706, 10.594365832 ], [ 125.184441655, 10.594347725 ], [ 125.184450861, 10.594335654 ], [ 125.184476947, 10.594313019 ], [ 125.18448155, 10.594306984 ], [ 125.184484618, 10.59429944 ], [ 125.184503031, 10.594276807 ], [ 125.184516841, 10.594266244 ], [ 125.184524514, 10.594263225 ], [ 125.184547535, 10.594257186 ], [ 125.184553674, 10.594257184 ], [ 125.184579764, 10.594249636 ], [ 125.184598179, 10.594239071 ], [ 125.184615059, 10.594226998 ], [ 125.184638075, 10.594202856 ], [ 125.184665694, 10.594169661 ], [ 125.184679503, 10.594150046 ], [ 125.184700984, 10.594124395 ], [ 125.184708655, 10.594110816 ], [ 125.184722465, 10.594094218 ], [ 125.184733206, 10.594086673 ], [ 125.184736275, 10.594082146 ], [ 125.184747017, 10.594073092 ], [ 125.184753155, 10.594064039 ], [ 125.184768498, 10.594047441 ], [ 125.184779237, 10.594029335 ], [ 125.184797649, 10.594003685 ], [ 125.184840118, 10.593912682 ], [ 125.184886142, 10.593823664 ], [ 125.184926172, 10.593755537 ], [ 125.184938807, 10.593738952 ], [ 125.184950576, 10.593702961 ], [ 125.184959782, 10.593689382 ], [ 125.184981267, 10.593678817 ], [ 125.184998149, 10.593675796 ], [ 125.185025772, 10.59366523 ], [ 125.185062602, 10.593642593 ], [ 125.185077946, 10.593624487 ], [ 125.185087148, 10.59359733 ], [ 125.185091751, 10.593588277 ], [ 125.185104027, 10.593577714 ], [ 125.185125513, 10.593568658 ], [ 125.185143927, 10.593558093 ], [ 125.185150065, 10.593553566 ], [ 125.185157736, 10.593543004 ], [ 125.185145453, 10.593518869 ], [ 125.185133173, 10.59350982 ], [ 125.18510708, 10.593502282 ], [ 125.18510094, 10.593499267 ], [ 125.185096335, 10.593494742 ], [ 125.185093264, 10.593487199 ], [ 125.185093262, 10.593479656 ], [ 125.18509633, 10.593467587 ], [ 125.18511474, 10.593438919 ], [ 125.185123947, 10.593429865 ], [ 125.185130085, 10.593426846 ], [ 125.185132494, 10.593428019 ], [ 125.185143021, 10.593411436 ], [ 125.185161976, 10.593390835 ], [ 125.18517672, 10.593376321 ], [ 125.185191467, 10.59336595 ], [ 125.185201992, 10.593347295 ], [ 125.185227265, 10.59331827 ], [ 125.185242009, 10.593303754 ], [ 125.185257928, 10.593294699 ], [ 125.185262531, 10.593290172 ], [ 125.185265599, 10.593284137 ], [ 125.18526713, 10.593266033 ], [ 125.185273264, 10.593243403 ], [ 125.185277867, 10.593235859 ], [ 125.185299349, 10.593213225 ], [ 125.185311623, 10.593195119 ], [ 125.185317759, 10.593180032 ], [ 125.185328499, 10.593164943 ], [ 125.185343845, 10.593151362 ], [ 125.185357655, 10.593142308 ], [ 125.185376068, 10.593125709 ], [ 125.185408295, 10.593107599 ], [ 125.18542978, 10.593100051 ], [ 125.185455868, 10.593087977 ], [ 125.185468145, 10.593080431 ], [ 125.185489628, 10.593062322 ], [ 125.185498834, 10.593051761 ], [ 125.185509575, 10.593042706 ], [ 125.18551878, 10.593023093 ], [ 125.185540259, 10.59298839 ], [ 125.185549466, 10.592976319 ], [ 125.185566344, 10.592959721 ], [ 125.185583222, 10.592940105 ], [ 125.185597033, 10.592929542 ], [ 125.185610843, 10.592915962 ], [ 125.185630789, 10.592890311 ], [ 125.185639995, 10.592875223 ], [ 125.185653804, 10.592858625 ], [ 125.185659942, 10.592854098 ], [ 125.185681424, 10.592829955 ], [ 125.185701375, 10.592819391 ], [ 125.185705977, 10.592813355 ], [ 125.185712115, 10.592810337 ], [ 125.185719789, 10.592808826 ], [ 125.185755089, 10.592808819 ], [ 125.1857689, 10.592799764 ], [ 125.185782709, 10.592783166 ], [ 125.185799589, 10.592769585 ], [ 125.185819536, 10.592742426 ], [ 125.185822602, 10.592728847 ], [ 125.1858226, 10.592721304 ], [ 125.185821064, 10.592713762 ], [ 125.185816458, 10.592707728 ], [ 125.185816456, 10.592700185 ], [ 125.185819525, 10.592695658 ], [ 125.185834869, 10.592680569 ], [ 125.185853284, 10.592668496 ], [ 125.185859422, 10.59266246 ], [ 125.1858763, 10.592639827 ], [ 125.186027622, 10.592482689 ], [ 125.186046582, 10.592468172 ], [ 125.186069344, 10.592453879 ], [ 125.186098832, 10.59242485 ], [ 125.186117792, 10.592410333 ], [ 125.186136745, 10.592387527 ], [ 125.186140955, 10.592379237 ], [ 125.186193611, 10.592327399 ], [ 125.186212888, 10.592304556 ], [ 125.186250003, 10.592282338 ], [ 125.186279048, 10.592255362 ], [ 125.186304867, 10.592237906 ], [ 125.18633714, 10.592212516 ], [ 125.18635973, 10.592188715 ], [ 125.186382316, 10.592149049 ], [ 125.18640329, 10.592117316 ], [ 125.186408129, 10.592103037 ], [ 125.186433943, 10.59206337 ], [ 125.186451689, 10.592031638 ], [ 125.186453302, 10.592025292 ], [ 125.186475889, 10.591991972 ], [ 125.186495251, 10.591969758 ], [ 125.18651461, 10.591930093 ], [ 125.186522677, 10.591918986 ], [ 125.186551722, 10.591893597 ], [ 125.186580762, 10.591844412 ], [ 125.186595283, 10.591826958 ], [ 125.186598509, 10.591819025 ], [ 125.186609803, 10.591801572 ], [ 125.186630772, 10.591750802 ], [ 125.186664651, 10.591688924 ], [ 125.186671104, 10.591676231 ], [ 125.186675942, 10.591661952 ], [ 125.186690462, 10.591636566 ], [ 125.186692074, 10.591628634 ], [ 125.186706591, 10.591592143 ], [ 125.186746923, 10.591515985 ], [ 125.186758214, 10.5914906 ], [ 125.186782413, 10.591446175 ], [ 125.186784026, 10.591439829 ], [ 125.186809841, 10.591406508 ], [ 125.186832427, 10.591365256 ], [ 125.186850175, 10.591344629 ], [ 125.18688406, 10.59130972 ], [ 125.186887287, 10.591303374 ], [ 125.186893741, 10.591297027 ], [ 125.186913102, 10.591270053 ], [ 125.186938918, 10.591239905 ], [ 125.186955054, 10.591225624 ], [ 125.186984098, 10.591193889 ], [ 125.186992164, 10.591181196 ], [ 125.187003451, 10.5911336 ], [ 125.187003446, 10.591109803 ], [ 125.187000216, 10.591101871 ], [ 125.186980844, 10.59107808 ], [ 125.186924347, 10.591033672 ], [ 125.186906589, 10.591014639 ], [ 125.186895288, 10.590997191 ], [ 125.186892057, 10.590981327 ], [ 125.186892049, 10.590948012 ], [ 125.186895274, 10.590932147 ], [ 125.186893651, 10.590895659 ], [ 125.186892036, 10.590887727 ], [ 125.186883962, 10.590870278 ], [ 125.186882347, 10.590862346 ], [ 125.186858129, 10.590824277 ], [ 125.186851672, 10.590816346 ], [ 125.186841986, 10.590808415 ], [ 125.186822617, 10.590797315 ], [ 125.186809705, 10.590794145 ], [ 125.186789708, 10.590794955 ], [ 125.186783252, 10.590791784 ], [ 125.186776796, 10.590787026 ], [ 125.186750966, 10.590756889 ], [ 125.18672836, 10.590709301 ], [ 125.186713823, 10.590656952 ], [ 125.186713822, 10.590650606 ], [ 125.186708976, 10.59063157 ], [ 125.186708973, 10.590617292 ], [ 125.186707357, 10.590610947 ], [ 125.186720229, 10.590433264 ], [ 125.186755681, 10.590192321 ], [ 125.186770625, 10.589958192 ], [ 125.186773377, 10.589933635 ], [ 125.186774989, 10.589927289 ], [ 125.18677983, 10.589920942 ], [ 125.186783055, 10.58990825 ], [ 125.186779817, 10.589867004 ], [ 125.186774968, 10.58983369 ], [ 125.186773332, 10.589732159 ], [ 125.186771716, 10.589724227 ], [ 125.186768264, 10.589625503 ], [ 125.186758777, 10.589602388 ], [ 125.186755547, 10.589589697 ], [ 125.186741018, 10.589573836 ], [ 125.186728105, 10.589564321 ], [ 125.186713576, 10.589548459 ], [ 125.186700659, 10.589526252 ], [ 125.186687741, 10.589496113 ], [ 125.186678052, 10.589469146 ], [ 125.186673204, 10.589443764 ], [ 125.186673202, 10.589432659 ], [ 125.186671585, 10.589418381 ], [ 125.18666997, 10.589415209 ], [ 125.1866635, 10.589351753 ], [ 125.186660271, 10.589345408 ], [ 125.186653809, 10.58931844 ], [ 125.18664412, 10.589293059 ], [ 125.186639274, 10.589274023 ], [ 125.18663443, 10.589261333 ], [ 125.186629586, 10.589251815 ], [ 125.186626357, 10.589248643 ], [ 125.186618283, 10.589228022 ], [ 125.186603752, 10.589199469 ], [ 125.186595677, 10.589175674 ], [ 125.18658599, 10.589159812 ], [ 125.186576301, 10.589134431 ], [ 125.186565173, 10.589095104 ], [ 125.186553871, 10.589074483 ], [ 125.186552255, 10.589068137 ], [ 125.186524809, 10.589023723 ], [ 125.186515121, 10.589004688 ], [ 125.186513505, 10.58899517 ], [ 125.18650543, 10.588972961 ], [ 125.18650381, 10.58894282 ], [ 125.186500578, 10.58892537 ], [ 125.186490888, 10.588895229 ], [ 125.186460207, 10.588820674 ], [ 125.18641823, 10.588752466 ], [ 125.186318125, 10.588563703 ], [ 125.186255164, 10.588476463 ], [ 125.186235788, 10.588438393 ], [ 125.186195426, 10.588371772 ], [ 125.186182509, 10.588346392 ], [ 125.18617605, 10.588332115 ], [ 125.186169589, 10.588306734 ], [ 125.186142974, 10.58824791 ], [ 125.186136514, 10.588230461 ], [ 125.186134897, 10.588216183 ], [ 125.186139734, 10.588197145 ], [ 125.186139732, 10.588187626 ], [ 125.1861365, 10.58816859 ], [ 125.186134886, 10.588162245 ], [ 125.186126812, 10.588146382 ], [ 125.186105815, 10.588071823 ], [ 125.186100968, 10.588049615 ], [ 125.186088049, 10.588014717 ], [ 125.186075133, 10.58799251 ], [ 125.186068677, 10.587987752 ], [ 125.18605899, 10.587976649 ], [ 125.186050919, 10.587963959 ], [ 125.186039619, 10.58795127 ], [ 125.186020242, 10.587911613 ], [ 125.186018627, 10.587905268 ], [ 125.185994408, 10.587860853 ], [ 125.185989563, 10.587846577 ], [ 125.185971804, 10.587818025 ], [ 125.185966961, 10.587813266 ], [ 125.185957274, 10.587797404 ], [ 125.185941131, 10.587776784 ], [ 125.185936287, 10.587767267 ], [ 125.185926601, 10.587754577 ], [ 125.185891082, 10.587697473 ], [ 125.185881395, 10.587678438 ], [ 125.185868479, 10.587659404 ], [ 125.18584587, 10.587594365 ], [ 125.185825894, 10.587555933 ], [ 125.185794248, 10.587516589 ], [ 125.185773143, 10.587483454 ], [ 125.185762587, 10.58746067 ], [ 125.18575836, 10.58744617 ], [ 125.185749915, 10.587427528 ], [ 125.185743574, 10.587404742 ], [ 125.185728796, 10.587373673 ], [ 125.185547182, 10.586923624 ], [ 125.185540852, 10.586915341 ], [ 125.185538736, 10.586904983 ], [ 125.185530289, 10.58688427 ], [ 125.18552396, 10.586875987 ], [ 125.185521845, 10.586867701 ], [ 125.185496525, 10.586832496 ], [ 125.185479632, 10.586793142 ], [ 125.185477517, 10.586782784 ], [ 125.185466964, 10.586764144 ], [ 125.185464849, 10.586755858 ], [ 125.185460629, 10.586749645 ], [ 125.185445849, 10.586716505 ], [ 125.185443732, 10.586704075 ], [ 125.185437394, 10.586685432 ], [ 125.185437386, 10.586675073 ], [ 125.185433165, 10.586666788 ], [ 125.18543315, 10.586648141 ], [ 125.18543525, 10.586637779 ], [ 125.185441561, 10.586621199 ], [ 125.185447878, 10.586612907 ], [ 125.185464733, 10.586602535 ], [ 125.185479486, 10.586600452 ], [ 125.185487913, 10.58659423 ], [ 125.185506867, 10.586573497 ], [ 125.185515273, 10.58654034 ], [ 125.185515261, 10.586523764 ], [ 125.185513146, 10.586513406 ], [ 125.185508923, 10.586505121 ], [ 125.185487834, 10.586490633 ], [ 125.185477292, 10.586486497 ], [ 125.185454095, 10.58647201 ], [ 125.185435119, 10.586463737 ], [ 125.185433004, 10.586455449 ], [ 125.185432976, 10.586418155 ], [ 125.185437185, 10.586409865 ], [ 125.185439286, 10.586401575 ], [ 125.18543928, 10.586393288 ], [ 125.18543505, 10.586374643 ], [ 125.185426608, 10.586360146 ], [ 125.185418172, 10.586353936 ], [ 125.185399198, 10.586349806 ], [ 125.185365473, 10.586349831 ], [ 125.185354933, 10.586347767 ], [ 125.185346498, 10.586343629 ], [ 125.185329633, 10.586339497 ], [ 125.185312764, 10.586331222 ], [ 125.185304328, 10.586325012 ], [ 125.185304314, 10.586306365 ], [ 125.185306415, 10.586298075 ], [ 125.185312734, 10.586291855 ], [ 125.18533182, 10.586264197 ], [ 125.185336029, 10.586253834 ], [ 125.185336018, 10.586241402 ], [ 125.185325467, 10.586224834 ], [ 125.185317031, 10.586218625 ], [ 125.185283306, 10.586218649 ], [ 125.185253807, 10.586233175 ], [ 125.185236953, 10.586243547 ], [ 125.185228528, 10.586251841 ], [ 125.185184264, 10.586251873 ], [ 125.185163182, 10.586247745 ], [ 125.185154748, 10.586243607 ], [ 125.185139984, 10.586231186 ], [ 125.185135762, 10.586222901 ], [ 125.185135757, 10.586216686 ], [ 125.185129417, 10.586193899 ], [ 125.185129402, 10.586175251 ], [ 125.185123063, 10.586154537 ], [ 125.185123057, 10.586146249 ], [ 125.185118834, 10.586135892 ], [ 125.185110394, 10.586125539 ], [ 125.185093523, 10.58611312 ], [ 125.185070336, 10.586111065 ], [ 125.185045041, 10.586111083 ], [ 125.185019743, 10.586104886 ], [ 125.185007096, 10.586104895 ], [ 125.184994446, 10.58610076 ], [ 125.184973366, 10.586098704 ], [ 125.184956499, 10.5860925 ], [ 125.184945956, 10.586086292 ], [ 125.184941735, 10.58608008 ], [ 125.184937513, 10.586071795 ], [ 125.184937507, 10.586063507 ], [ 125.184935394, 10.586057293 ], [ 125.184924844, 10.586042797 ], [ 125.184903762, 10.586036597 ], [ 125.184888999, 10.586026248 ], [ 125.184886886, 10.586017962 ], [ 125.184886877, 10.58600553 ], [ 125.184914269, 10.585995149 ], [ 125.184924799, 10.585982711 ], [ 125.184924785, 10.585964064 ], [ 125.184928993, 10.585953701 ], [ 125.184931089, 10.585939196 ], [ 125.184935296, 10.585926761 ], [ 125.184935263, 10.585883251 ], [ 125.184945788, 10.585864595 ], [ 125.184962641, 10.585852151 ], [ 125.18497527, 10.585829351 ], [ 125.184981587, 10.585821059 ], [ 125.184987889, 10.585792047 ], [ 125.184992098, 10.585783756 ], [ 125.1849963, 10.585765106 ], [ 125.185023922, 10.585736995 ], [ 125.185028463, 10.585736099 ], [ 125.185037541, 10.585727162 ], [ 125.185037532, 10.58571466 ], [ 125.185032074, 10.585705733 ], [ 125.185036285, 10.585680127 ], [ 125.185034169, 10.585671841 ], [ 125.18501518, 10.585646992 ], [ 125.185010958, 10.585638707 ], [ 125.18501336, 10.585617127 ], [ 125.185029676, 10.585596061 ], [ 125.185029461, 10.585581508 ], [ 125.185020878, 10.585573313 ], [ 125.185008065, 10.585565178 ], [ 125.18500362, 10.585550686 ], [ 125.184994658, 10.585537368 ], [ 125.184979326, 10.585522305 ], [ 125.184953047, 10.585510472 ], [ 125.184936213, 10.585511609 ], [ 125.184939727, 10.585486164 ], [ 125.184942658, 10.585476937 ], [ 125.184947349, 10.585468863 ], [ 125.184955561, 10.585463095 ], [ 125.184974919, 10.585457324 ], [ 125.184984304, 10.585452132 ], [ 125.184988995, 10.585442328 ], [ 125.184990753, 10.585434254 ], [ 125.184991921, 10.585409458 ], [ 125.184996023, 10.585390427 ], [ 125.185000715, 10.585380623 ], [ 125.185003647, 10.585377739 ], [ 125.185030631, 10.585374274 ], [ 125.185086946, 10.585362152 ], [ 125.1850934, 10.585363304 ], [ 125.185092814, 10.585371377 ], [ 125.185084603, 10.585378875 ], [ 125.185084018, 10.585383489 ], [ 125.185084021, 10.585396175 ], [ 125.185091649, 10.585405977 ], [ 125.18509869, 10.585410588 ], [ 125.185107489, 10.585411739 ], [ 125.185113942, 10.585410008 ], [ 125.18512098, 10.585401357 ], [ 125.185125672, 10.585398473 ], [ 125.185139165, 10.58539674 ], [ 125.185143271, 10.585397316 ], [ 125.185147378, 10.585400198 ], [ 125.185147379, 10.585404235 ], [ 125.18513389, 10.585417501 ], [ 125.185128612, 10.585427882 ], [ 125.185115709, 10.585441724 ], [ 125.185113951, 10.585450951 ], [ 125.185116299, 10.585455564 ], [ 125.185119819, 10.585456715 ], [ 125.185124511, 10.585452679 ], [ 125.185139762, 10.585445756 ], [ 125.185151494, 10.585443447 ], [ 125.185163227, 10.585438831 ], [ 125.185169092, 10.58543364 ], [ 125.185177304, 10.585431908 ], [ 125.185186689, 10.585426139 ], [ 125.185203114, 10.585420946 ], [ 125.18521778, 10.585419789 ], [ 125.185221885, 10.585415175 ], [ 125.185236555, 10.585429012 ], [ 125.18524066, 10.585427858 ], [ 125.185244766, 10.585423244 ], [ 125.185248873, 10.585421513 ], [ 125.18524711, 10.585412863 ], [ 125.185238895, 10.585404215 ], [ 125.185237721, 10.585399025 ], [ 125.185238893, 10.585394412 ], [ 125.185242413, 10.585392681 ], [ 125.185251212, 10.585391526 ], [ 125.185254733, 10.585393255 ], [ 125.18525884, 10.585399021 ], [ 125.185260601, 10.585406517 ], [ 125.185267642, 10.585412282 ], [ 125.185275269, 10.585412857 ], [ 125.185279375, 10.585409973 ], [ 125.185284653, 10.585404782 ], [ 125.185287585, 10.585397861 ], [ 125.18528817, 10.585388058 ], [ 125.185302247, 10.585380559 ], [ 125.18530166, 10.585375945 ], [ 125.185296378, 10.585367297 ], [ 125.185286987, 10.585344809 ], [ 125.185284133, 10.585331539 ], [ 125.185295506, 10.585326878 ], [ 125.185309366, 10.585335677 ], [ 125.185310609, 10.585342408 ], [ 125.185312931, 10.585344624 ], [ 125.185318633, 10.585343418 ], [ 125.185354225, 10.58534376 ], [ 125.185358916, 10.585345601 ], [ 125.185371113, 10.585345592 ], [ 125.185381428, 10.585340051 ], [ 125.185384237, 10.585331749 ], [ 125.185384231, 10.585324371 ], [ 125.185406265, 10.585311799 ], [ 125.185448523, 10.585306697 ], [ 125.185462167, 10.585300879 ], [ 125.185486089, 10.585293789 ], [ 125.185492953, 10.585293691 ], [ 125.185504491, 10.585300274 ], [ 125.185527336, 10.585297698 ], [ 125.18553425, 10.585300973 ], [ 125.185536604, 10.585305438 ], [ 125.18553672, 10.585313309 ], [ 125.185552968, 10.585328823 ], [ 125.185558704, 10.585329865 ], [ 125.185562086, 10.585326443 ], [ 125.185568966, 10.585327469 ], [ 125.18558508, 10.585333987 ], [ 125.185593038, 10.5853305 ], [ 125.185596403, 10.585325953 ], [ 125.185595043, 10.585311351 ], [ 125.185597265, 10.585306821 ], [ 125.185604298, 10.585303405 ], [ 125.185610207, 10.585304855 ], [ 125.185612251, 10.58531448 ], [ 125.185632064, 10.585338939 ], [ 125.185660166, 10.5853824 ], [ 125.185699841, 10.585434693 ], [ 125.185750176, 10.585511577 ], [ 125.185758267, 10.585517085 ], [ 125.185783484, 10.585520098 ], [ 125.185792618, 10.585518843 ], [ 125.185792534, 10.585513221 ], [ 125.18578902, 10.585507648 ], [ 125.185756491, 10.585474372 ], [ 125.185761026, 10.585430581 ], [ 125.185754638, 10.58541646 ], [ 125.185906451, 10.585292905 ], [ 125.185913264, 10.585289433 ], [ 125.185920193, 10.585293833 ], [ 125.185936241, 10.585295853 ], [ 125.185954494, 10.585292218 ], [ 125.185961291, 10.585287623 ], [ 125.185967838, 10.58526616 ], [ 125.185974536, 10.585254818 ], [ 125.185970936, 10.585236895 ], [ 125.186261229, 10.584989796 ], [ 125.186260052, 10.584987563 ], [ 125.186493946, 10.584788527 ], [ 125.186499566, 10.584781698 ], [ 125.186506379, 10.584778227 ], [ 125.186512099, 10.584778145 ], [ 125.186525942, 10.58478582 ], [ 125.186531679, 10.584786863 ], [ 125.186542553, 10.584777966 ], [ 125.186541724, 10.584769849 ], [ 125.186549582, 10.584759615 ], [ 125.186556463, 10.584760641 ], [ 125.186564552, 10.584766149 ], [ 125.18657256, 10.584766034 ], [ 125.186580484, 10.584760298 ], [ 125.186586237, 10.584762465 ], [ 125.186594361, 10.584770221 ], [ 125.186605166, 10.584775737 ], [ 125.186614968, 10.584771052 ], [ 125.186618283, 10.584763131 ], [ 125.186628512, 10.584758486 ], [ 125.18665149, 10.584764906 ], [ 125.186660641, 10.584764775 ], [ 125.186671088, 10.584770822 ], [ 125.186679768, 10.584769359 ], [ 125.18668998, 10.58476359 ], [ 125.186690474, 10.584759382 ], [ 125.186695458, 10.584750124 ], [ 125.186694751, 10.584738445 ], [ 125.186696007, 10.584728342 ], [ 125.1867077, 10.584723973 ], [ 125.186744222, 10.584717828 ], [ 125.186763031, 10.584701644 ], [ 125.186815099, 10.584680396 ], [ 125.186830609, 10.584675492 ], [ 125.186855435, 10.584676585 ], [ 125.186863437, 10.584670683 ], [ 125.186879437, 10.58465298 ], [ 125.186893439, 10.584641177 ], [ 125.186903438, 10.584625442 ], [ 125.186905435, 10.584607742 ], [ 125.187028677, 10.584456211 ], [ 125.187038756, 10.584441446 ], [ 125.187082686, 10.584394706 ], [ 125.187089367, 10.584382239 ], [ 125.187107337, 10.584359488 ], [ 125.18711993, 10.584340396 ], [ 125.187139078, 10.584319878 ], [ 125.187160411, 10.584292581 ], [ 125.187233717, 10.584220678 ], [ 125.187240564, 10.584219456 ], [ 125.187268411, 10.584220738 ], [ 125.187277491, 10.584214784 ], [ 125.187289599, 10.584211806 ], [ 125.187298678, 10.5841999 ], [ 125.18730473, 10.584187996 ], [ 125.187304727, 10.584176093 ], [ 125.187313797, 10.584131454 ], [ 125.187325905, 10.5841255 ], [ 125.187344064, 10.584107641 ], [ 125.187353058, 10.584089634 ], [ 125.187361065, 10.58408952 ], [ 125.187371427, 10.58409387 ], [ 125.187379434, 10.584093756 ], [ 125.187408943, 10.584077589 ], [ 125.187473314, 10.584020434 ], [ 125.187501972, 10.584003329 ], [ 125.1875155, 10.583989639 ], [ 125.187565382, 10.58395856 ], [ 125.18757556, 10.583950541 ], [ 125.187606229, 10.583935482 ], [ 125.187617552, 10.583927448 ], [ 125.187618663, 10.583925182 ], [ 125.18762095, 10.58392515 ], [ 125.187625576, 10.583928458 ], [ 125.187629091, 10.583934031 ], [ 125.187616708, 10.583947704 ], [ 125.187619095, 10.583954418 ], [ 125.187626025, 10.583958817 ], [ 125.187638658, 10.583962011 ], [ 125.187645621, 10.583968659 ], [ 125.187658171, 10.583966231 ], [ 125.187672876, 10.583954774 ], [ 125.187693033, 10.583925244 ], [ 125.187691806, 10.583919638 ], [ 125.187693794, 10.583899365 ], [ 125.187702529, 10.583871124 ], [ 125.187701302, 10.583865518 ], [ 125.187706872, 10.583855316 ], [ 125.187717084, 10.583849547 ], [ 125.18772176, 10.583856228 ], [ 125.187719671, 10.583869754 ], [ 125.187716356, 10.583877674 ], [ 125.187717567, 10.583882155 ], [ 125.187723303, 10.583883198 ], [ 125.187732387, 10.583878569 ], [ 125.187742699, 10.583879547 ], [ 125.187747175, 10.583872735 ], [ 125.187754005, 10.583870388 ], [ 125.18776435, 10.583873614 ], [ 125.187774745, 10.583880213 ], [ 125.18778494, 10.583873319 ], [ 125.187787045, 10.583860918 ], [ 125.187798335, 10.583850634 ], [ 125.187806192, 10.5838404 ], [ 125.187867177, 10.583795715 ], [ 125.187867471, 10.583787571 ], [ 125.187863918, 10.583778846 ], [ 125.187864805, 10.583774192 ], [ 125.187868059, 10.58377012 ], [ 125.187878118, 10.58376779 ], [ 125.18788566, 10.58378008 ], [ 125.187895989, 10.583782182 ], [ 125.18793397, 10.583797384 ], [ 125.18794773, 10.583799437 ], [ 125.187958009, 10.583798165 ], [ 125.187963695, 10.583795835 ], [ 125.187972746, 10.583788957 ], [ 125.187977189, 10.583779896 ], [ 125.187978166, 10.583768636 ], [ 125.187984814, 10.58375392 ], [ 125.187985874, 10.583748281 ], [ 125.187986819, 10.583734772 ], [ 125.18798322, 10.583723576 ], [ 125.187984198, 10.583712315 ], [ 125.188006693, 10.583686126 ], [ 125.188014651, 10.583682639 ], [ 125.188022658, 10.583682524 ], [ 125.188035424, 10.583694713 ], [ 125.188042237, 10.583691242 ], [ 125.188044442, 10.583685587 ], [ 125.188042021, 10.583676623 ], [ 125.188041905, 10.583668753 ], [ 125.188060124, 10.583662869 ], [ 125.188070236, 10.583650353 ], [ 125.188079999, 10.583614224 ], [ 125.188071775, 10.58359972 ], [ 125.188075885, 10.583568171 ], [ 125.188086991, 10.583545518 ], [ 125.188091334, 10.583529711 ], [ 125.188098131, 10.583525115 ], [ 125.18811068, 10.583522686 ], [ 125.188114062, 10.583519264 ], [ 125.18812187, 10.583505656 ], [ 125.188124058, 10.583498877 ], [ 125.188128567, 10.583494314 ], [ 125.188135181, 10.583477349 ], [ 125.188144848, 10.583471836 ], [ 125.188148365, 10.583454975 ], [ 125.188154775, 10.58344417 ], [ 125.188163014, 10.583434265 ], [ 125.18818133, 10.583426158 ], [ 125.188184994, 10.583420755 ], [ 125.188186819, 10.583395546 ], [ 125.188193228, 10.583384741 ], [ 125.188209711, 10.583372133 ], [ 125.188242679, 10.583354119 ], [ 125.188249088, 10.583345115 ], [ 125.188261905, 10.583320803 ], [ 125.188278382, 10.583282086 ], [ 125.188280887, 10.583260504 ], [ 125.188279055, 10.583256004 ], [ 125.188279968, 10.583246101 ], [ 125.188296447, 10.583216386 ], [ 125.188311097, 10.583196576 ], [ 125.18831659, 10.58318127 ], [ 125.188318417, 10.583166863 ], [ 125.188326657, 10.583149756 ], [ 125.18833673, 10.583142552 ], [ 125.188352299, 10.583139847 ], [ 125.188383442, 10.583144342 ], [ 125.188397178, 10.583141637 ], [ 125.188406336, 10.583137134 ], [ 125.188427398, 10.583120924 ], [ 125.188441692, 10.583100952 ], [ 125.188453592, 10.583075741 ], [ 125.188468241, 10.58305503 ], [ 125.188481974, 10.583031619 ], [ 125.188486552, 10.583019914 ], [ 125.188491123, 10.582985701 ], [ 125.188494785, 10.582978497 ], [ 125.188507603, 10.582961388 ], [ 125.188517674, 10.58294248 ], [ 125.188527745, 10.582928973 ], [ 125.188532324, 10.582926271 ], [ 125.188553391, 10.582929867 ], [ 125.188585446, 10.582926259 ], [ 125.188598266, 10.582915452 ], [ 125.188606506, 10.582903746 ], [ 125.188610167, 10.582892041 ], [ 125.188617492, 10.582883036 ], [ 125.18863947, 10.582866826 ], [ 125.188662362, 10.582844313 ], [ 125.188669686, 10.582830807 ], [ 125.188674263, 10.582817301 ], [ 125.188679748, 10.582773184 ], [ 125.188685241, 10.582760579 ], [ 125.188704466, 10.582729063 ], [ 125.188712709, 10.582721859 ], [ 125.188756669, 10.582714647 ], [ 125.188773154, 10.582708341 ], [ 125.188800566, 10.582685656 ], [ 125.188829186, 10.58266555 ], [ 125.188857802, 10.582629366 ], [ 125.188861888, 10.582617306 ], [ 125.188878237, 10.582585144 ], [ 125.188882322, 10.582569064 ], [ 125.188890496, 10.582548963 ], [ 125.188898672, 10.582540922 ], [ 125.188910936, 10.58252484 ], [ 125.188935465, 10.582500716 ], [ 125.188955904, 10.582472573 ], [ 125.188964079, 10.582456492 ], [ 125.188968164, 10.582440412 ], [ 125.188976339, 10.582424331 ], [ 125.188980424, 10.582408252 ], [ 125.188980414, 10.582368055 ], [ 125.188984499, 10.582351975 ], [ 125.188992673, 10.582335894 ], [ 125.189009028, 10.582327851 ], [ 125.189029474, 10.582327846 ], [ 125.189045828, 10.582315782 ], [ 125.189066266, 10.5822796 ], [ 125.189074439, 10.5822595 ], [ 125.189074422, 10.582191165 ], [ 125.189078507, 10.582175085 ], [ 125.189086681, 10.582159004 ], [ 125.189086677, 10.582142925 ], [ 125.189107089, 10.582077775 ], [ 125.189112667, 10.582071955 ], [ 125.189120691, 10.582072965 ], [ 125.189153128, 10.582086646 ], [ 125.189213131, 10.581865015 ], [ 125.189216779, 10.581847062 ], [ 125.18921677, 10.581814749 ], [ 125.189224066, 10.581778844 ], [ 125.18924231, 10.581707032 ], [ 125.189256913, 10.581678306 ], [ 125.18926421, 10.581649581 ], [ 125.189300717, 10.581577766 ], [ 125.189304366, 10.581563403 ], [ 125.189315318, 10.581545449 ], [ 125.189318967, 10.581531087 ], [ 125.189326268, 10.581516723 ], [ 125.189337218, 10.581480817 ], [ 125.189348169, 10.581459272 ], [ 125.189388549, 10.581334095 ], [ 125.189405638, 10.581293952 ], [ 125.189406947, 10.581283595 ], [ 125.189415483, 10.581253168 ], [ 125.189431261, 10.581220146 ], [ 125.189437839, 10.581211727 ], [ 125.18944837, 10.581207188 ], [ 125.189456926, 10.581201356 ], [ 125.189468108, 10.581185813 ], [ 125.18947402, 10.581167686 ], [ 125.189476639, 10.581147619 ], [ 125.189499552, 10.581084816 ], [ 125.189567103, 10.580936223 ], [ 125.189576731, 10.580895952 ], [ 125.189588773, 10.580867524 ], [ 125.189595999, 10.580858047 ], [ 125.189595997, 10.580848573 ], [ 125.189598404, 10.580839097 ], [ 125.189603221, 10.580829621 ], [ 125.189603213, 10.580798827 ], [ 125.18960562, 10.580786983 ], [ 125.189605615, 10.580768033 ], [ 125.189612839, 10.580746713 ], [ 125.189620066, 10.580739605 ], [ 125.189639336, 10.580708807 ], [ 125.189648968, 10.58068038 ], [ 125.189648965, 10.580670905 ], [ 125.189651372, 10.580661429 ], [ 125.189646548, 10.58064248 ], [ 125.189646546, 10.580633005 ], [ 125.189653774, 10.580625896 ], [ 125.189663412, 10.580621158 ], [ 125.189673049, 10.580618787 ], [ 125.189677866, 10.580611679 ], [ 125.189686167, 10.580590395 ], [ 125.189683998, 10.580571728 ], [ 125.189684839, 10.580558455 ], [ 125.189692611, 10.580522643 ], [ 125.189709508, 10.580472419 ], [ 125.189713084, 10.580433606 ], [ 125.189720946, 10.580403912 ], [ 125.189726371, 10.580349772 ], [ 125.189725092, 10.58033347 ], [ 125.189725994, 10.580324276 ], [ 125.189734878, 10.580293548 ], [ 125.189742004, 10.580284266 ], [ 125.189750063, 10.58026783 ], [ 125.189763083, 10.580236021 ], [ 125.18976705, 10.580223725 ], [ 125.189769846, 10.580202264 ], [ 125.189772822, 10.580193041 ], [ 125.189792157, 10.580167263 ], [ 125.189823443, 10.580107653 ], [ 125.189832463, 10.580086103 ], [ 125.18984727, 10.580034889 ], [ 125.189865235, 10.57998669 ], [ 125.189874029, 10.579949842 ], [ 125.189883452, 10.579937092 ], [ 125.189896743, 10.579923641 ], [ 125.189906755, 10.579899017 ], [ 125.189918888, 10.579877422 ], [ 125.189928915, 10.579853818 ], [ 125.189940086, 10.579837337 ], [ 125.18995727, 10.57980649 ], [ 125.189961148, 10.579788074 ], [ 125.189961199, 10.579772993 ], [ 125.189966869, 10.579759314 ], [ 125.189979756, 10.579739049 ], [ 125.18997821, 10.579734488 ], [ 125.189979241, 10.579721316 ], [ 125.189993674, 10.579702571 ], [ 125.190008622, 10.579673187 ], [ 125.190030635, 10.579645293 ], [ 125.190039761, 10.579630882 ], [ 125.190045735, 10.579603272 ], [ 125.190052952, 10.579587059 ], [ 125.190066857, 10.579565101 ], [ 125.190101392, 10.579520012 ], [ 125.190111702, 10.579486067 ], [ 125.190121501, 10.579474666 ], [ 125.190123558, 10.579458202 ], [ 125.1901298, 10.579444543 ], [ 125.190171669, 10.579428332 ], [ 125.190191971, 10.57938593 ], [ 125.19020466, 10.579347268 ], [ 125.190217349, 10.579327314 ], [ 125.190237651, 10.579283665 ], [ 125.190250311, 10.579260615 ], [ 125.190253863, 10.579246914 ], [ 125.190304329, 10.579139504 ], [ 125.190333134, 10.579094985 ], [ 125.190345479, 10.579078795 ], [ 125.190353708, 10.579062607 ], [ 125.190386628, 10.57901404 ], [ 125.190398973, 10.57899785 ], [ 125.19041132, 10.578985708 ], [ 125.190415432, 10.57896952 ], [ 125.190423662, 10.578953332 ], [ 125.190427774, 10.578937145 ], [ 125.190436003, 10.578920956 ], [ 125.190448348, 10.578904767 ], [ 125.190456577, 10.578888578 ], [ 125.190493613, 10.57884001 ], [ 125.190518306, 10.578815725 ], [ 125.190530652, 10.578799535 ], [ 125.190555345, 10.57877525 ], [ 125.19056769, 10.57875906 ], [ 125.190580037, 10.578746918 ], [ 125.1905965, 10.578734774 ], [ 125.190612964, 10.578726676 ], [ 125.190629427, 10.578714533 ], [ 125.190645891, 10.578706435 ], [ 125.190662354, 10.578694292 ], [ 125.190678818, 10.578686194 ], [ 125.190682934, 10.578686193 ], [ 125.191161988, 10.578451999 ], [ 125.191168602, 10.578440729 ], [ 125.191173316, 10.578440728 ], [ 125.191177088, 10.57844258 ], [ 125.191194061, 10.57845555 ], [ 125.191205374, 10.578458328 ], [ 125.191222344, 10.578458323 ], [ 125.191241197, 10.578447198 ], [ 125.191257222, 10.578441633 ], [ 125.191272306, 10.578441628 ], [ 125.191288334, 10.578445332 ], [ 125.191305304, 10.578446255 ], [ 125.191322272, 10.57844069 ], [ 125.191335471, 10.578440687 ], [ 125.191346784, 10.578441611 ], [ 125.191363756, 10.578448094 ], [ 125.191372241, 10.578449018 ], [ 125.191394867, 10.578449012 ], [ 125.191402408, 10.578444377 ], [ 125.191408063, 10.578437888 ], [ 125.191409002, 10.578424914 ], [ 125.191411829, 10.578417499 ], [ 125.191442933, 10.578390616 ], [ 125.191442931, 10.578382275 ], [ 125.191434442, 10.578369303 ], [ 125.191423128, 10.578364672 ], [ 125.1914137, 10.578364675 ], [ 125.191398618, 10.578373019 ], [ 125.191391078, 10.578374874 ], [ 125.191358081, 10.578374883 ], [ 125.191350537, 10.578369324 ], [ 125.191346764, 10.578361911 ], [ 125.191343932, 10.578348938 ], [ 125.191345813, 10.578333182 ], [ 125.191357123, 10.578318352 ], [ 125.191361835, 10.578314644 ], [ 125.191396387, 10.578303381 ], [ 125.191403555, 10.578293981 ], [ 125.191417892, 10.57827988 ], [ 125.191444179, 10.578261077 ], [ 125.191460906, 10.578246975 ], [ 125.191468074, 10.578237575 ], [ 125.191477634, 10.578232874 ], [ 125.191484801, 10.578221124 ], [ 125.19149197, 10.578214074 ], [ 125.191500787, 10.578195988 ], [ 125.191504127, 10.578181745 ], [ 125.191504123, 10.578164217 ], [ 125.191506349, 10.578153261 ], [ 125.191511919, 10.578144495 ], [ 125.191520834, 10.57813792 ], [ 125.191521944, 10.578122582 ], [ 125.191514135, 10.578087527 ], [ 125.191514129, 10.578065616 ], [ 125.191521924, 10.578039322 ], [ 125.191523034, 10.578018506 ], [ 125.191521917, 10.578008647 ], [ 125.191523031, 10.578008646 ], [ 125.191511867, 10.577927579 ], [ 125.191502943, 10.577890333 ], [ 125.19150071, 10.577873901 ], [ 125.191500696, 10.577818029 ], [ 125.191508582, 10.577758258 ], [ 125.191506189, 10.577748861 ], [ 125.1915252, 10.577495064 ], [ 125.191510545, 10.57744434 ], [ 125.19150626, 10.577422854 ], [ 125.191505958, 10.577401314 ], [ 125.191509177, 10.577346432 ], [ 125.191514906, 10.577328728 ], [ 125.191530431, 10.57729914 ], [ 125.191530267, 10.577287391 ], [ 125.191522025, 10.577267917 ], [ 125.191509919, 10.577257081 ], [ 125.191499905, 10.577253299 ], [ 125.19147993, 10.577249652 ], [ 125.191467841, 10.577240022 ], [ 125.191451768, 10.577230447 ], [ 125.1914295, 10.577205287 ], [ 125.19142527, 10.577187717 ], [ 125.191430808, 10.577156306 ], [ 125.191424613, 10.57714072 ], [ 125.191393368, 10.577121067 ], [ 125.191374504, 10.577116229 ], [ 125.191366379, 10.577108213 ], [ 125.191362231, 10.577096518 ], [ 125.191361985, 10.577078895 ], [ 125.191355872, 10.577069185 ], [ 125.191317558, 10.577036407 ], [ 125.191301294, 10.577013124 ], [ 125.191283174, 10.57699966 ], [ 125.191269121, 10.576992015 ], [ 125.191253103, 10.576986356 ], [ 125.191214981, 10.576967286 ], [ 125.191202865, 10.576955698 ], [ 125.191182561, 10.576928553 ], [ 125.19116616, 10.57689548 ], [ 125.191155981, 10.576879949 ], [ 125.191137861, 10.576866484 ], [ 125.191119824, 10.576858894 ], [ 125.191099822, 10.576853288 ], [ 125.191077774, 10.576843793 ], [ 125.191051631, 10.57682652 ], [ 125.190999483, 10.576801763 ], [ 125.190987421, 10.576794092 ], [ 125.190962772, 10.576784454 ], [ 125.190953393, 10.5767828 ], [ 125.190925094, 10.576753805 ], [ 125.190918872, 10.576736262 ], [ 125.19091445, 10.576704985 ], [ 125.190904244, 10.576687496 ], [ 125.19088416, 10.576676016 ], [ 125.190862138, 10.57666848 ], [ 125.190846175, 10.576666737 ], [ 125.190822298, 10.576669018 ], [ 125.190806198, 10.576657484 ], [ 125.190785867, 10.576628381 ], [ 125.190779727, 10.576616712 ], [ 125.190777625, 10.576608905 ], [ 125.190765372, 10.576587528 ], [ 125.190742208, 10.576579177 ], [ 125.190725931, 10.576586529 ], [ 125.190705749, 10.576562439 ], [ 125.190683431, 10.576544815 ], [ 125.19058378, 10.576450759 ], [ 125.190566246, 10.576427306 ], [ 125.190568055, 10.576413641 ], [ 125.190571896, 10.576403847 ], [ 125.190573655, 10.576386285 ], [ 125.190561487, 10.576364996 ], [ 125.190527315, 10.576328384 ], [ 125.190477408, 10.576301711 ], [ 125.190455527, 10.576296134 ], [ 125.190403934, 10.576292871 ], [ 125.190370209, 10.576291336 ], [ 125.190340547, 10.576297548 ], [ 125.1903149, 10.576307609 ], [ 125.190285213, 10.576311872 ], [ 125.190247548, 10.576312336 ], [ 125.190187827, 10.57629358 ], [ 125.190165971, 10.576289951 ], [ 125.190140175, 10.576288319 ], [ 125.190110365, 10.576282839 ], [ 125.190103116, 10.57628703 ], [ 125.190099023, 10.576298295 ], [ 125.190045119, 10.576297284 ], [ 125.189743449, 10.576281225 ], [ 125.189617259, 10.576278559 ], [ 125.189565138, 10.576278572 ], [ 125.189554165, 10.576281271 ], [ 125.189545936, 10.576281273 ], [ 125.189532221, 10.57628667 ], [ 125.189523991, 10.576286672 ], [ 125.189496561, 10.576297465 ], [ 125.189419751, 10.576297484 ], [ 125.189408779, 10.57630288 ], [ 125.189395064, 10.57630558 ], [ 125.189381349, 10.576310977 ], [ 125.189359407, 10.576321769 ], [ 125.189351176, 10.576321771 ], [ 125.189323746, 10.576329867 ], [ 125.189282597, 10.576329877 ], [ 125.189246932, 10.5763191 ], [ 125.189060392, 10.576319145 ], [ 125.189027474, 10.576324546 ], [ 125.189011015, 10.57632455 ], [ 125.189000043, 10.576329946 ], [ 125.188975354, 10.576329952 ], [ 125.188961638, 10.576332652 ], [ 125.188945178, 10.576332656 ], [ 125.188931464, 10.576338053 ], [ 125.188904031, 10.57633806 ], [ 125.188839302, 10.576321896 ], [ 125.188809128, 10.576321903 ], [ 125.188781693, 10.576316517 ], [ 125.188737801, 10.576316527 ], [ 125.188715857, 10.576321926 ], [ 125.188704884, 10.576321929 ], [ 125.18869391, 10.576319235 ], [ 125.188471699, 10.576286929 ], [ 125.188275702, 10.576229389 ], [ 125.188247825, 10.576219986 ], [ 125.188215212, 10.576206254 ], [ 125.188195151, 10.576202972 ], [ 125.188190692, 10.576199686 ], [ 125.18818512, 10.576198592 ], [ 125.188177317, 10.57619202 ], [ 125.188176202, 10.576188734 ], [ 125.188181771, 10.576174491 ], [ 125.188183997, 10.576161343 ], [ 125.188182881, 10.576155867 ], [ 125.188175079, 10.5761482 ], [ 125.188169505, 10.57614601 ], [ 125.188157246, 10.576143821 ], [ 125.188139414, 10.576143825 ], [ 125.188113783, 10.576149309 ], [ 125.188065861, 10.576150415 ], [ 125.1880458, 10.576149323 ], [ 125.188019052, 10.576143852 ], [ 125.187995646, 10.576135093 ], [ 125.187964438, 10.576119762 ], [ 125.187948834, 10.576116479 ], [ 125.187861907, 10.576121976 ], [ 125.187844076, 10.576120884 ], [ 125.187830701, 10.576116505 ], [ 125.1878229, 10.576112124 ], [ 125.18781621, 10.576104457 ], [ 125.187807289, 10.576078166 ], [ 125.187796139, 10.576056258 ], [ 125.187787218, 10.576032158 ], [ 125.187780529, 10.5760223 ], [ 125.18777384, 10.576014633 ], [ 125.187761579, 10.57600587 ], [ 125.187723685, 10.575991637 ], [ 125.187689135, 10.575990549 ], [ 125.187663504, 10.575996033 ], [ 125.187655703, 10.575999321 ], [ 125.187642332, 10.576008088 ], [ 125.187630075, 10.576019046 ], [ 125.187604447, 10.576037676 ], [ 125.18758773, 10.57603768 ], [ 125.187565439, 10.576030015 ], [ 125.187547607, 10.57603002 ], [ 125.187538691, 10.57602783 ], [ 125.187523086, 10.576017974 ], [ 125.187503021, 10.575996068 ], [ 125.187500789, 10.575984017 ], [ 125.187498559, 10.575979636 ], [ 125.187469575, 10.575946776 ], [ 125.187438576, 10.575935631 ], [ 125.187396797, 10.575924449 ], [ 125.187357124, 10.575922989 ], [ 125.187293811, 10.575933512 ], [ 125.187244399, 10.575945814 ], [ 125.187218727, 10.575953926 ], [ 125.187202893, 10.575956069 ], [ 125.187185051, 10.575956288 ], [ 125.187139578, 10.575950794 ], [ 125.18712696, 10.575951622 ], [ 125.187102874, 10.575934579 ], [ 125.187086965, 10.575930877 ], [ 125.187063027, 10.575919477 ], [ 125.187040998, 10.575902206 ], [ 125.187029029, 10.575896506 ], [ 125.187021, 10.575888809 ], [ 125.187012946, 10.575879163 ], [ 125.187020105, 10.575844977 ], [ 125.187015893, 10.575818517 ], [ 125.18696626, 10.575793979 ], [ 125.186938457, 10.575790423 ], [ 125.186919871, 10.57579927 ], [ 125.186913186, 10.575805844 ], [ 125.186909846, 10.575821182 ], [ 125.186906503, 10.575825565 ], [ 125.186892019, 10.575840906 ], [ 125.186869733, 10.575855153 ], [ 125.186866389, 10.575855153 ], [ 125.186857473, 10.575850773 ], [ 125.186844097, 10.575840916 ], [ 125.186798276, 10.575836974 ], [ 125.186752036, 10.575786867 ], [ 125.186753845, 10.575773201 ], [ 125.186763559, 10.57575749 ], [ 125.186761353, 10.575739976 ], [ 125.186751119, 10.575714764 ], [ 125.186740985, 10.575697347 ], [ 125.186719029, 10.575685923 ], [ 125.18669519, 10.575682318 ], [ 125.186665479, 10.575684632 ], [ 125.186647588, 10.575680954 ], [ 125.186625633, 10.57566953 ], [ 125.186601921, 10.575649958 ], [ 125.186594831, 10.575640897 ], [ 125.186583148, 10.575636462 ], [ 125.186562078, 10.57562528 ], [ 125.186536413, 10.575618724 ], [ 125.186505902, 10.575596222 ], [ 125.186252279, 10.575426568 ], [ 125.186244853, 10.57542657 ], [ 125.186235573, 10.575430222 ], [ 125.186228147, 10.575428398 ], [ 125.186226289, 10.5754211 ], [ 125.186125599, 10.575322931 ], [ 125.186100792, 10.575302294 ], [ 125.186054995, 10.57525164 ], [ 125.186041638, 10.57524226 ], [ 125.186022555, 10.575210367 ], [ 125.186005382, 10.575187855 ], [ 125.185982483, 10.575167218 ], [ 125.185959584, 10.575150332 ], [ 125.185938593, 10.575137199 ], [ 125.185917602, 10.575112811 ], [ 125.185904245, 10.57509405 ], [ 125.185881346, 10.575069661 ], [ 125.185852722, 10.575052776 ], [ 125.185846998, 10.575045272 ], [ 125.185820282, 10.575028386 ], [ 125.185812649, 10.575020882 ], [ 125.185741374, 10.574976183 ], [ 125.185674559, 10.574921203 ], [ 125.185643083, 10.574906324 ], [ 125.185635288, 10.574894837 ], [ 125.185608013, 10.574875695 ], [ 125.185596323, 10.574864209 ], [ 125.185588528, 10.574848892 ], [ 125.185561251, 10.574822091 ], [ 125.185549559, 10.574802946 ], [ 125.185537868, 10.57478763 ], [ 125.185510591, 10.574760829 ], [ 125.185502795, 10.574745512 ], [ 125.185463824, 10.574691907 ], [ 125.185452136, 10.57468425 ], [ 125.185360917, 10.574566759 ], [ 125.185317766, 10.574479433 ], [ 125.185315804, 10.574445899 ], [ 125.185307748, 10.574421589 ], [ 125.185305991, 10.574404831 ], [ 125.185294796, 10.574377507 ], [ 125.185284534, 10.574299836 ], [ 125.185276534, 10.574280102 ], [ 125.185273263, 10.574266412 ], [ 125.185254433, 10.574220861 ], [ 125.18525047, 10.57421843 ], [ 125.185244421, 10.5742196 ], [ 125.185231951, 10.574216879 ], [ 125.185225716, 10.574210752 ], [ 125.185222249, 10.574198496 ], [ 125.185222246, 10.574182834 ], [ 125.185213236, 10.574161046 ], [ 125.185204228, 10.574149472 ], [ 125.185193143, 10.57413926 ], [ 125.185134986, 10.574109402 ], [ 125.185124944, 10.574099533 ], [ 125.185111555, 10.574089667 ], [ 125.185094816, 10.574066641 ], [ 125.185081422, 10.574037034 ], [ 125.185071379, 10.574027166 ], [ 125.185061338, 10.574020588 ], [ 125.185044603, 10.574017302 ], [ 125.18502787, 10.574017305 ], [ 125.185011134, 10.574014019 ], [ 125.185001091, 10.574000861 ], [ 125.184997742, 10.573987702 ], [ 125.184997738, 10.573971253 ], [ 125.184994388, 10.573954803 ], [ 125.184994381, 10.573925194 ], [ 125.184991032, 10.573912035 ], [ 125.184984334, 10.573895586 ], [ 125.184980983, 10.573875847 ], [ 125.184964244, 10.573852821 ], [ 125.184950855, 10.573842954 ], [ 125.184940812, 10.573833087 ], [ 125.184914037, 10.573826512 ], [ 125.184893955, 10.573823227 ], [ 125.184861885, 10.573828453 ], [ 125.184879767, 10.573794669 ], [ 125.18485308, 10.57376146 ], [ 125.184781436, 10.57376668 ], [ 125.184322128, 10.574009339 ], [ 125.183691071, 10.574412839 ], [ 125.183097839, 10.574382781 ], [ 125.182902826, 10.574386399 ], [ 125.18252978, 10.574735754 ], [ 125.182279974, 10.57481179 ], [ 125.182079183, 10.574738872 ], [ 125.181451199, 10.575006882 ], [ 125.181427002, 10.574293136 ], [ 125.181741217, 10.573246198 ], [ 125.181681922, 10.572698233 ], [ 125.181489928, 10.572195056 ], [ 125.181056251, 10.572000639 ], [ 125.18068939, 10.57184963 ], [ 125.18044281, 10.571730613 ], [ 125.18019867, 10.571695327 ], [ 125.180000305, 10.571615219 ], [ 125.1796875, 10.571689605 ], [ 125.179245509, 10.571442843 ], [ 125.178911205, 10.571192899 ], [ 125.17819625, 10.570408174 ], [ 125.177797144, 10.570399961 ], [ 125.177497254, 10.570314291 ], [ 125.177008084, 10.570109283 ], [ 125.175355274, 10.569939718 ], [ 125.174447456, 10.570099521 ], [ 125.174071523, 10.570233722 ], [ 125.173627848, 10.570192909 ], [ 125.173301697, 10.570720673 ], [ 125.173004151, 10.571220397 ], [ 125.172576904, 10.57152462 ], [ 125.172080994, 10.571887016 ], [ 125.17154871, 10.572450093 ], [ 125.171273224, 10.572682308 ], [ 125.17076381, 10.57275162 ], [ 125.170443831, 10.572962206 ], [ 125.168524634, 10.572745085 ], [ 125.167747373, 10.572752659 ], [ 125.166672404, 10.5725933 ], [ 125.166412354, 10.573097228 ], [ 125.166168213, 10.573310852 ], [ 125.165863037, 10.573468208 ], [ 125.165611268, 10.573562622 ], [ 125.165443421, 10.573639869 ], [ 125.165176391, 10.573702812 ], [ 125.164733887, 10.574090958 ], [ 125.164535523, 10.574238777 ], [ 125.16431427, 10.574346542 ], [ 125.163993835, 10.574480057 ], [ 125.163696289, 10.574668884 ], [ 125.163095495, 10.574674276 ], [ 125.162343024, 10.574860402 ], [ 125.161923353, 10.575082632 ], [ 125.161328403, 10.575602188 ], [ 125.160699353, 10.576001334 ], [ 125.160080312, 10.576246863 ], [ 125.159427096, 10.576361013 ], [ 125.15736816, 10.576772683 ], [ 125.156915036, 10.576967717 ], [ 125.156600449, 10.577159061 ], [ 125.156266576, 10.577168199 ], [ 125.156006128, 10.577175464 ], [ 125.155696258, 10.577248872 ], [ 125.155391702, 10.577289341 ], [ 125.154799636, 10.577430483 ], [ 125.153554346, 10.577685764 ], [ 125.152458923, 10.57797292 ], [ 125.1517566, 10.57819981 ], [ 125.15158607, 10.578384683 ], [ 125.151382446, 10.578534126 ], [ 125.150985718, 10.578534126 ], [ 125.15058136, 10.578464507 ], [ 125.150184632, 10.57839489 ], [ 125.149520874, 10.578058242 ], [ 125.148834229, 10.577939034 ], [ 125.148269653, 10.577701568 ], [ 125.147926331, 10.577225685 ], [ 125.147468567, 10.57686901 ], [ 125.146781922, 10.576631546 ], [ 125.146324158, 10.576274871 ], [ 125.145645142, 10.576274871 ], [ 125.145072937, 10.576155663 ], [ 125.144615173, 10.575798988 ], [ 125.14415741, 10.575442314 ], [ 125.143592835, 10.575324059 ], [ 125.143135071, 10.574967384 ], [ 125.142562867, 10.574848175 ], [ 125.141990661, 10.574728966 ], [ 125.141426087, 10.5744915 ], [ 125.140853882, 10.5744915 ], [ 125.140281677, 10.574372292 ], [ 125.139709472, 10.574372292 ], [ 125.139144898, 10.574134827 ], [ 125.138572692, 10.573897362 ], [ 125.138000488, 10.573897362 ], [ 125.137428284, 10.573897362 ], [ 125.136749268, 10.573778152 ], [ 125.136177063, 10.573658943 ], [ 125.135604859, 10.573540688 ], [ 125.135147095, 10.573184013 ], [ 125.134468079, 10.573302268 ], [ 125.134124756, 10.572827339 ], [ 125.133361816, 10.572674751 ], [ 125.111038208, 10.56894207 ], [ 125.116782358, 10.572903984 ], [ 125.143744538, 10.591694435 ], [ 125.150344233, 10.590723855 ], [ 125.154045105, 10.589025497 ], [ 125.155069278, 10.588008625 ], [ 125.156442606, 10.587886574 ], [ 125.157495154, 10.588365695 ], [ 125.158649053, 10.589283262 ], [ 125.159025905, 10.589645957 ], [ 125.15936454, 10.589936292 ], [ 125.159605797, 10.590054641 ], [ 125.159804119, 10.589981845 ], [ 125.160072499, 10.589962525 ], [ 125.160267023, 10.590008261 ], [ 125.160274812, 10.590019726 ], [ 125.160434444, 10.590214605 ], [ 125.160625271, 10.590505049 ], [ 125.161022582, 10.590819014 ], [ 125.161322233, 10.59099467 ], [ 125.161680173, 10.591093811 ], [ 125.16198362, 10.59114711 ], [ 125.162217113, 10.591276933 ], [ 125.162392687, 10.591591904 ], [ 125.162579692, 10.591966467 ], [ 125.162939451, 10.592300708 ], [ 125.163012653, 10.592563741 ], [ 125.163006853, 10.592922502 ], [ 125.1633477, 10.593179351 ], [ 125.163956235, 10.59348383 ], [ 125.164376145, 10.593716702 ], [ 125.164824389, 10.59420867 ], [ 125.164994986, 10.594555338 ], [ 125.165506356, 10.595057203 ], [ 125.167183517, 10.595863829 ], [ 125.168754514, 10.597136814 ], [ 125.169405604, 10.598110991 ], [ 125.169825021, 10.598841927 ], [ 125.170395208, 10.599188794 ], [ 125.170970889, 10.599289175 ], [ 125.171415413, 10.599294427 ], [ 125.171831574, 10.599462152 ], [ 125.172184831, 10.599366644 ], [ 125.172424047, 10.599192801 ], [ 125.172811567, 10.59918129 ], [ 125.173284753, 10.599388179 ], [ 125.173537885, 10.599545002 ], [ 125.173744491, 10.599704955 ], [ 125.174031073, 10.599958214 ], [ 125.17412479, 10.600126851 ], [ 125.173857791, 10.600398085 ], [ 125.173491233, 10.600578031 ], [ 125.173064691, 10.600771308 ], [ 125.172913, 10.600862 ], [ 125.173279, 10.600749 ] ] ] ] } },
{ "type": "Feature", "properties": { "gid": 12, "administrative_level": 4, "admin_level_name": "Barangay level 4", "shape0": "philippines", "shape1": "Eastern Visayas", "shape2": "Southern Leyte", "shape3": "Silago", "shape4": "Tubod", "serial_id": 12, "style_info": null, "view_zoom_rotate": null, "travel_via": null, "bearing_angle": null, "bearing_distance": null, "created_at": "2026-09-25T07:28:23.480Z", "modified_at": "2026-09-25T07:28:23.481Z", "geocoded_address": null, "properties": null }, "geometry": { "type": "MultiPolygon", "coordinates": [ [ [ [ 125.111038516, 10.568942025000069 ], [ 125.111038953000048, 10.568941960000073 ], [ 125.132369995000104, 10.565796852000062 ], [ 125.132179244000113, 10.565540020000071 ], [ 125.132057173000035, 10.565154735000023 ], [ 125.131996138000105, 10.564833347000047 ], [ 125.131813033000086, 10.564575855000044 ], [ 125.131446822000058, 10.564575855000042 ], [ 125.131072982000092, 10.564575855000042 ], [ 125.130767806000122, 10.564640705000043 ], [ 125.130455001000087, 10.56470460100007 ], [ 125.130149825000117, 10.564575855000042 ], [ 125.130393966000057, 10.564319317000068 ], [ 125.130706770000074, 10.564190571000038 ], [ 125.131011946000072, 10.564061825000067 ], [ 125.131256087000111, 10.563869182000074 ], [ 125.131553633000053, 10.563710872000057 ], [ 125.13156890900008, 10.563398361000052 ], [ 125.131774885000027, 10.563121502000056 ], [ 125.131993984000033, 10.562732706000078 ], [ 125.13210498300009, 10.562640707000071 ], [ 125.132453983000119, 10.562676707000035 ], [ 125.132722984000111, 10.562774707000075 ], [ 125.132859983000131, 10.562719707000044 ], [ 125.132951984000101, 10.562384707000033 ], [ 125.133031984000013, 10.56217170700006 ], [ 125.133012984000061, 10.561850706000026 ], [ 125.133039983000131, 10.561639706000049 ], [ 125.132835984000053, 10.561521706000063 ], [ 125.1327779840001, 10.561574706000041 ], [ 125.132633983000119, 10.561536706000027 ], [ 125.13258598400013, 10.561280706000046 ], [ 125.132284983000091, 10.561241706000033 ], [ 125.132044983000014, 10.561094706000063 ], [ 125.131905983000024, 10.560924707000027 ], [ 125.13243101400009, 10.560404485000046 ], [ 125.13271330200007, 10.560072605000073 ], [ 125.132583602000054, 10.559390729000027 ], [ 125.13298033, 10.559054082000046 ], [ 125.133476241000054, 10.558617298000057 ], [ 125.133956892000015, 10.558081334000065 ], [ 125.134315475000108, 10.55728692200006 ], [ 125.134315475000108, 10.556691830000034 ], [ 125.13404844500009, 10.556056683000067 ], [ 125.133857711, 10.555579845000064 ], [ 125.133918983000072, 10.555361706000042 ], [ 125.13446798300005, 10.555341706000036 ], [ 125.135253984000087, 10.555102706000071 ], [ 125.136199983000097, 10.554827706000028 ], [ 125.136878983000088, 10.554760707000069 ], [ 125.13735198300003, 10.554654706000065 ], [ 125.137809984000128, 10.554526707000036 ], [ 125.138297984000019, 10.554283706000035 ], [ 125.138479983000039, 10.554148706000035 ], [ 125.138679983000088, 10.55410870600002 ], [ 125.139088983000079, 10.554101707000028 ], [ 125.139318983000067, 10.554112706000069 ], [ 125.139638984000058, 10.55407670700003 ], [ 125.139914984000029, 10.554039707000072 ], [ 125.140156983000125, 10.55410570600003 ], [ 125.140084983000065, 10.554299706000053 ], [ 125.140011984, 10.554600706000027 ], [ 125.139976984000086, 10.554772706000048 ], [ 125.140141983000035, 10.554798707000034 ], [ 125.140411983000035, 10.554756706000035 ], [ 125.140636984000025, 10.554616706000047 ], [ 125.140876983000126, 10.554599706000031 ], [ 125.141234983000118, 10.554639706000046 ], [ 125.141349983000055, 10.554575706000037 ], [ 125.141532984000037, 10.554389707000039 ], [ 125.141670984000029, 10.554110706000076 ], [ 125.141541983000025, 10.55396170700004 ], [ 125.141409983000017, 10.553737706000046 ], [ 125.141305983000066, 10.553547706000073 ], [ 125.141345983000065, 10.55339570700005 ], [ 125.141569984000057, 10.553156706000037 ], [ 125.141607984000075, 10.553017706000048 ], [ 125.141661983000077, 10.552749707000032 ], [ 125.141832983000086, 10.552474706000053 ], [ 125.141887984000036, 10.552231707000033 ], [ 125.141888983000058, 10.55197270700006 ], [ 125.142052256000042, 10.551764082000028 ], [ 125.142207983000048, 10.551657707000063 ], [ 125.142404983, 10.551473706000024 ], [ 125.142385983000054, 10.551351707000036 ], [ 125.142549984000084, 10.550904707000027 ], [ 125.142695651000054, 10.55070933600007 ], [ 125.142768983000124, 10.550449707000041 ], [ 125.142653983000045, 10.550334707000044 ], [ 125.142530984000018, 10.550319707000025 ], [ 125.142361983000114, 10.550155707000044 ], [ 125.142180984000106, 10.549849707000023 ], [ 125.142096984000105, 10.549676707000062 ], [ 125.142158508000094, 10.549217223000028 ], [ 125.142326355000023, 10.549181938000061 ], [ 125.142631531000021, 10.549059867000041 ], [ 125.142776489000084, 10.548937797000066 ], [ 125.143280029000039, 10.548537254000051 ], [ 125.143783569000107, 10.548257828000033 ], [ 125.144050598000035, 10.548101425000024 ], [ 125.144554138000117, 10.54803180600004 ], [ 125.144889832000104, 10.548014640000074 ], [ 125.145408630000034, 10.547979354000063 ], [ 125.145659949000105, 10.547891430000048 ], [ 125.146080017000031, 10.54777050000007 ], [ 125.146247864000088, 10.54770088200007 ], [ 125.146568299000023, 10.547526360000063 ], [ 125.146820068, 10.547246933000052 ], [ 125.146903992000034, 10.547195434000056 ], [ 125.147224426000108, 10.547055244000035 ], [ 125.147390886000025, 10.546955645000024 ], [ 125.147528917000045, 10.546880676000059 ], [ 125.147773743000016, 10.546812057000068 ], [ 125.147941589000084, 10.546858787000076 ], [ 125.148223877000092, 10.546799660000032 ], [ 125.148506165000072, 10.546740532000058 ], [ 125.148788452000062, 10.546799660000032 ], [ 125.149070740000084, 10.546858787000078 ], [ 125.149406433000067, 10.546858787000074 ], [ 125.149696350000113, 10.546740532000056 ], [ 125.149917602000073, 10.546564102000046 ], [ 125.150093079000058, 10.546270370000059 ], [ 125.150102155, 10.54593504400003 ], [ 125.150244412000021, 10.545670851000068 ], [ 125.150497046000069, 10.545340101000022 ], [ 125.150690130000044, 10.54521265900007 ], [ 125.150939942000051, 10.545093536000023 ], [ 125.151222229000041, 10.545034408000049 ], [ 125.151557923000041, 10.545034408000049 ], [ 125.151840210000046, 10.544976234000044 ], [ 125.152041866000104, 10.544342498000049 ], [ 125.151977983000052, 10.543847707000054 ], [ 125.151824983000111, 10.543348706000074 ], [ 125.151786983000079, 10.542960707000077 ], [ 125.151893983000051, 10.542482707000033 ], [ 125.152198984000051, 10.541974707000064 ], [ 125.15263398400009, 10.541546707000064 ], [ 125.152961984000058, 10.541068707000022 ], [ 125.15297699000007, 10.540798187000062 ], [ 125.152875790000067, 10.540044555000065 ], [ 125.152687822000075, 10.539205211000022 ], [ 125.152257881000082, 10.538742008000041 ], [ 125.152000759000089, 10.53842569300002 ], [ 125.152925039000024, 10.537454247000028 ], [ 125.153015741000104, 10.536949115000027 ], [ 125.153533256000046, 10.536457530000064 ], [ 125.153823853000063, 10.536385536000067 ], [ 125.154429983000128, 10.536036707000052 ], [ 125.154694984000116, 10.536008707000065 ], [ 125.155192983, 10.535712707000073 ], [ 125.155408983000029, 10.535186707000037 ], [ 125.155554984000119, 10.535035707000079 ], [ 125.155471983000098, 10.534661707000051 ], [ 125.15566698300006, 10.534116707000067 ], [ 125.155912983, 10.534283707000045 ], [ 125.156025984000067, 10.534395706000053 ], [ 125.156442983000048, 10.534492706000036 ], [ 125.156642983000097, 10.534340707000069 ], [ 125.156847559000099, 10.534112552000066 ], [ 125.156834491000041, 10.533827481000062 ], [ 125.156997608000111, 10.533376694000026 ], [ 125.15722912800004, 10.533199634000027 ], [ 125.157427324000082, 10.533011832000057 ], [ 125.157889983000018, 10.532602875000064 ], [ 125.158032381000126, 10.532360615000073 ], [ 125.157944, 10.531653 ], [ 125.157924, 10.531495 ], [ 125.157826000000114, 10.530539 ], [ 125.157912, 10.530101999000065 ], [ 125.157960000000131, 10.529897 ], [ 125.158093, 10.529706 ], [ 125.158306344000039, 10.529523601000051 ], [ 125.158618518000026, 10.52938986100003 ], [ 125.158942174000117, 10.529313624000055 ], [ 125.15913900000011, 10.52911 ], [ 125.159269000000108, 10.529013 ], [ 125.159289, 10.52894 ], [ 125.159328, 10.528819 ], [ 125.159275, 10.528745 ], [ 125.159189, 10.528715999000044 ], [ 125.159089000000108, 10.528723 ], [ 125.158986, 10.528737999000045 ], [ 125.158830388000069, 10.528650074000041 ], [ 125.158627, 10.528581999000037 ], [ 125.158492, 10.528399 ], [ 125.158414000000121, 10.528275 ], [ 125.158322000000112, 10.528110999000035 ], [ 125.158211, 10.527909 ], [ 125.158127, 10.527858999000044 ], [ 125.157918000000109, 10.52780099900002 ], [ 125.157785000000104, 10.527759999000066 ], [ 125.157582, 10.52775 ], [ 125.15741, 10.52770299900004 ], [ 125.157245000000103, 10.527652 ], [ 125.157118, 10.527621 ], [ 125.156938, 10.527552 ], [ 125.156842000000111, 10.527543 ], [ 125.156764, 10.527546999000037 ], [ 125.156679, 10.527584 ], [ 125.156238, 10.527672 ], [ 125.156030000000101, 10.527659 ], [ 125.155847000000122, 10.527679 ], [ 125.155757000000122, 10.527695 ], [ 125.15565, 10.527742999000052 ], [ 125.155398000000105, 10.527812 ], [ 125.155171000000124, 10.527837999000042 ], [ 125.155001, 10.527885 ], [ 125.154971, 10.527903 ], [ 125.154368, 10.527922 ], [ 125.153221905, 10.527896603000045 ], [ 125.152534, 10.527749 ], [ 125.151771, 10.527767 ], [ 125.150963, 10.527484999000022 ], [ 125.150271, 10.527289999000059 ], [ 125.149712, 10.526947 ], [ 125.149165, 10.52679 ], [ 125.148875, 10.526591999000061 ], [ 125.148603000000108, 10.525847 ], [ 125.148135, 10.525356 ], [ 125.147721663000084, 10.525324991000048 ], [ 125.14741444000002, 10.525774010000019 ], [ 125.147268523000093, 10.526309678000073 ], [ 125.147063000000117, 10.527236999000023 ], [ 125.146682, 10.527425 ], [ 125.146375, 10.527209 ], [ 125.145915, 10.527052999000034 ], [ 125.145588, 10.527304 ], [ 125.145173000000128, 10.527346 ], [ 125.144644, 10.527107 ], [ 125.14429, 10.526953 ], [ 125.143751, 10.527215999000079 ], [ 125.143215, 10.527594 ], [ 125.142417, 10.527992 ], [ 125.141677, 10.528227 ], [ 125.140969, 10.528312 ], [ 125.1406, 10.528103 ], [ 125.139941, 10.527739 ], [ 125.13918, 10.527211 ], [ 125.138462537000024, 10.526871024000059 ], [ 125.137939, 10.526401 ], [ 125.137565000000123, 10.525713999000059 ], [ 125.137268, 10.52526499900006 ], [ 125.136842000000115, 10.524742 ], [ 125.136168000000112, 10.524094999000056 ], [ 125.135929, 10.52411499900006 ], [ 125.135760000000133, 10.524611 ], [ 125.135692186000028, 10.525332967000052 ], [ 125.135188, 10.526211 ], [ 125.134633784000016, 10.526549305000058 ], [ 125.133288433000075, 10.527138293000062 ], [ 125.1321886610001, 10.528385066000054 ], [ 125.131683142000057, 10.529013637000046 ], [ 125.130864242000044, 10.530006257000023 ], [ 125.130189661000031, 10.531033549000027 ], [ 125.129697, 10.531902 ], [ 125.129453, 10.532380999000054 ], [ 125.129784, 10.532774999000026 ], [ 125.130177531000086, 10.533704308000038 ], [ 125.1301710890001, 10.534798152000063 ], [ 125.130007208000066, 10.535531604000026 ], [ 125.129579575000108, 10.535708333000056 ], [ 125.129249834000021, 10.535802671000054 ], [ 125.128464957000105, 10.536104083000055 ], [ 125.127273560000049, 10.536357880000025 ], [ 125.125845595000115, 10.537196541000073 ], [ 125.125516857000079, 10.537747144000036 ], [ 125.125261839000018, 10.539350171000024 ], [ 125.125354043, 10.539865043000077 ], [ 125.125215150000031, 10.540622761000064 ], [ 125.12437386100008, 10.54078196200004 ], [ 125.124132807000038, 10.541189393000025 ], [ 125.124051134000069, 10.542209956000018 ], [ 125.123463332000014, 10.542159063000042 ], [ 125.122999252000113, 10.542370569000068 ], [ 125.123104493000028, 10.543170520000047 ], [ 125.123543, 10.543811 ], [ 125.123515758000053, 10.544955529000047 ], [ 125.123733, 10.545343 ], [ 125.123678828000052, 10.546106064000069 ], [ 125.123252657000094, 10.546997326000053 ], [ 125.123378865000063, 10.547621649000064 ], [ 125.123153687000013, 10.548491478000074 ], [ 125.122033945000126, 10.548694567000041 ], [ 125.121143075000063, 10.549709594000035 ], [ 125.120508781000012, 10.550964193000027 ], [ 125.119795468, 10.552010931000039 ], [ 125.119522728000106, 10.552648901000055 ], [ 125.118913037000084, 10.552642021000054 ], [ 125.118472909000047, 10.553116593000025 ], [ 125.117798666000112, 10.553395311000029 ], [ 125.117254351000042, 10.553223471000026 ], [ 125.116601823000124, 10.553436233000069 ], [ 125.116428306000103, 10.553996761000066 ], [ 125.116288565000104, 10.554633838000029 ], [ 125.116317486000071, 10.555620760000068 ], [ 125.115359924000018, 10.556614289000034 ], [ 125.115187529000082, 10.55733932800007 ], [ 125.114703353000095, 10.557858064000072 ], [ 125.114427712000065, 10.558769776000076 ], [ 125.114525, 10.559152 ], [ 125.11389722100013, 10.559925437000061 ], [ 125.113169485000071, 10.560489673000063 ], [ 125.113118861000089, 10.561191962000064 ], [ 125.112557686000059, 10.561798956000075 ], [ 125.112188988000085, 10.562996931000043 ], [ 125.112388611000029, 10.563533783000025 ], [ 125.11298394500011, 10.564049368000042 ], [ 125.112996507000048, 10.564373492000072 ], [ 125.112361, 10.564477 ], [ 125.111536664000027, 10.564865850000047 ], [ 125.111212096000045, 10.564997799000025 ], [ 125.111043877000043, 10.565421245000037 ], [ 125.111005348000049, 10.565570660000045 ], [ 125.110985871000025, 10.565647469000053 ], [ 125.111043877000043, 10.566047713000046 ], [ 125.111090282000077, 10.566407352000056 ], [ 125.111142488000056, 10.566598772000079 ], [ 125.111281703000046, 10.56699901500002 ], [ 125.111231800000041, 10.567173960000046 ], [ 125.111171491000036, 10.567312249000052 ], [ 125.111101884000036, 10.567434062000075 ], [ 125.110951067000087, 10.567834305000074 ], [ 125.111038202000046, 10.568942 ], [ 125.111038208000096, 10.568942070000048 ], [ 125.111038516, 10.568942025000069 ] ] ] ] } }
]
}
